[1788498375871] MA: device health battery=100 charging=true saver=false thermal=nominal
[1788498375872] MA: lifecycle foreground connected=false
[1788498375923] MA: surfaceCreated
[1788498375923] MA: surfaceChanged: 1264x2800
[1788498376052] MA: session ended kind=TRANSPORT_CLOSED retryable=true
[1788498376555] MA: session ended kind=TRANSPORT_CLOSED retryable=true
[1788498376985] MA: session ended kind=TRANSPORT_CLOSED retryable=true
[1788498377443] MA: session ended kind=TRANSPORT_CLOSED retryable=true
[1788498378001] MA: session ended kind=TRANSPORT_CLOSED retryable=true
[1788498378477] MA: session ended kind=TRANSPORT_CLOSED retryable=true
[1788498379083] MA: session ended kind=TRANSPORT_CLOSED retryable=true
[1788498379519] MA: session ended kind=TRANSPORT_CLOSED retryable=true
[1788498380123] MA: session ended kind=TRANSPORT_CLOSED retryable=true
[1788498380671] MA: session ended kind=TRANSPORT_CLOSED retryable=true
[1788498381178] MA: session ended kind=TRANSPORT_CLOSED retryable=true
[1788498381702] MA: session ended kind=TRANSPORT_CLOSED retryable=true
[1788498382248] MA: session ended kind=TRANSPORT_CLOSED retryable=true
[1788498382785] MA: session ended kind=TRANSPORT_CLOSED retryable=true
[1788498383304] MA: session ended kind=TRANSPORT_CLOSED retryable=true
[1788498383724] MA: session ended kind=TRANSPORT_CLOSED retryable=true
[1788498384286] MA: session ended kind=TRANSPORT_CLOSED retryable=true
[1788498384884] MA: session ended kind=TRANSPORT_CLOSED retryable=true
[1788498385370] MA: session ended kind=TRANSPORT_CLOSED retryable=true
[1788498385923] MA: session ended kind=TRANSPORT_CLOSED retryable=true
[1788498386358] MA: session ended kind=TRANSPORT_CLOSED retryable=true
[1788498386894] MA: device health battery=100 charging=true saver=false thermal=nominal
[1788498386895] MA: lifecycle foreground connected=false
[1788498386936] MA: surfaceCreated
[1788498386937] MA: surfaceChanged: 1264x2800
[1788498387067] MA: session ended kind=TRANSPORT_CLOSED retryable=true
[1788498387643] MA: session ended kind=TRANSPORT_CLOSED retryable=true
[1788498388214] MA: session ended kind=TRANSPORT_CLOSED retryable=true
[1788498388802] MA: session ended kind=TRANSPORT_CLOSED retryable=true
[1788498389369] MA: session ended kind=TRANSPORT_CLOSED retryable=true
[1788498389808] MA: session ended kind=TRANSPORT_CLOSED retryable=true
[1788498390341] MA: session ended kind=TRANSPORT_CLOSED retryable=true
[1788498390849] MA: session ended kind=TRANSPORT_CLOSED retryable=true
[1788498391438] MA: session ended kind=TRANSPORT_CLOSED retryable=true
[1788498391890] MA: session ended kind=TRANSPORT_CLOSED retryable=true
[1788498392341] MA: session ended kind=TRANSPORT_CLOSED retryable=true
[1788498392806] MA: session ended kind=TRANSPORT_CLOSED retryable=true
[1788498393268] MA: session ended kind=TRANSPORT_CLOSED retryable=true
[1788498393815] MA: session ended kind=TRANSPORT_CLOSED retryable=true
[1788498394263] MA: session ended kind=TRANSPORT_CLOSED retryable=true
[1788498394867] MA: session ended kind=TRANSPORT_CLOSED retryable=true
[1788498395402] MA: session ended kind=TRANSPORT_CLOSED retryable=true
[1788498395866] MA: session ended kind=TRANSPORT_CLOSED retryable=true
[1788498396401] MA: session ended kind=TRANSPORT_CLOSED retryable=true
[1788498396943] MA: session ended kind=TRANSPORT_CLOSED retryable=true
[1788498397509] MA: session ended kind=TRANSPORT_CLOSED retryable=true
[1788498397976] MA: session ended kind=TRANSPORT_CLOSED retryable=true
[1788498398514] MA: session ended kind=TRANSPORT_CLOSED retryable=true
[1788498399112] MA: session ended kind=TRANSPORT_CLOSED retryable=true
[1788498399579] MA: session ended kind=TRANSPORT_CLOSED retryable=true
[1788498400186] MA: session ended kind=TRANSPORT_CLOSED retryable=true
[1788498400619] MA: session ended kind=TRANSPORT_CLOSED retryable=true
[1788498401176] MA: session ended kind=TRANSPORT_CLOSED retryable=true
[1788498401777] MA: session ended kind=TRANSPORT_CLOSED retryable=true
[1788498402252] MA: session ended kind=TRANSPORT_CLOSED retryable=true
[1788498402705] MA: session ended kind=TRANSPORT_CLOSED retryable=true
[1788498403250] MA: session ended kind=TRANSPORT_CLOSED retryable=true
[1788498403870] MA: session ended kind=TRANSPORT_CLOSED retryable=true
[1788498404356] MA: session ended kind=TRANSPORT_CLOSED retryable=true
[1788498404948] MA: session ended kind=TRANSPORT_CLOSED retryable=true
[1788498405538] MA: session ended kind=TRANSPORT_CLOSED retryable=true
[1788498406045] MA: session ended kind=TRANSPORT_CLOSED retryable=true
[1788498406512] MA: session ended kind=TRANSPORT_CLOSED retryable=true
[1788498407067] MA: session ended kind=TRANSPORT_CLOSED retryable=true
[1788498407657] MA: session ended kind=TRANSPORT_CLOSED retryable=true
[1788498408172] MA: session ended kind=TRANSPORT_CLOSED retryable=true
[1788498408649] MA: session ended kind=TRANSPORT_CLOSED retryable=true
[1788498409108] MA: session ended kind=TRANSPORT_CLOSED retryable=true
[1788498409740] MA: session ended kind=TRANSPORT_CLOSED retryable=true
[1788498410259] MA: session ended kind=TRANSPORT_CLOSED retryable=true
[1788498410833] MA: session ended kind=TRANSPORT_CLOSED retryable=true
[1788498411348] MA: session ended kind=TRANSPORT_CLOSED retryable=true
[1788498411880] MA: session ended kind=TRANSPORT_CLOSED retryable=true
[1788498412457] MA: session ended kind=TRANSPORT_CLOSED retryable=true
[1788498413059] MA: session ended kind=TRANSPORT_CLOSED retryable=true
[1788498413670] MA: session ended kind=TRANSPORT_CLOSED retryable=true
[1788498414119] MA: session ended kind=TRANSPORT_CLOSED retryable=true
[1788498414694] MA: session ended kind=TRANSPORT_CLOSED retryable=true
[1788498415135] MA: session ended kind=TRANSPORT_CLOSED retryable=true
[1788498415732] MA: session ended kind=TRANSPORT_CLOSED retryable=true
[1788498416239] MA: session ended kind=TRANSPORT_CLOSED retryable=true
[1788498416659] MA: session ended kind=TRANSPORT_CLOSED retryable=true
[1788498417194] MA: session ended kind=TRANSPORT_CLOSED retryable=true
[1788498417655] MA: session ended kind=TRANSPORT_CLOSED retryable=true
[1788498418120] MA: session ended kind=TRANSPORT_CLOSED retryable=true
[1788498418555] MA: session ended kind=TRANSPORT_CLOSED retryable=true
[1788498419078] MA: session ended kind=TRANSPORT_CLOSED retryable=true
[1788498419650] MA: session ended kind=TRANSPORT_CLOSED retryable=true
[1788498420219] MA: session ended kind=TRANSPORT_CLOSED retryable=true
[1788498420739] MA: session ended kind=TRANSPORT_CLOSED retryable=true
[1788498421265] MA: session ended kind=TRANSPORT_CLOSED retryable=true
[1788498421771] MA: session ended kind=TRANSPORT_CLOSED retryable=true
[1788498422293] MA: session ended kind=TRANSPORT_CLOSED retryable=true
[1788498422800] MA: session ended kind=TRANSPORT_CLOSED retryable=true
[1788498423258] MA: session ended kind=TRANSPORT_CLOSED retryable=true
[1788498423772] MA: session ended kind=TRANSPORT_CLOSED retryable=true
[1788498424358] MA: session ended kind=TRANSPORT_CLOSED retryable=true
[1788498424831] MA: session ended kind=TRANSPORT_CLOSED retryable=true
[1788498425395] MA: session ended kind=TRANSPORT_CLOSED retryable=true
[1788498425881] MA: session ended kind=TRANSPORT_CLOSED retryable=true
[1788498426468] MA: session ended kind=TRANSPORT_CLOSED retryable=true
[1788498426908] MA: session ended kind=TRANSPORT_CLOSED retryable=true
[1788498427356] MA: session ended kind=TRANSPORT_CLOSED retryable=true
[1788498427831] MA: session ended kind=TRANSPORT_CLOSED retryable=true
[1788498428430] MA: session ended kind=TRANSPORT_CLOSED retryable=true
[1788498428898] MA: session ended kind=TRANSPORT_CLOSED retryable=true
[1788498429512] MA: session ended kind=TRANSPORT_CLOSED retryable=true
[1788498429961] MA: session ended kind=TRANSPORT_CLOSED retryable=true
[1788498430451] MA: session ended kind=TRANSPORT_CLOSED retryable=true
[1788498431059] MA: session ended kind=TRANSPORT_CLOSED retryable=true
[1788498431485] MA: session ended kind=TRANSPORT_CLOSED retryable=true
[1788498431990] MA: session ended kind=TRANSPORT_CLOSED retryable=true
[1788498432602] MA: session ended kind=TRANSPORT_CLOSED retryable=true
[1788498433088] MA: session ended kind=TRANSPORT_CLOSED retryable=true
[1788498433576] MA: session ended kind=TRANSPORT_CLOSED retryable=true
[1788498434117] MA: session ended kind=TRANSPORT_CLOSED retryable=true
[1788498434705] MA: session ended kind=TRANSPORT_CLOSED retryable=true
[1788498435280] MA: session ended kind=TRANSPORT_CLOSED retryable=true
[1788498435720] MA: session ended kind=TRANSPORT_CLOSED retryable=true
[1788498436182] MA: session ended kind=TRANSPORT_CLOSED retryable=true
[1788498436720] MA: session ended kind=TRANSPORT_CLOSED retryable=true
[1788498437331] MA: session ended kind=TRANSPORT_CLOSED retryable=true
[1788498437896] MA: session ended kind=TRANSPORT_CLOSED retryable=true
[1788498438387] MA: session ended kind=TRANSPORT_CLOSED retryable=true
[1788498438860] MA: session ended kind=TRANSPORT_CLOSED retryable=true
[1788498439448] MA: session ended kind=TRANSPORT_CLOSED retryable=true
[1788498439893] MA: session ended kind=TRANSPORT_CLOSED retryable=true
[1788498440436] MA: session ended kind=TRANSPORT_CLOSED retryable=true
[1788498441056] MA: session ended kind=TRANSPORT_CLOSED retryable=true
[1788498441528] MA: session ended kind=TRANSPORT_CLOSED retryable=true
[1788498441992] MA: session ended kind=TRANSPORT_CLOSED retryable=true
[1788498442412] MA: session ended kind=TRANSPORT_CLOSED retryable=true
[1788498442849] MA: session ended kind=TRANSPORT_CLOSED retryable=true
[1788498443297] MA: session ended kind=TRANSPORT_CLOSED retryable=true
[1788498443773] MA: session ended kind=TRANSPORT_CLOSED retryable=true
[1788498444261] MA: session ended kind=TRANSPORT_CLOSED retryable=true
[1788498444750] MA: session ended kind=TRANSPORT_CLOSED retryable=true
[1788498445283] MA: session ended kind=TRANSPORT_CLOSED retryable=true
[1788498445729] MA: session ended kind=TRANSPORT_CLOSED retryable=true
[1788498446219] MA: session ended kind=TRANSPORT_CLOSED retryable=true
[1788498446707] MA: session ended kind=TRANSPORT_CLOSED retryable=true
[1788498447318] MA: session ended kind=TRANSPORT_CLOSED retryable=true
[1788498447931] MA: session ended kind=TRANSPORT_CLOSED retryable=true
[1788498448412] MA: session ended kind=TRANSPORT_CLOSED retryable=true
[1788498448872] MA: session ended kind=TRANSPORT_CLOSED retryable=true
[1788498449480] MA: session ended kind=TRANSPORT_CLOSED retryable=true
[1788498450070] MA: session ended kind=TRANSPORT_CLOSED retryable=true
[1788498450530] MA: session ended kind=TRANSPORT_CLOSED retryable=true
[1788498451091] MA: session ended kind=TRANSPORT_CLOSED retryable=true
[1788498451596] MA: session ended kind=TRANSPORT_CLOSED retryable=true
[1788498452241] MA: session ended kind=TRANSPORT_CLOSED retryable=true
[1788498452856] MA: session ended kind=TRANSPORT_CLOSED retryable=true
[1788498453450] MA: session ended kind=TRANSPORT_CLOSED retryable=true
[1788498454066] MA: session ended kind=TRANSPORT_CLOSED retryable=true
[1788498454550] MA: session ended kind=TRANSPORT_CLOSED retryable=true
[1788498455129] MA: session ended kind=TRANSPORT_CLOSED retryable=true
[1788498455663] MA: session ended kind=TRANSPORT_CLOSED retryable=true
[1788498456083] MA: session ended kind=TRANSPORT_CLOSED retryable=true
[1788498456527] MA: session ended kind=TRANSPORT_CLOSED retryable=true
[1788498456951] MA: session ended kind=TRANSPORT_CLOSED retryable=true
[1788498457500] MA: session ended kind=TRANSPORT_CLOSED retryable=true
[1788498458042] MA: session ended kind=TRANSPORT_CLOSED retryable=true
[1788498458488] MA: session ended kind=TRANSPORT_CLOSED retryable=true
[1788498459009] MA: session ended kind=TRANSPORT_CLOSED retryable=true
[1788498459600] MA: session ended kind=TRANSPORT_CLOSED retryable=true
[1788498460111] MA: session ended kind=TRANSPORT_CLOSED retryable=true
[1788498460531] MA: session ended kind=TRANSPORT_CLOSED retryable=true
[1788498461063] MA: session ended kind=TRANSPORT_CLOSED retryable=true
[1788498461652] MA: session ended kind=TRANSPORT_CLOSED retryable=true
[1788498462180] MA: session ended kind=TRANSPORT_CLOSED retryable=true
[1788498462760] MA: session ended kind=TRANSPORT_CLOSED retryable=true
[1788498463291] MA: session ended kind=TRANSPORT_CLOSED retryable=true
[1788498463769] MA: session ended kind=TRANSPORT_CLOSED retryable=true
[1788498464226] MA: session ended kind=TRANSPORT_CLOSED retryable=true
[1788498464704] MA: session ended kind=TRANSPORT_CLOSED retryable=true
[1788498465212] MA: session ended kind=TRANSPORT_CLOSED retryable=true
[1788498465681] MA: session ended kind=TRANSPORT_CLOSED retryable=true
[1788498466287] MA: session ended kind=TRANSPORT_CLOSED retryable=true
[1788498466759] MA: session ended kind=TRANSPORT_CLOSED retryable=true
[1788498467274] MA: session ended kind=TRANSPORT_CLOSED retryable=true
[1788498467704] MA: session ended kind=TRANSPORT_CLOSED retryable=true
[1788498468174] MA: session ended kind=TRANSPORT_CLOSED retryable=true
[1788498468771] MA: session ended kind=TRANSPORT_CLOSED retryable=true
[1788498469360] MA: session ended kind=TRANSPORT_CLOSED retryable=true
[1788498469840] MA: session ended kind=TRANSPORT_CLOSED retryable=true
[1788498470368] MA: session ended kind=TRANSPORT_CLOSED retryable=true
[1788498470875] MA: session ended kind=TRANSPORT_CLOSED retryable=true
[1788498471461] MA: session ended kind=TRANSPORT_CLOSED retryable=true
[1788498472079] MA: session ended kind=TRANSPORT_CLOSED retryable=true
[1788498472589] MA: session ended kind=TRANSPORT_CLOSED retryable=true
[1788498473139] MA: session ended kind=TRANSPORT_CLOSED retryable=true
[1788498473680] MA: session ended kind=TRANSPORT_CLOSED retryable=true
[1788498474207] MA: session ended kind=TRANSPORT_CLOSED retryable=true
[1788498474767] MA: session ended kind=TRANSPORT_CLOSED retryable=true
[1788498475377] MA: session ended kind=TRANSPORT_CLOSED retryable=true
[1788498475820] MA: session ended kind=TRANSPORT_CLOSED retryable=true
[1788498476252] MA: session ended kind=TRANSPORT_CLOSED retryable=true
[1788498476744] MA: session ended kind=TRANSPORT_CLOSED retryable=true
[1788498477279] MA: session ended kind=TRANSPORT_CLOSED retryable=true
[1788498477703] MA: session ended kind=TRANSPORT_CLOSED retryable=true
[1788498478290] MA: session ended kind=TRANSPORT_CLOSED retryable=true
[1788498478718] MA: session ended kind=TRANSPORT_CLOSED retryable=true
[1788498479245] MA: session ended kind=TRANSPORT_CLOSED retryable=true
[1788498479853] MA: session ended kind=TRANSPORT_CLOSED retryable=true
[1788498480363] MA: session ended kind=TRANSPORT_CLOSED retryable=true
[1788498480940] MA: session ended kind=TRANSPORT_CLOSED retryable=true
[1788498481395] MA: session ended kind=TRANSPORT_CLOSED retryable=true
[1788498481852] MA: session ended kind=TRANSPORT_CLOSED retryable=true
[1788498482303] MA: session ended kind=TRANSPORT_CLOSED retryable=true
[1788498482813] MA: session ended kind=TRANSPORT_CLOSED retryable=true
[1788498483422] MA: session ended kind=TRANSPORT_CLOSED retryable=true
[1788498484047] MA: session ended kind=TRANSPORT_CLOSED retryable=true
[1788498484656] MA: session ended kind=TRANSPORT_CLOSED retryable=true
[1788498485123] MA: session ended kind=TRANSPORT_CLOSED retryable=true
[1788498485744] MA: session ended kind=TRANSPORT_CLOSED retryable=true
[1788498486194] MA: session ended kind=TRANSPORT_CLOSED retryable=true
[1788498486731] MA: session ended kind=TRANSPORT_CLOSED retryable=true
[1788498487242] MA: session ended kind=TRANSPORT_CLOSED retryable=true
[1788498487783] MA: session ended kind=TRANSPORT_CLOSED retryable=true
[1788498488311] MA: session ended kind=TRANSPORT_CLOSED retryable=true
[1788498488867] MA: session ended kind=TRANSPORT_CLOSED retryable=true
[1788498489312] MA: session ended kind=TRANSPORT_CLOSED retryable=true
[1788498489849] MA: session ended kind=TRANSPORT_CLOSED retryable=true
[1788498490338] MA: session ended kind=TRANSPORT_CLOSED retryable=true
[1788498490957] MA: session ended kind=TRANSPORT_CLOSED retryable=true
[1788498491435] MA: session ended kind=TRANSPORT_CLOSED retryable=true
[1788498491963] MA: session ended kind=TRANSPORT_CLOSED retryable=true
[1788498492521] MA: session ended kind=TRANSPORT_CLOSED retryable=true
[1788498493144] MA: session ended kind=TRANSPORT_CLOSED retryable=true
[1788498493739] MA: session ended kind=TRANSPORT_CLOSED retryable=true
[1788498494214] MA: session ended kind=TRANSPORT_CLOSED retryable=true
[1788498494780] MA: session ended kind=TRANSPORT_CLOSED retryable=true
[1788498495267] MA: session ended kind=TRANSPORT_CLOSED retryable=true
[1788498495788] MA: session ended kind=TRANSPORT_CLOSED retryable=true
[1788498496405] MA: session ended kind=TRANSPORT_CLOSED retryable=true
[1788498496885] MA: session ended kind=TRANSPORT_CLOSED retryable=true
[1788498497481] MA: session ended kind=TRANSPORT_CLOSED retryable=true
[1788498498025] MA: session ended kind=TRANSPORT_CLOSED retryable=true
[1788498498482] MA: session ended kind=TRANSPORT_CLOSED retryable=true
[1788498499074] MA: session ended kind=TRANSPORT_CLOSED retryable=true
[1788498499598] MA: session ended kind=TRANSPORT_CLOSED retryable=true
[1788498500113] MA: session ended kind=TRANSPORT_CLOSED retryable=true
[1788498500553] MA: session ended kind=TRANSPORT_CLOSED retryable=true
[1788498501170] MA: session ended kind=TRANSPORT_CLOSED retryable=true
[1788498501709] MA: session ended kind=TRANSPORT_CLOSED retryable=true
[1788498502302] MA: session ended kind=TRANSPORT_CLOSED retryable=true
[1788498502792] MA: session ended kind=TRANSPORT_CLOSED retryable=true
[1788498503377] MA: session ended kind=TRANSPORT_CLOSED retryable=true
[1788498503848] MA: session ended kind=TRANSPORT_CLOSED retryable=true
[1788498504280] MA: session ended kind=TRANSPORT_CLOSED retryable=true
[1788498504847] MA: session ended kind=TRANSPORT_CLOSED retryable=true
[1788498505389] MA: session ended kind=TRANSPORT_CLOSED retryable=true
[1788498505882] MA: session ended kind=TRANSPORT_CLOSED retryable=true
[1788498506433] MA: session ended kind=TRANSPORT_CLOSED retryable=true
[1788498507016] MA: session ended kind=TRANSPORT_CLOSED retryable=true
[1788498507579] MA: session ended kind=TRANSPORT_CLOSED retryable=true
[1788498508060] MA: session ended kind=TRANSPORT_CLOSED retryable=true
[1788498508483] MA: session ended kind=TRANSPORT_CLOSED retryable=true
[1788498508953] MA: session ended kind=TRANSPORT_CLOSED retryable=true
[1788498509434] MA: session ended kind=TRANSPORT_CLOSED retryable=true
[1788498509941] MA: session ended kind=TRANSPORT_CLOSED retryable=true
[1788498510511] MA: session ended kind=TRANSPORT_CLOSED retryable=true
[1788498511048] MA: session ended kind=TRANSPORT_CLOSED retryable=true
[1788498511479] MA: session ended kind=TRANSPORT_CLOSED retryable=true
[1788498512002] MA: session ended kind=TRANSPORT_CLOSED retryable=true
[1788498512478] MA: session ended kind=TRANSPORT_CLOSED retryable=true
[1788498513078] MA: session ended kind=TRANSPORT_CLOSED retryable=true
[1788498513508] MA: session ended kind=TRANSPORT_CLOSED retryable=true
[1788498513952] MA: session ended kind=TRANSPORT_CLOSED retryable=true
[1788498514412] MA: session ended kind=TRANSPORT_CLOSED retryable=true
[1788498515003] MA: session ended kind=TRANSPORT_CLOSED retryable=true
[1788498515451] MA: session ended kind=TRANSPORT_CLOSED retryable=true
[1788498516035] MA: session ended kind=TRANSPORT_CLOSED retryable=true
[1788498516508] MA: session ended kind=TRANSPORT_CLOSED retryable=true
[1788498517096] MA: session ended kind=TRANSPORT_CLOSED retryable=true
[1788498517526] MA: session ended kind=TRANSPORT_CLOSED retryable=true
[1788498517955] MA: session ended kind=TRANSPORT_CLOSED retryable=true
[1788498518530] MA: session ended kind=TRANSPORT_CLOSED retryable=true
[1788498519108] MA: session ended kind=TRANSPORT_CLOSED retryable=true
[1788498519615] MA: session ended kind=TRANSPORT_CLOSED retryable=true
[1788498520237] MA: session ended kind=TRANSPORT_CLOSED retryable=true
[1788498520667] MA: session ended kind=TRANSPORT_CLOSED retryable=true
[1788498521254] MA: session ended kind=TRANSPORT_CLOSED retryable=true
[1788498521820] MA: session ended kind=TRANSPORT_CLOSED retryable=true
[1788498522404] MA: session ended kind=TRANSPORT_CLOSED retryable=true
[1788498522965] MA: session ended kind=TRANSPORT_CLOSED retryable=true
[1788498523545] MA: session ended kind=TRANSPORT_CLOSED retryable=true
[1788498524086] MA: session ended kind=TRANSPORT_CLOSED retryable=true
[1788498524683] MA: session ended kind=TRANSPORT_CLOSED retryable=true
[1788498525224] MA: session ended kind=TRANSPORT_CLOSED retryable=true
[1788498525839] MA: session ended kind=TRANSPORT_CLOSED retryable=true
[1788498526287] MA: session ended kind=TRANSPORT_CLOSED retryable=true
[1788498526762] MA: session ended kind=TRANSPORT_CLOSED retryable=true
[1788498527275] MA: session ended kind=TRANSPORT_CLOSED retryable=true
[1788498527883] MA: session ended kind=TRANSPORT_CLOSED retryable=true
[1788498528328] MA: session ended kind=TRANSPORT_CLOSED retryable=true
[1788498528828] MA: session ended kind=TRANSPORT_CLOSED retryable=true
[1788498529471] MA: session ended kind=TRANSPORT_CLOSED retryable=true
[1788498529989] MA: session ended kind=TRANSPORT_CLOSED retryable=true
[1788498530534] MA: session ended kind=TRANSPORT_CLOSED retryable=true
[1788498530977] MA: session ended kind=TRANSPORT_CLOSED retryable=true
[1788498531464] MA: session ended kind=TRANSPORT_CLOSED retryable=true
[1788498531931] MA: session ended kind=TRANSPORT_CLOSED retryable=true
[1788498532518] MA: session ended kind=TRANSPORT_CLOSED retryable=true
[1788498533105] MA: session ended kind=TRANSPORT_CLOSED retryable=true
[1788498533604] MA: session ended kind=TRANSPORT_CLOSED retryable=true
[1788498534107] MA: session ended kind=TRANSPORT_CLOSED retryable=true
[1788498534547] MA: session ended kind=TRANSPORT_CLOSED retryable=true
[1788498535024] MA: session ended kind=TRANSPORT_CLOSED retryable=true
[1788498535516] MA: session ended kind=TRANSPORT_CLOSED retryable=true
[1788498536038] MA: session ended kind=TRANSPORT_CLOSED retryable=true
[1788498536619] MA: session ended kind=TRANSPORT_CLOSED retryable=true
[1788498537183] MA: session ended kind=TRANSPORT_CLOSED retryable=true
[1788498537722] MA: session ended kind=TRANSPORT_CLOSED retryable=true
[1788498538283] MA: session ended kind=TRANSPORT_CLOSED retryable=true
[1788498538747] MA: session ended kind=TRANSPORT_CLOSED retryable=true
[1788498539308] MA: session ended kind=TRANSPORT_CLOSED retryable=true
[1788498539811] MA: session ended kind=TRANSPORT_CLOSED retryable=true
[1788498540389] MA: session ended kind=TRANSPORT_CLOSED retryable=true
[1788498540882] MA: session ended kind=TRANSPORT_CLOSED retryable=true
[1788498541516] MA: session ended kind=TRANSPORT_CLOSED retryable=true
[1788498542014] MA: session ended kind=TRANSPORT_CLOSED retryable=true
[1788498542526] MA: session ended kind=TRANSPORT_CLOSED retryable=true
[1788498543143] MA: session ended kind=TRANSPORT_CLOSED retryable=true
[1788498543699] MA: session ended kind=TRANSPORT_CLOSED retryable=true
[1788498544261] MA: session ended kind=TRANSPORT_CLOSED retryable=true
[1788498544716] MA: session ended kind=TRANSPORT_CLOSED retryable=true
[1788498545234] MA: session ended kind=TRANSPORT_CLOSED retryable=true
[1788498545674] MA: session ended kind=TRANSPORT_CLOSED retryable=true
[1788498546101] MA: session ended kind=TRANSPORT_CLOSED retryable=true
[1788498546547] MA: session ended kind=TRANSPORT_CLOSED retryable=true
[1788498547128] MA: session ended kind=TRANSPORT_CLOSED retryable=true
[1788498547549] MA: session ended kind=TRANSPORT_CLOSED retryable=true
[1788498548095] MA: session ended kind=TRANSPORT_CLOSED retryable=true
[1788498548625] MA: session ended kind=TRANSPORT_CLOSED retryable=true
[1788498549068] MA: session ended kind=TRANSPORT_CLOSED retryable=true
[1788498549602] MA: session ended kind=TRANSPORT_CLOSED retryable=true
[1788498550215] MA: session ended kind=TRANSPORT_CLOSED retryable=true
[1788498550728] MA: session ended kind=TRANSPORT_CLOSED retryable=true
[1788498551142] MA: session ended kind=TRANSPORT_CLOSED retryable=true
[1788498551665] MA: session ended kind=TRANSPORT_CLOSED retryable=true
[1788498552219] MA: session ended kind=TRANSPORT_CLOSED retryable=true
[1788498552816] MA: session ended kind=TRANSPORT_CLOSED retryable=true
[1788498553372] MA: session ended kind=TRANSPORT_CLOSED retryable=true
[1788498553963] MA: session ended kind=TRANSPORT_CLOSED retryable=true
[1788498554451] MA: session ended kind=TRANSPORT_CLOSED retryable=true
[1788498555056] MA: session ended kind=TRANSPORT_CLOSED retryable=true
[1788498555562] MA: session ended kind=TRANSPORT_CLOSED retryable=true
[1788498556064] MA: session ended kind=TRANSPORT_CLOSED retryable=true
[1788498556627] MA: session ended kind=TRANSPORT_CLOSED retryable=true
[1788498557059] MA: session ended kind=TRANSPORT_CLOSED retryable=true
[1788498557587] MA: session ended kind=TRANSPORT_CLOSED retryable=true
[1788498558199] MA: session ended kind=TRANSPORT_CLOSED retryable=true
[1788498558774] MA: session ended kind=TRANSPORT_CLOSED retryable=true
[1788498559382] MA: session ended kind=TRANSPORT_CLOSED retryable=true
[1788498559907] MA: session ended kind=TRANSPORT_CLOSED retryable=true
[1788498560419] MA: session ended kind=TRANSPORT_CLOSED retryable=true
[1788498560887] MA: session ended kind=TRANSPORT_CLOSED retryable=true
[1788498561383] MA: session ended kind=TRANSPORT_CLOSED retryable=true
[1788498561846] MA: session ended kind=TRANSPORT_CLOSED retryable=true
[1788498562416] MA: session ended kind=TRANSPORT_CLOSED retryable=true
[1788498562852] MA: session ended kind=TRANSPORT_CLOSED retryable=true
[1788498563278] MA: session ended kind=TRANSPORT_CLOSED retryable=true
[1788498563800] MA: session ended kind=TRANSPORT_CLOSED retryable=true
[1788498564257] MA: session ended kind=TRANSPORT_CLOSED retryable=true
[1788498564718] MA: session ended kind=TRANSPORT_CLOSED retryable=true
[1788498565276] MA: session ended kind=TRANSPORT_CLOSED retryable=true
[1788498565859] MA: session ended kind=TRANSPORT_CLOSED retryable=true
[1788498566415] MA: session ended kind=TRANSPORT_CLOSED retryable=true
[1788498567025] MA: session ended kind=TRANSPORT_CLOSED retryable=true
[1788498567588] MA: session ended kind=TRANSPORT_CLOSED retryable=true
[1788498568188] MA: session ended kind=TRANSPORT_CLOSED retryable=true
[1788498568642] MA: session ended kind=TRANSPORT_CLOSED retryable=true
[1788498569107] MA: session ended kind=TRANSPORT_CLOSED retryable=true
[1788498569644] MA: session ended kind=TRANSPORT_CLOSED retryable=true
[1788498570110] MA: session ended kind=TRANSPORT_CLOSED retryable=true
[1788498570653] MA: session ended kind=TRANSPORT_CLOSED retryable=true
[1788498571205] MA: session ended kind=TRANSPORT_CLOSED retryable=true
[1788498571701] MA: session ended kind=TRANSPORT_CLOSED retryable=true
[1788498572249] MA: session ended kind=TRANSPORT_CLOSED retryable=true
[1788498572713] MA: session ended kind=TRANSPORT_CLOSED retryable=true
[1788498573247] MA: session ended kind=TRANSPORT_CLOSED retryable=true
[1788498573781] MA: session ended kind=TRANSPORT_CLOSED retryable=true
[1788498574202] MA: session ended kind=TRANSPORT_CLOSED retryable=true
[1788498574801] MA: session ended kind=TRANSPORT_CLOSED retryable=true
[1788498575292] MA: session ended kind=TRANSPORT_CLOSED retryable=true
[1788498575841] MA: session ended kind=TRANSPORT_CLOSED retryable=true
[1788498576303] MA: session ended kind=TRANSPORT_CLOSED retryable=true
[1788498576898] MA: session ended kind=TRANSPORT_CLOSED retryable=true
[1788498577419] MA: session ended kind=TRANSPORT_CLOSED retryable=true
[1788498577866] MA: session ended kind=TRANSPORT_CLOSED retryable=true
[1788498578297] MA: session ended kind=TRANSPORT_CLOSED retryable=true
[1788498578829] MA: session ended kind=TRANSPORT_CLOSED retryable=true
[1788498579398] MA: session ended kind=TRANSPORT_CLOSED retryable=true
[1788498579909] MA: session ended kind=TRANSPORT_CLOSED retryable=true
[1788498580494] MA: session ended kind=TRANSPORT_CLOSED retryable=true
[1788498581013] MA: session ended kind=TRANSPORT_CLOSED retryable=true
[1788498581522] MA: session ended kind=TRANSPORT_CLOSED retryable=true
[1788498582028] MA: session ended kind=TRANSPORT_CLOSED retryable=true
[1788498582542] MA: session ended kind=TRANSPORT_CLOSED retryable=true
[1788498583176] MA: session ended kind=TRANSPORT_CLOSED retryable=true
[1788498583761] MA: session ended kind=TRANSPORT_CLOSED retryable=true
[1788498584344] MA: session ended kind=TRANSPORT_CLOSED retryable=true
[1788498584799] MA: session ended kind=TRANSPORT_CLOSED retryable=true
[1788498585251] MA: session ended kind=TRANSPORT_CLOSED retryable=true
[1788498585673] MA: session ended kind=TRANSPORT_CLOSED retryable=true
[1788498586211] MA: session ended kind=TRANSPORT_CLOSED retryable=true
[1788498586692] MA: session ended kind=TRANSPORT_CLOSED retryable=true
[1788498587229] MA: session ended kind=TRANSPORT_CLOSED retryable=true
[1788498587714] MA: session ended kind=TRANSPORT_CLOSED retryable=true
[1788498588189] MA: session ended kind=TRANSPORT_CLOSED retryable=true
[1788498588750] MA: session ended kind=TRANSPORT_CLOSED retryable=true
[1788498589334] MA: session ended kind=TRANSPORT_CLOSED retryable=true
[1788498589925] MA: session ended kind=TRANSPORT_CLOSED retryable=true
[1788498590483] MA: session ended kind=TRANSPORT_CLOSED retryable=true
[1788498590963] MA: session ended kind=TRANSPORT_CLOSED retryable=true
[1788498591422] MA: session ended kind=TRANSPORT_CLOSED retryable=true
[1788498591970] MA: session ended kind=TRANSPORT_CLOSED retryable=true
[1788498592541] MA: session ended kind=TRANSPORT_CLOSED retryable=true
[1788498592981] MA: session ended kind=TRANSPORT_CLOSED retryable=true
[1788498593558] MA: session ended kind=TRANSPORT_CLOSED retryable=true
[1788498594108] MA: session ended kind=TRANSPORT_CLOSED retryable=true
[1788498594677] MA: session ended kind=TRANSPORT_CLOSED retryable=true
[1788498595261] MA: session ended kind=TRANSPORT_CLOSED retryable=true
[1788498595715] MA: session ended kind=TRANSPORT_CLOSED retryable=true
[1788498596219] MA: session ended kind=TRANSPORT_CLOSED retryable=true
[1788498596690] MA: session ended kind=TRANSPORT_CLOSED retryable=true
[1788498597275] MA: session ended kind=TRANSPORT_CLOSED retryable=true
[1788498597890] MA: session ended kind=TRANSPORT_CLOSED retryable=true
[1788498598427] MA: session ended kind=TRANSPORT_CLOSED retryable=true
[1788498599008] MA: session ended kind=TRANSPORT_CLOSED retryable=true
[1788498599518] MA: session ended kind=TRANSPORT_CLOSED retryable=true
[1788498600012] MA: session ended kind=TRANSPORT_CLOSED retryable=true
[1788498600595] MA: session ended kind=TRANSPORT_CLOSED retryable=true
[1788498601186] MA: session ended kind=TRANSPORT_CLOSED retryable=true
[1788498601673] MA: session ended kind=TRANSPORT_CLOSED retryable=true
[1788498602113] MA: session ended kind=TRANSPORT_CLOSED retryable=true
[1788498602675] MA: session ended kind=TRANSPORT_CLOSED retryable=true
[1788498603181] MA: session ended kind=TRANSPORT_CLOSED retryable=true
[1788498603715] MA: session ended kind=TRANSPORT_CLOSED retryable=true
[1788498604304] MA: session ended kind=TRANSPORT_CLOSED retryable=true
[1788498604800] MA: session ended kind=TRANSPORT_CLOSED retryable=true
[1788498605345] MA: session ended kind=TRANSPORT_CLOSED retryable=true
[1788498605870] MA: session ended kind=TRANSPORT_CLOSED retryable=true
[1788498606377] MA: session ended kind=TRANSPORT_CLOSED retryable=true
[1788498606967] MA: session ended kind=TRANSPORT_CLOSED retryable=true
[1788498607428] MA: session ended kind=TRANSPORT_CLOSED retryable=true
[1788498607880] MA: session ended kind=TRANSPORT_CLOSED retryable=true
[1788498608364] MA: session ended kind=TRANSPORT_CLOSED retryable=true
[1788498608843] MA: session ended kind=TRANSPORT_CLOSED retryable=true
[1788498609356] MA: session ended kind=TRANSPORT_CLOSED retryable=true
[1788498609815] MA: session ended kind=TRANSPORT_CLOSED retryable=true
[1788498610398] MA: session ended kind=TRANSPORT_CLOSED retryable=true
[1788498610962] MA: session ended kind=TRANSPORT_CLOSED retryable=true
[1788498611523] MA: session ended kind=TRANSPORT_CLOSED retryable=true
[1788498612035] MA: session ended kind=TRANSPORT_CLOSED retryable=true
[1788498612614] MA: session ended kind=TRANSPORT_CLOSED retryable=true
[1788498613078] MA: session ended kind=TRANSPORT_CLOSED retryable=true
[1788498613522] MA: session ended kind=TRANSPORT_CLOSED retryable=true
[1788498614036] MA: session ended kind=TRANSPORT_CLOSED retryable=true
[1788498614480] MA: session ended kind=TRANSPORT_CLOSED retryable=true
[1788498614913] MA: session ended kind=TRANSPORT_CLOSED retryable=true
[1788498615451] MA: session ended kind=TRANSPORT_CLOSED retryable=true
[1788498615900] MA: session ended kind=TRANSPORT_CLOSED retryable=true
[1788498616332] MA: session ended kind=TRANSPORT_CLOSED retryable=true
[1788498616891] MA: session ended kind=TRANSPORT_CLOSED retryable=true
[1788498617442] MA: session ended kind=TRANSPORT_CLOSED retryable=true
[1788498617996] MA: session ended kind=TRANSPORT_CLOSED retryable=true
[1788498618511] MA: session ended kind=TRANSPORT_CLOSED retryable=true
[1788498618957] MA: session ended kind=TRANSPORT_CLOSED retryable=true
[1788498619573] MA: session ended kind=TRANSPORT_CLOSED retryable=true
[1788498620095] MA: session ended kind=TRANSPORT_CLOSED retryable=true
[1788498620623] MA: session ended kind=TRANSPORT_CLOSED retryable=true
[1788498621121] MA: session ended kind=TRANSPORT_CLOSED retryable=true
[1788498621670] MA: session ended kind=TRANSPORT_CLOSED retryable=true
[1788498622224] MA: session ended kind=TRANSPORT_CLOSED retryable=true
[1788498622821] MA: session ended kind=TRANSPORT_CLOSED retryable=true
[1788498623347] MA: session ended kind=TRANSPORT_CLOSED retryable=true
[1788498623939] MA: session ended kind=TRANSPORT_CLOSED retryable=true
[1788498624524] MA: session ended kind=TRANSPORT_CLOSED retryable=true
[1788498624951] MA: session ended kind=TRANSPORT_CLOSED retryable=true
[1788498625476] MA: session ended kind=TRANSPORT_CLOSED retryable=true
[1788498626093] MA: session ended kind=TRANSPORT_CLOSED retryable=true
[1788498626541] MA: session ended kind=TRANSPORT_CLOSED retryable=true
[1788498626972] MA: session ended kind=TRANSPORT_CLOSED retryable=true
[1788498627496] MA: session ended kind=TRANSPORT_CLOSED retryable=true
[1788498627930] MA: session ended kind=TRANSPORT_CLOSED retryable=true
[1788498628454] MA: session ended kind=TRANSPORT_CLOSED retryable=true
[1788498628896] MA: session ended kind=TRANSPORT_CLOSED retryable=true
[1788498629460] MA: session ended kind=TRANSPORT_CLOSED retryable=true
[1788498630027] MA: session ended kind=TRANSPORT_CLOSED retryable=true
[1788498630653] MA: session ended kind=TRANSPORT_CLOSED retryable=true
[1788498631242] MA: session ended kind=TRANSPORT_CLOSED retryable=true
[1788498631664] MA: session ended kind=TRANSPORT_CLOSED retryable=true
[1788498632124] MA: session ended kind=TRANSPORT_CLOSED retryable=true
[1788498632583] MA: session ended kind=TRANSPORT_CLOSED retryable=true
[1788498633127] MA: session ended kind=TRANSPORT_CLOSED retryable=true
[1788498633563] MA: session ended kind=TRANSPORT_CLOSED retryable=true
[1788498634053] MA: session ended kind=TRANSPORT_CLOSED retryable=true
[1788498634573] MA: session ended kind=TRANSPORT_CLOSED retryable=true
[1788498635194] MA: session ended kind=TRANSPORT_CLOSED retryable=true
[1788498635749] MA: session ended kind=TRANSPORT_CLOSED retryable=true
[1788498636180] MA: session ended kind=TRANSPORT_CLOSED retryable=true
[1788498636802] MA: session ended kind=TRANSPORT_CLOSED retryable=true
[1788498637260] MA: session ended kind=TRANSPORT_CLOSED retryable=true
[1788498637694] MA: session ended kind=TRANSPORT_CLOSED retryable=true
[1788498638210] MA: session ended kind=TRANSPORT_CLOSED retryable=true
[1788498638664] MA: session ended kind=TRANSPORT_CLOSED retryable=true
[1788498639195] MA: session ended kind=TRANSPORT_CLOSED retryable=true
[1788498639762] MA: session ended kind=TRANSPORT_CLOSED retryable=true
[1788498640328] MA: session ended kind=TRANSPORT_CLOSED retryable=true
[1788498640795] MA: session ended kind=TRANSPORT_CLOSED retryable=true
[1788498641309] MA: session ended kind=TRANSPORT_CLOSED retryable=true
[1788498641931] MA: session ended kind=TRANSPORT_CLOSED retryable=true
[1788498642419] MA: session ended kind=TRANSPORT_CLOSED retryable=true
[1788498643017] MA: session ended kind=TRANSPORT_CLOSED retryable=true
[1788498643565] MA: session ended kind=TRANSPORT_CLOSED retryable=true
[1788498644126] MA: session ended kind=TRANSPORT_CLOSED retryable=true
[1788498644689] MA: session ended kind=TRANSPORT_CLOSED retryable=true
[1788498645284] MA: session ended kind=TRANSPORT_CLOSED retryable=true
[1788498645853] MA: session ended kind=TRANSPORT_CLOSED retryable=true
[1788498646357] MA: session ended kind=TRANSPORT_CLOSED retryable=true
[1788498646926] MA: session ended kind=TRANSPORT_CLOSED retryable=true
[1788498647456] MA: session ended kind=TRANSPORT_CLOSED retryable=true
[1788498647880] MA: session ended kind=TRANSPORT_CLOSED retryable=true
[1788498648404] MA: session ended kind=TRANSPORT_CLOSED retryable=true
[1788498648883] MA: session ended kind=TRANSPORT_CLOSED retryable=true
[1788498649451] MA: session ended kind=TRANSPORT_CLOSED retryable=true
[1788498649927] MA: session ended kind=TRANSPORT_CLOSED retryable=true
[1788498650379] MA: session ended kind=TRANSPORT_CLOSED retryable=true
[1788498650958] MA: session ended kind=TRANSPORT_CLOSED retryable=true
[1788498651553] MA: session ended kind=TRANSPORT_CLOSED retryable=true
[1788498652110] MA: session ended kind=TRANSPORT_CLOSED retryable=true
[1788498652564] MA: session ended kind=TRANSPORT_CLOSED retryable=true
[1788498653203] MA: session ended kind=TRANSPORT_CLOSED retryable=true
[1788498653716] MA: session ended kind=TRANSPORT_CLOSED retryable=true
[1788498654252] MA: session ended kind=TRANSPORT_CLOSED retryable=true
[1788498654747] MA: session ended kind=TRANSPORT_CLOSED retryable=true
[1788498655202] MA: session ended kind=TRANSPORT_CLOSED retryable=true
[1788498655689] MA: session ended kind=TRANSPORT_CLOSED retryable=true
[1788498656266] MA: session ended kind=TRANSPORT_CLOSED retryable=true
[1788498656754] MA: session ended kind=TRANSPORT_CLOSED retryable=true
[1788498657174] MA: session ended kind=TRANSPORT_CLOSED retryable=true
[1788498657603] MA: session ended kind=TRANSPORT_CLOSED retryable=true
[1788498658055] MA: session ended kind=TRANSPORT_CLOSED retryable=true
[1788498658611] MA: session ended kind=TRANSPORT_CLOSED retryable=true
[1788498659197] MA: session ended kind=TRANSPORT_CLOSED retryable=true
[1788498659803] MA: session ended kind=TRANSPORT_CLOSED retryable=true
[1788498660376] MA: session ended kind=TRANSPORT_CLOSED retryable=true
[1788498660922] MA: session ended kind=TRANSPORT_CLOSED retryable=true
[1788498661391] MA: session ended kind=TRANSPORT_CLOSED retryable=true
[1788498661919] MA: session ended kind=TRANSPORT_CLOSED retryable=true
[1788498662539] MA: session ended kind=TRANSPORT_CLOSED retryable=true
[1788498662964] MA: session ended kind=TRANSPORT_CLOSED retryable=true
[1788498663525] MA: session ended kind=TRANSPORT_CLOSED retryable=true
[1788498664022] MA: session ended kind=TRANSPORT_CLOSED retryable=true
[1788498664522] MA: session ended kind=TRANSPORT_CLOSED retryable=true
[1788498664965] MA: session ended kind=TRANSPORT_CLOSED retryable=true
[1788498665412] MA: session ended kind=TRANSPORT_CLOSED retryable=true
[1788498665887] MA: session ended kind=TRANSPORT_CLOSED retryable=true
[1788498666424] MA: session ended kind=TRANSPORT_CLOSED retryable=true
[1788498666886] MA: session ended kind=TRANSPORT_CLOSED retryable=true
[1788498667345] MA: session ended kind=TRANSPORT_CLOSED retryable=true
[1788498667833] MA: session ended kind=TRANSPORT_CLOSED retryable=true
[1788498668373] MA: session ended kind=TRANSPORT_CLOSED retryable=true
[1788498668841] MA: session ended kind=TRANSPORT_CLOSED retryable=true
[1788498669303] MA: session ended kind=TRANSPORT_CLOSED retryable=true
[1788498669890] MA: session ended kind=TRANSPORT_CLOSED retryable=true
[1788498670490] MA: session ended kind=TRANSPORT_CLOSED retryable=true
[1788498671100] MA: session ended kind=TRANSPORT_CLOSED retryable=true
[1788498671608] MA: session ended kind=TRANSPORT_CLOSED retryable=true
[1788498672131] MA: session ended kind=TRANSPORT_CLOSED retryable=true
[1788498672586] MA: session ended kind=TRANSPORT_CLOSED retryable=true
[1788498673015] MA: session ended kind=TRANSPORT_CLOSED retryable=true
[1788498673491] MA: session ended kind=TRANSPORT_CLOSED retryable=true
[1788498674065] MA: session ended kind=TRANSPORT_CLOSED retryable=true
[1788498674521] MA: session ended kind=TRANSPORT_CLOSED retryable=true
[1788498675132] MA: session ended kind=TRANSPORT_CLOSED retryable=true
[1788498675615] MA: session ended kind=TRANSPORT_CLOSED retryable=true
[1788498676172] MA: session ended kind=TRANSPORT_CLOSED retryable=true
[1788498676785] MA: session ended kind=TRANSPORT_CLOSED retryable=true
[1788498677319] MA: session ended kind=TRANSPORT_CLOSED retryable=true
[1788498677842] MA: session ended kind=TRANSPORT_CLOSED retryable=true
[1788498678362] MA: session ended kind=TRANSPORT_CLOSED retryable=true
[1788498678912] MA: session ended kind=TRANSPORT_CLOSED retryable=true
[1788498679496] MA: session ended kind=TRANSPORT_CLOSED retryable=true
[1788498680107] MA: session ended kind=TRANSPORT_CLOSED retryable=true
[1788498680574] MA: session ended kind=TRANSPORT_CLOSED retryable=true
[1788498681136] MA: session ended kind=TRANSPORT_CLOSED retryable=true
[1788498681604] MA: session ended kind=TRANSPORT_CLOSED retryable=true
[1788498682155] MA: session ended kind=TRANSPORT_CLOSED retryable=true
[1788498682635] MA: session ended kind=TRANSPORT_CLOSED retryable=true
[1788498683243] MA: session ended kind=TRANSPORT_CLOSED retryable=true
[1788498683758] MA: session ended kind=TRANSPORT_CLOSED retryable=true
[1788498684174] MA: session ended kind=TRANSPORT_CLOSED retryable=true
[1788498684708] MA: session ended kind=TRANSPORT_CLOSED retryable=true
[1788498685320] MA: session ended kind=TRANSPORT_CLOSED retryable=true
[1788498685842] MA: session ended kind=TRANSPORT_CLOSED retryable=true
[1788498686296] MA: session ended kind=TRANSPORT_CLOSED retryable=true
[1788498686848] MA: session ended kind=TRANSPORT_CLOSED retryable=true
[1788498687327] MA: session ended kind=TRANSPORT_CLOSED retryable=true
[1788498687843] MA: session ended kind=TRANSPORT_CLOSED retryable=true
[1788498688399] MA: session ended kind=TRANSPORT_CLOSED retryable=true
[1788498688852] MA: session ended kind=TRANSPORT_CLOSED retryable=true
[1788498689444] MA: session ended kind=TRANSPORT_CLOSED retryable=true
[1788498689871] MA: session ended kind=TRANSPORT_CLOSED retryable=true
[1788498690447] MA: session ended kind=TRANSPORT_CLOSED retryable=true
[1788498690980] MA: session ended kind=TRANSPORT_CLOSED retryable=true
[1788498691620] MA: session ended kind=TRANSPORT_CLOSED retryable=true
[1788498692167] MA: session ended kind=TRANSPORT_CLOSED retryable=true
[1788498692626] MA: session ended kind=TRANSPORT_CLOSED retryable=true
[1788498693203] MA: session ended kind=TRANSPORT_CLOSED retryable=true
[1788498693656] MA: session ended kind=TRANSPORT_CLOSED retryable=true
[1788498694182] MA: session ended kind=TRANSPORT_CLOSED retryable=true
[1788498694706] MA: session ended kind=TRANSPORT_CLOSED retryable=true
[1788498695229] MA: session ended kind=TRANSPORT_CLOSED retryable=true
[1788498695682] MA: session ended kind=TRANSPORT_CLOSED retryable=true
[1788498696294] MA: session ended kind=TRANSPORT_CLOSED retryable=true
[1788498696761] MA: session ended kind=TRANSPORT_CLOSED retryable=true
[1788498697201] MA: session ended kind=TRANSPORT_CLOSED retryable=true
[1788498697655] MA: session ended kind=TRANSPORT_CLOSED retryable=true
[1788498698134] MA: session ended kind=TRANSPORT_CLOSED retryable=true
[1788498698611] MA: session ended kind=TRANSPORT_CLOSED retryable=true
[1788498699097] MA: session ended kind=TRANSPORT_CLOSED retryable=true
[1788498699563] MA: session ended kind=TRANSPORT_CLOSED retryable=true
[1788498700171] MA: session ended kind=TRANSPORT_CLOSED retryable=true
[1788498700720] MA: session ended kind=TRANSPORT_CLOSED retryable=true
[1788498701146] MA: session ended kind=TRANSPORT_CLOSED retryable=true
[1788498701576] MA: session ended kind=TRANSPORT_CLOSED retryable=true
[1788498702049] MA: session ended kind=TRANSPORT_CLOSED retryable=true
[1788498702639] MA: session ended kind=TRANSPORT_CLOSED retryable=true
[1788498703121] MA: session ended kind=TRANSPORT_CLOSED retryable=true
[1788498703597] MA: session ended kind=TRANSPORT_CLOSED retryable=true
[1788498704195] MA: session ended kind=TRANSPORT_CLOSED retryable=true
[1788498704759] MA: session ended kind=TRANSPORT_CLOSED retryable=true
[1788498705337] MA: session ended kind=TRANSPORT_CLOSED retryable=true
[1788498705927] MA: session ended kind=TRANSPORT_CLOSED retryable=true
[1788498706492] MA: session ended kind=TRANSPORT_CLOSED retryable=true
[1788498706972] MA: session ended kind=TRANSPORT_CLOSED retryable=true
[1788498707402] MA: session ended kind=TRANSPORT_CLOSED retryable=true
[1788498707843] MA: session ended kind=TRANSPORT_CLOSED retryable=true
[1788498708420] MA: session ended kind=TRANSPORT_CLOSED retryable=true
[1788498708935] MA: session ended kind=TRANSPORT_CLOSED retryable=true
[1788498709379] MA: session ended kind=TRANSPORT_CLOSED retryable=true
[1788498709891] MA: session ended kind=TRANSPORT_CLOSED retryable=true
[1788498710386] MA: session ended kind=TRANSPORT_CLOSED retryable=true
[1788498710919] MA: session ended kind=TRANSPORT_CLOSED retryable=true
[1788498711359] MA: session ended kind=TRANSPORT_CLOSED retryable=true
[1788498711955] MA: session ended kind=TRANSPORT_CLOSED retryable=true
[1788498712441] MA: session ended kind=TRANSPORT_CLOSED retryable=true
[1788498713034] MA: session ended kind=TRANSPORT_CLOSED retryable=true
[1788498713521] MA: session ended kind=TRANSPORT_CLOSED retryable=true
[1788498713991] MA: session ended kind=TRANSPORT_CLOSED retryable=true
[1788498714571] MA: session ended kind=TRANSPORT_CLOSED retryable=true
[1788498715054] MA: session ended kind=TRANSPORT_CLOSED retryable=true
[1788498715576] MA: session ended kind=TRANSPORT_CLOSED retryable=true
[1788498716054] MA: session ended kind=TRANSPORT_CLOSED retryable=true
[1788498716537] MA: session ended kind=TRANSPORT_CLOSED retryable=true
[1788498716985] MA: session ended kind=TRANSPORT_CLOSED retryable=true
[1788498717458] MA: session ended kind=TRANSPORT_CLOSED retryable=true
[1788498717954] MA: session ended kind=TRANSPORT_CLOSED retryable=true
[1788498718491] MA: session ended kind=TRANSPORT_CLOSED retryable=true
[1788498718965] MA: session ended kind=TRANSPORT_CLOSED retryable=true
[1788498719455] MA: session ended kind=TRANSPORT_CLOSED retryable=true
[1788498719971] MA: session ended kind=TRANSPORT_CLOSED retryable=true
[1788498720538] MA: session ended kind=TRANSPORT_CLOSED retryable=true
[1788498721044] MA: session ended kind=TRANSPORT_CLOSED retryable=true
[1788498721537] MA: session ended kind=TRANSPORT_CLOSED retryable=true
[1788498721967] MA: session ended kind=TRANSPORT_CLOSED retryable=true
[1788498722465] MA: session ended kind=TRANSPORT_CLOSED retryable=true
[1788498722956] MA: session ended kind=TRANSPORT_CLOSED retryable=true
[1788498723539] MA: session ended kind=TRANSPORT_CLOSED retryable=true
[1788498724003] MA: session ended kind=TRANSPORT_CLOSED retryable=true
[1788498724497] MA: session ended kind=TRANSPORT_CLOSED retryable=true
[1788498725000] MA: session ended kind=TRANSPORT_CLOSED retryable=true
[1788498725460] MA: session ended kind=TRANSPORT_CLOSED retryable=true
[1788498725890] MA: session ended kind=TRANSPORT_CLOSED retryable=true
[1788498726456] MA: session ended kind=TRANSPORT_CLOSED retryable=true
[1788498726965] MA: session ended kind=TRANSPORT_CLOSED retryable=true
[1788498727496] MA: session ended kind=TRANSPORT_CLOSED retryable=true
[1788498728103] MA: session ended kind=TRANSPORT_CLOSED retryable=true
[1788498728680] MA: session ended kind=TRANSPORT_CLOSED retryable=true
[1788498729293] MA: session ended kind=TRANSPORT_CLOSED retryable=true
[1788498729755] MA: session ended kind=TRANSPORT_CLOSED retryable=true
[1788498730243] MA: session ended kind=TRANSPORT_CLOSED retryable=true
[1788498730796] MA: session ended kind=TRANSPORT_CLOSED retryable=true
[1788498731272] MA: session ended kind=TRANSPORT_CLOSED retryable=true
[1788498731798] MA: session ended kind=TRANSPORT_CLOSED retryable=true
[1788498732419] MA: session ended kind=TRANSPORT_CLOSED retryable=true
[1788498732919] MA: session ended kind=TRANSPORT_CLOSED retryable=true
[1788498733491] MA: session ended kind=TRANSPORT_CLOSED retryable=true
[1788498733972] MA: session ended kind=TRANSPORT_CLOSED retryable=true
[1788498734440] MA: session ended kind=TRANSPORT_CLOSED retryable=true
[1788498735035] MA: session ended kind=TRANSPORT_CLOSED retryable=true
[1788498735579] MA: session ended kind=TRANSPORT_CLOSED retryable=true
[1788498736040] MA: session ended kind=TRANSPORT_CLOSED retryable=true
[1788498736470] MA: session ended kind=TRANSPORT_CLOSED retryable=true
[1788498736997] MA: session ended kind=TRANSPORT_CLOSED retryable=true
[1788498737460] MA: session ended kind=TRANSPORT_CLOSED retryable=true
[1788498738077] MA: session ended kind=TRANSPORT_CLOSED retryable=true
[1788498738550] MA: session ended kind=TRANSPORT_CLOSED retryable=true
[1788498739091] MA: session ended kind=TRANSPORT_CLOSED retryable=true
[1788498739520] MA: session ended kind=TRANSPORT_CLOSED retryable=true
[1788498739956] MA: session ended kind=TRANSPORT_CLOSED retryable=true
[1788498740492] MA: session ended kind=TRANSPORT_CLOSED retryable=true
[1788498741032] MA: session ended kind=TRANSPORT_CLOSED retryable=true
[1788498741488] MA: session ended kind=TRANSPORT_CLOSED retryable=true
[1788498742015] MA: session ended kind=TRANSPORT_CLOSED retryable=true
[1788498742432] MA: session ended kind=TRANSPORT_CLOSED retryable=true
[1788498742920] MA: session ended kind=TRANSPORT_CLOSED retryable=true
[1788498743402] MA: session ended kind=TRANSPORT_CLOSED retryable=true
[1788498743835] MA: session ended kind=TRANSPORT_CLOSED retryable=true
[1788498744259] MA: session ended kind=TRANSPORT_CLOSED retryable=true
[1788498744842] MA: session ended kind=TRANSPORT_CLOSED retryable=true
[1788498745472] MA: session ended kind=TRANSPORT_CLOSED retryable=true
[1788498746019] MA: session ended kind=TRANSPORT_CLOSED retryable=true
[1788498746471] MA: session ended kind=TRANSPORT_CLOSED retryable=true
[1788498747064] MA: session ended kind=TRANSPORT_CLOSED retryable=true
[1788498747571] MA: session ended kind=TRANSPORT_CLOSED retryable=true
[1788498748096] MA: session ended kind=TRANSPORT_CLOSED retryable=true
[1788498748666] MA: session ended kind=TRANSPORT_CLOSED retryable=true
[1788498749094] MA: session ended kind=TRANSPORT_CLOSED retryable=true
[1788498749540] MA: session ended kind=TRANSPORT_CLOSED retryable=true
[1788498750070] MA: session ended kind=TRANSPORT_CLOSED retryable=true
[1788498750588] MA: session ended kind=TRANSPORT_CLOSED retryable=true
[1788498751126] MA: session ended kind=TRANSPORT_CLOSED retryable=true
[1788498751667] MA: session ended kind=TRANSPORT_CLOSED retryable=true
[1788498752276] MA: session ended kind=TRANSPORT_CLOSED retryable=true
[1788498752802] MA: session ended kind=TRANSPORT_CLOSED retryable=true
[1788498753338] MA: session ended kind=TRANSPORT_CLOSED retryable=true
[1788498753806] MA: session ended kind=TRANSPORT_CLOSED retryable=true
[1788498754394] MA: session ended kind=TRANSPORT_CLOSED retryable=true
[1788498754909] MA: session ended kind=TRANSPORT_CLOSED retryable=true
[1788498755476] MA: session ended kind=TRANSPORT_CLOSED retryable=true
[1788498756076] MA: session ended kind=TRANSPORT_CLOSED retryable=true
[1788498756649] MA: session ended kind=TRANSPORT_CLOSED retryable=true
[1788498757143] MA: session ended kind=TRANSPORT_CLOSED retryable=true
[1788498757679] MA: session ended kind=TRANSPORT_CLOSED retryable=true
[1788498758210] MA: session ended kind=TRANSPORT_CLOSED retryable=true
[1788498758723] MA: session ended kind=TRANSPORT_CLOSED retryable=true
[1788498759144] MA: session ended kind=TRANSPORT_CLOSED retryable=true
[1788498759763] MA: session ended kind=TRANSPORT_CLOSED retryable=true
[1788498760274] MA: session ended kind=TRANSPORT_CLOSED retryable=true
[1788498760784] MA: session ended kind=TRANSPORT_CLOSED retryable=true
[1788498761298] MA: session ended kind=TRANSPORT_CLOSED retryable=true
[1788498761741] MA: session ended kind=TRANSPORT_CLOSED retryable=true
[1788498762330] MA: session ended kind=TRANSPORT_CLOSED retryable=true
[1788498762776] MA: session ended kind=TRANSPORT_CLOSED retryable=true
[1788498763204] MA: session ended kind=TRANSPORT_CLOSED retryable=true
[1788498763754] MA: session ended kind=TRANSPORT_CLOSED retryable=true
[1788498764172] MA: session ended kind=TRANSPORT_CLOSED retryable=true
[1788498764715] MA: session ended kind=TRANSPORT_CLOSED retryable=true
[1788498765183] MA: session ended kind=TRANSPORT_CLOSED retryable=true
[1788498765758] MA: session ended kind=TRANSPORT_CLOSED retryable=true
[1788498766179] MA: session ended kind=TRANSPORT_CLOSED retryable=true
[1788498766773] MA: session ended kind=TRANSPORT_CLOSED retryable=true
[1788498767267] MA: session ended kind=TRANSPORT_CLOSED retryable=true
[1788498767807] MA: session ended kind=TRANSPORT_CLOSED retryable=true
[1788498768370] MA: session ended kind=TRANSPORT_CLOSED retryable=true
[1788498768869] MA: session ended kind=TRANSPORT_CLOSED retryable=true
[1788498769479] MA: session ended kind=TRANSPORT_CLOSED retryable=true
[1788498770028] MA: session ended kind=TRANSPORT_CLOSED retryable=true
[1788498770659] MA: session ended kind=TRANSPORT_CLOSED retryable=true
[1788498771126] MA: session ended kind=TRANSPORT_CLOSED retryable=true
[1788498771627] MA: session ended kind=TRANSPORT_CLOSED retryable=true
[1788498772158] MA: session ended kind=TRANSPORT_CLOSED retryable=true
[1788498772632] MA: session ended kind=TRANSPORT_CLOSED retryable=true
[1788498773244] MA: session ended kind=TRANSPORT_CLOSED retryable=true
[1788498773833] MA: session ended kind=TRANSPORT_CLOSED retryable=true
[1788498774412] MA: session ended kind=TRANSPORT_CLOSED retryable=true
[1788498774888] MA: session ended kind=TRANSPORT_CLOSED retryable=true
[1788498775525] MA: session ended kind=TRANSPORT_CLOSED retryable=true
[1788498776142] MA: session ended kind=TRANSPORT_CLOSED retryable=true
[1788498776649] MA: session ended kind=TRANSPORT_CLOSED retryable=true
[1788498777163] MA: session ended kind=TRANSPORT_CLOSED retryable=true
[1788498777664] MA: session ended kind=TRANSPORT_CLOSED retryable=true
[1788498778262] MA: session ended kind=TRANSPORT_CLOSED retryable=true
[1788498778756] MA: session ended kind=TRANSPORT_CLOSED retryable=true
[1788498779299] MA: session ended kind=TRANSPORT_CLOSED retryable=true
[1788498779854] MA: session ended kind=TRANSPORT_CLOSED retryable=true
[1788498780426] MA: session ended kind=TRANSPORT_CLOSED retryable=true
[1788498781047] MA: session ended kind=TRANSPORT_CLOSED retryable=true
[1788498781499] MA: session ended kind=TRANSPORT_CLOSED retryable=true
[1788498781968] MA: session ended kind=TRANSPORT_CLOSED retryable=true
[1788498782394] MA: session ended kind=TRANSPORT_CLOSED retryable=true
[1788498782873] MA: session ended kind=TRANSPORT_CLOSED retryable=true
[1788498783441] MA: session ended kind=TRANSPORT_CLOSED retryable=true
[1788498783901] MA: session ended kind=TRANSPORT_CLOSED retryable=true
[1788498784338] MA: session ended kind=TRANSPORT_CLOSED retryable=true
[1788498784772] MA: session ended kind=TRANSPORT_CLOSED retryable=true
[1788498785209] MA: session ended kind=TRANSPORT_CLOSED retryable=true
[1788498785728] MA: session ended kind=TRANSPORT_CLOSED retryable=true
[1788498786272] MA: session ended kind=TRANSPORT_CLOSED retryable=true
[1788498786843] MA: session ended kind=TRANSPORT_CLOSED retryable=true
[1788498787403] MA: session ended kind=TRANSPORT_CLOSED retryable=true
[1788498787987] MA: session ended kind=TRANSPORT_CLOSED retryable=true
[1788498788451] MA: session ended kind=TRANSPORT_CLOSED retryable=true
[1788498789066] MA: session ended kind=TRANSPORT_CLOSED retryable=true
[1788498789527] MA: session ended kind=TRANSPORT_CLOSED retryable=true
[1788498790090] MA: session ended kind=TRANSPORT_CLOSED retryable=true
[1788498790579] MA: session ended kind=TRANSPORT_CLOSED retryable=true
[1788498791027] MA: session ended kind=TRANSPORT_CLOSED retryable=true
[1788498791537] MA: session ended kind=TRANSPORT_CLOSED retryable=true
[1788498792055] MA: session ended kind=TRANSPORT_CLOSED retryable=true
[1788498792562] MA: session ended kind=TRANSPORT_CLOSED retryable=true
[1788498793028] MA: session ended kind=TRANSPORT_CLOSED retryable=true
[1788498793497] MA: session ended kind=TRANSPORT_CLOSED retryable=true
[1788498794134] MA: session ended kind=TRANSPORT_CLOSED retryable=true
[1788498794611] MA: session ended kind=TRANSPORT_CLOSED retryable=true
[1788498795194] MA: session ended kind=TRANSPORT_CLOSED retryable=true
[1788498795809] MA: session ended kind=TRANSPORT_CLOSED retryable=true
[1788498796241] MA: session ended kind=TRANSPORT_CLOSED retryable=true
[1788498796671] MA: session ended kind=TRANSPORT_CLOSED retryable=true
[1788498797222] MA: session ended kind=TRANSPORT_CLOSED retryable=true
[1788498797748] MA: session ended kind=TRANSPORT_CLOSED retryable=true
[1788498798296] MA: session ended kind=TRANSPORT_CLOSED retryable=true
[1788498798838] MA: session ended kind=TRANSPORT_CLOSED retryable=true
[1788498799379] MA: session ended kind=TRANSPORT_CLOSED retryable=true
[1788498799939] MA: session ended kind=TRANSPORT_CLOSED retryable=true
[1788498800413] MA: session ended kind=TRANSPORT_CLOSED retryable=true
[1788498800992] MA: session ended kind=TRANSPORT_CLOSED retryable=true
[1788498801603] MA: session ended kind=TRANSPORT_CLOSED retryable=true
[1788498802160] MA: session ended kind=TRANSPORT_CLOSED retryable=true
[1788498802605] MA: session ended kind=TRANSPORT_CLOSED retryable=true
[1788498803150] MA: session ended kind=TRANSPORT_CLOSED retryable=true
[1788498803601] MA: session ended kind=TRANSPORT_CLOSED retryable=true
[1788498804130] MA: session ended kind=TRANSPORT_CLOSED retryable=true
[1788498804726] MA: session ended kind=TRANSPORT_CLOSED retryable=true
[1788498805252] MA: session ended kind=TRANSPORT_CLOSED retryable=true
[1788498805820] MA: session ended kind=TRANSPORT_CLOSED retryable=true
[1788498806349] MA: session ended kind=TRANSPORT_CLOSED retryable=true
[1788498806843] MA: session ended kind=TRANSPORT_CLOSED retryable=true
[1788498807438] MA: session ended kind=TRANSPORT_CLOSED retryable=true
[1788498807941] MA: session ended kind=TRANSPORT_CLOSED retryable=true
[1788498808388] MA: session ended kind=TRANSPORT_CLOSED retryable=true
[1788498808955] MA: session ended kind=TRANSPORT_CLOSED retryable=true
[1788498809425] MA: session ended kind=TRANSPORT_CLOSED retryable=true
[1788498809912] MA: session ended kind=TRANSPORT_CLOSED retryable=true
[1788498810375] MA: session ended kind=TRANSPORT_CLOSED retryable=true
[1788498810907] MA: session ended kind=TRANSPORT_CLOSED retryable=true
[1788498811451] MA: session ended kind=TRANSPORT_CLOSED retryable=true
[1788498811969] MA: session ended kind=TRANSPORT_CLOSED retryable=true
[1788498812423] MA: session ended kind=TRANSPORT_CLOSED retryable=true
[1788498813041] MA: session ended kind=TRANSPORT_CLOSED retryable=true
[1788498813557] MA: session ended kind=TRANSPORT_CLOSED retryable=true
[1788498814141] MA: session ended kind=TRANSPORT_CLOSED retryable=true
[1788498814734] MA: session ended kind=TRANSPORT_CLOSED retryable=true
[1788498815197] MA: session ended kind=TRANSPORT_CLOSED retryable=true
[1788498815740] MA: session ended kind=TRANSPORT_CLOSED retryable=true
[1788498816344] MA: session ended kind=TRANSPORT_CLOSED retryable=true
[1788498816829] MA: session ended kind=TRANSPORT_CLOSED retryable=true
[1788498817358] MA: session ended kind=TRANSPORT_CLOSED retryable=true
[1788498817922] MA: session ended kind=TRANSPORT_CLOSED retryable=true
[1788498818533] MA: session ended kind=TRANSPORT_CLOSED retryable=true
[1788498819014] MA: session ended kind=TRANSPORT_CLOSED retryable=true
[1788498819509] MA: session ended kind=TRANSPORT_CLOSED retryable=true
[1788498819933] MA: session ended kind=TRANSPORT_CLOSED retryable=true
[1788498820491] MA: session ended kind=TRANSPORT_CLOSED retryable=true
[1788498820980] MA: session ended kind=TRANSPORT_CLOSED retryable=true
[1788498821440] MA: session ended kind=TRANSPORT_CLOSED retryable=true
[1788498822044] MA: session ended kind=TRANSPORT_CLOSED retryable=true
[1788498822492] MA: session ended kind=TRANSPORT_CLOSED retryable=true
[1788498822994] MA: session ended kind=TRANSPORT_CLOSED retryable=true
[1788498823586] MA: session ended kind=TRANSPORT_CLOSED retryable=true
[1788498824085] MA: session ended kind=TRANSPORT_CLOSED retryable=true
[1788498824531] MA: session ended kind=TRANSPORT_CLOSED retryable=true
[1788498825067] MA: session ended kind=TRANSPORT_CLOSED retryable=true
[1788498825570] MA: session ended kind=TRANSPORT_CLOSED retryable=true
[1788498826084] MA: session ended kind=TRANSPORT_CLOSED retryable=true
[1788498826709] MA: session ended kind=TRANSPORT_CLOSED retryable=true
[1788498827154] MA: session ended kind=TRANSPORT_CLOSED retryable=true
[1788498827662] MA: session ended kind=TRANSPORT_CLOSED retryable=true
[1788498828203] MA: session ended kind=TRANSPORT_CLOSED retryable=true
[1788498828756] MA: session ended kind=TRANSPORT_CLOSED retryable=true
[1788498829193] MA: session ended kind=TRANSPORT_CLOSED retryable=true
[1788498829771] MA: session ended kind=TRANSPORT_CLOSED retryable=true
[1788498830240] MA: session ended kind=TRANSPORT_CLOSED retryable=true
[1788498830759] MA: session ended kind=TRANSPORT_CLOSED retryable=true
[1788498831199] MA: session ended kind=TRANSPORT_CLOSED retryable=true
[1788498831747] MA: session ended kind=TRANSPORT_CLOSED retryable=true
[1788498832338] MA: session ended kind=TRANSPORT_CLOSED retryable=true
[1788498832851] MA: session ended kind=TRANSPORT_CLOSED retryable=true
[1788498833368] MA: session ended kind=TRANSPORT_CLOSED retryable=true
[1788498833871] MA: session ended kind=TRANSPORT_CLOSED retryable=true
[1788498834463] MA: session ended kind=TRANSPORT_CLOSED retryable=true
[1788498834972] MA: session ended kind=TRANSPORT_CLOSED retryable=true
[1788498835420] MA: session ended kind=TRANSPORT_CLOSED retryable=true
[1788498835894] MA: session ended kind=TRANSPORT_CLOSED retryable=true
[1788498836344] MA: session ended kind=TRANSPORT_CLOSED retryable=true
[1788498836924] MA: session ended kind=TRANSPORT_CLOSED retryable=true
[1788498837547] MA: session ended kind=TRANSPORT_CLOSED retryable=true
[1788498837980] MA: session ended kind=TRANSPORT_CLOSED retryable=true
[1788498838526] MA: session ended kind=TRANSPORT_CLOSED retryable=true
[1788498839034] MA: session ended kind=TRANSPORT_CLOSED retryable=true
[1788498839478] MA: session ended kind=TRANSPORT_CLOSED retryable=true
[1788498839973] MA: session ended kind=TRANSPORT_CLOSED retryable=true
[1788498840532] MA: session ended kind=TRANSPORT_CLOSED retryable=true
[1788498841129] MA: session ended kind=TRANSPORT_CLOSED retryable=true
[1788498841731] MA: session ended kind=TRANSPORT_CLOSED retryable=true
[1788498842292] MA: session ended kind=TRANSPORT_CLOSED retryable=true
[1788498842827] MA: session ended kind=TRANSPORT_CLOSED retryable=true
[1788498843355] MA: session ended kind=TRANSPORT_CLOSED retryable=true
[1788498843933] MA: session ended kind=TRANSPORT_CLOSED retryable=true
[1788498844397] MA: session ended kind=TRANSPORT_CLOSED retryable=true
[1788498844958] MA: session ended kind=TRANSPORT_CLOSED retryable=true
[1788498845403] MA: session ended kind=TRANSPORT_CLOSED retryable=true
[1788498846008] MA: session ended kind=TRANSPORT_CLOSED retryable=true
[1788498846608] MA: session ended kind=TRANSPORT_CLOSED retryable=true
[1788498847025] MA: session ended kind=TRANSPORT_CLOSED retryable=true
[1788498847638] MA: session ended kind=TRANSPORT_CLOSED retryable=true
[1788498848113] MA: session ended kind=TRANSPORT_CLOSED retryable=true
[1788498848553] MA: session ended kind=TRANSPORT_CLOSED retryable=true
[1788498849008] MA: session ended kind=TRANSPORT_CLOSED retryable=true
[1788498849557] MA: session ended kind=TRANSPORT_CLOSED retryable=true
[1788498850139] MA: session ended kind=TRANSPORT_CLOSED retryable=true
[1788498850759] MA: session ended kind=TRANSPORT_CLOSED retryable=true
[1788498851321] MA: session ended kind=TRANSPORT_CLOSED retryable=true
[1788498851761] MA: session ended kind=TRANSPORT_CLOSED retryable=true
[1788498852235] MA: session ended kind=TRANSPORT_CLOSED retryable=true
[1788498852822] MA: session ended kind=TRANSPORT_CLOSED retryable=true
[1788498853414] MA: session ended kind=TRANSPORT_CLOSED retryable=true
[1788498853839] MA: session ended kind=TRANSPORT_CLOSED retryable=true
[1788498854355] MA: session ended kind=TRANSPORT_CLOSED retryable=true
[1788498854815] MA: session ended kind=TRANSPORT_CLOSED retryable=true
[1788498855371] MA: session ended kind=TRANSPORT_CLOSED retryable=true
[1788498855896] MA: session ended kind=TRANSPORT_CLOSED retryable=true
[1788498856512] MA: session ended kind=TRANSPORT_CLOSED retryable=true
[1788498857128] MA: session ended kind=TRANSPORT_CLOSED retryable=true
[1788498857734] MA: session ended kind=TRANSPORT_CLOSED retryable=true
[1788498858226] MA: session ended kind=TRANSPORT_CLOSED retryable=true
[1788498858822] MA: session ended kind=TRANSPORT_CLOSED retryable=true
[1788498859394] MA: session ended kind=TRANSPORT_CLOSED retryable=true
[1788498859840] MA: session ended kind=TRANSPORT_CLOSED retryable=true
[1788498860337] MA: session ended kind=TRANSPORT_CLOSED retryable=true
[1788498860821] MA: session ended kind=TRANSPORT_CLOSED retryable=true
[1788498861355] MA: session ended kind=TRANSPORT_CLOSED retryable=true
[1788498861892] MA: session ended kind=TRANSPORT_CLOSED retryable=true
[1788498862488] MA: session ended kind=TRANSPORT_CLOSED retryable=true
[1788498862936] MA: session ended kind=TRANSPORT_CLOSED retryable=true
[1788498863379] MA: session ended kind=TRANSPORT_CLOSED retryable=true
[1788498863808] MA: session ended kind=TRANSPORT_CLOSED retryable=true
[1788498864286] MA: session ended kind=TRANSPORT_CLOSED retryable=true
[1788498864778] MA: session ended kind=TRANSPORT_CLOSED retryable=true
[1788498865393] MA: session ended kind=TRANSPORT_CLOSED retryable=true
[1788498865892] MA: session ended kind=TRANSPORT_CLOSED retryable=true
[1788498866444] MA: session ended kind=TRANSPORT_CLOSED retryable=true
[1788498867025] MA: session ended kind=TRANSPORT_CLOSED retryable=true
[1788498867538] MA: session ended kind=TRANSPORT_CLOSED retryable=true
[1788498868011] MA: session ended kind=TRANSPORT_CLOSED retryable=true
[1788498868640] MA: session ended kind=TRANSPORT_CLOSED retryable=true
[1788498869176] MA: session ended kind=TRANSPORT_CLOSED retryable=true
[1788498869725] MA: session ended kind=TRANSPORT_CLOSED retryable=true
[1788498870276] MA: session ended kind=TRANSPORT_CLOSED retryable=true
[1788498870746] MA: session ended kind=TRANSPORT_CLOSED retryable=true
[1788498871174] MA: session ended kind=TRANSPORT_CLOSED retryable=true
[1788498871758] MA: session ended kind=TRANSPORT_CLOSED retryable=true
[1788498872320] MA: session ended kind=TRANSPORT_CLOSED retryable=true
[1788498872904] MA: session ended kind=TRANSPORT_CLOSED retryable=true
[1788498873380] MA: session ended kind=TRANSPORT_CLOSED retryable=true
[1788498873818] MA: session ended kind=TRANSPORT_CLOSED retryable=true
[1788498874251] MA: session ended kind=TRANSPORT_CLOSED retryable=true
[1788498874832] MA: session ended kind=TRANSPORT_CLOSED retryable=true
[1788498875436] MA: session ended kind=TRANSPORT_CLOSED retryable=true
[1788498875914] MA: session ended kind=TRANSPORT_CLOSED retryable=true
[1788498876448] MA: session ended kind=TRANSPORT_CLOSED retryable=true
[1788498877003] MA: session ended kind=TRANSPORT_CLOSED retryable=true
[1788498877539] MA: session ended kind=TRANSPORT_CLOSED retryable=true
[1788498877987] MA: session ended kind=TRANSPORT_CLOSED retryable=true
[1788498878550] MA: session ended kind=TRANSPORT_CLOSED retryable=true
[1788498878997] MA: session ended kind=TRANSPORT_CLOSED retryable=true
[1788498879544] MA: session ended kind=TRANSPORT_CLOSED retryable=true
[1788498880139] MA: session ended kind=TRANSPORT_CLOSED retryable=true
[1788498880595] MA: session ended kind=TRANSPORT_CLOSED retryable=true
[1788498881170] MA: session ended kind=TRANSPORT_CLOSED retryable=true
[1788498881697] MA: session ended kind=TRANSPORT_CLOSED retryable=true
[1788498882141] MA: session ended kind=TRANSPORT_CLOSED retryable=true
[1788498882620] MA: session ended kind=TRANSPORT_CLOSED retryable=true
[1788498883230] MA: session ended kind=TRANSPORT_CLOSED retryable=true
[1788498883827] MA: session ended kind=TRANSPORT_CLOSED retryable=true
[1788498884434] MA: session ended kind=TRANSPORT_CLOSED retryable=true
[1788498885019] MA: session ended kind=TRANSPORT_CLOSED retryable=true
[1788498885546] MA: session ended kind=TRANSPORT_CLOSED retryable=true
[1788498886137] MA: session ended kind=TRANSPORT_CLOSED retryable=true
[1788498886739] MA: session ended kind=TRANSPORT_CLOSED retryable=true
[1788498887234] MA: session ended kind=TRANSPORT_CLOSED retryable=true
[1788498887748] MA: session ended kind=TRANSPORT_CLOSED retryable=true
[1788498888199] MA: session ended kind=TRANSPORT_CLOSED retryable=true
[1788498888735] MA: session ended kind=TRANSPORT_CLOSED retryable=true
[1788498889275] MA: session ended kind=TRANSPORT_CLOSED retryable=true
[1788498889878] MA: session ended kind=TRANSPORT_CLOSED retryable=true
[1788498890411] MA: session ended kind=TRANSPORT_CLOSED retryable=true
[1788498890992] MA: session ended kind=TRANSPORT_CLOSED retryable=true
[1788498891579] MA: session ended kind=TRANSPORT_CLOSED retryable=true
[1788498892068] MA: session ended kind=TRANSPORT_CLOSED retryable=true
[1788498892636] MA: session ended kind=TRANSPORT_CLOSED retryable=true
[1788498893245] MA: session ended kind=TRANSPORT_CLOSED retryable=true
[1788498893712] MA: session ended kind=TRANSPORT_CLOSED retryable=true
[1788498894208] MA: session ended kind=TRANSPORT_CLOSED retryable=true
[1788498894727] MA: session ended kind=TRANSPORT_CLOSED retryable=true
[1788498895293] MA: session ended kind=TRANSPORT_CLOSED retryable=true
[1788498895719] MA: session ended kind=TRANSPORT_CLOSED retryable=true
[1788498896242] MA: session ended kind=TRANSPORT_CLOSED retryable=true
[1788498896796] MA: session ended kind=TRANSPORT_CLOSED retryable=true
[1788498897310] MA: session ended kind=TRANSPORT_CLOSED retryable=true
[1788498897782] MA: session ended kind=TRANSPORT_CLOSED retryable=true
[1788498898379] MA: session ended kind=TRANSPORT_CLOSED retryable=true
[1788498898803] MA: session ended kind=TRANSPORT_CLOSED retryable=true
[1788498899243] MA: session ended kind=TRANSPORT_CLOSED retryable=true
[1788498899781] MA: session ended kind=TRANSPORT_CLOSED retryable=true
[1788498900236] MA: session ended kind=TRANSPORT_CLOSED retryable=true
[1788498900823] MA: session ended kind=TRANSPORT_CLOSED retryable=true
[1788498901369] MA: session ended kind=TRANSPORT_CLOSED retryable=true
[1788498901984] MA: session ended kind=TRANSPORT_CLOSED retryable=true
[1788498902476] MA: session ended kind=TRANSPORT_CLOSED retryable=true
[1788498903087] MA: session ended kind=TRANSPORT_CLOSED retryable=true
[1788498903553] MA: session ended kind=TRANSPORT_CLOSED retryable=true
[1788498904107] MA: session ended kind=TRANSPORT_CLOSED retryable=true
[1788498904556] MA: session ended kind=TRANSPORT_CLOSED retryable=true
[1788498905132] MA: session ended kind=TRANSPORT_CLOSED retryable=true
[1788498905598] MA: session ended kind=TRANSPORT_CLOSED retryable=true
[1788498906120] MA: session ended kind=TRANSPORT_CLOSED retryable=true
[1788498906708] MA: session ended kind=TRANSPORT_CLOSED retryable=true
[1788498907234] MA: session ended kind=TRANSPORT_CLOSED retryable=true
[1788498907689] MA: session ended kind=TRANSPORT_CLOSED retryable=true
[1788498908238] MA: session ended kind=TRANSPORT_CLOSED retryable=true
[1788498908706] MA: session ended kind=TRANSPORT_CLOSED retryable=true
[1788498909165] MA: session ended kind=TRANSPORT_CLOSED retryable=true
[1788498909738] MA: session ended kind=TRANSPORT_CLOSED retryable=true
[1788498910233] MA: session ended kind=TRANSPORT_CLOSED retryable=true
[1788498910731] MA: session ended kind=TRANSPORT_CLOSED retryable=true
[1788498911344] MA: session ended kind=TRANSPORT_CLOSED retryable=true
[1788498911888] MA: session ended kind=TRANSPORT_CLOSED retryable=true
[1788498912504] MA: session ended kind=TRANSPORT_CLOSED retryable=true
[1788498913013] MA: session ended kind=TRANSPORT_CLOSED retryable=true
[1788498913610] MA: session ended kind=TRANSPORT_CLOSED retryable=true
[1788498914176] MA: session ended kind=TRANSPORT_CLOSED retryable=true
[1788498914749] MA: session ended kind=TRANSPORT_CLOSED retryable=true
[1788498915287] MA: session ended kind=TRANSPORT_CLOSED retryable=true
[1788498915772] MA: session ended kind=TRANSPORT_CLOSED retryable=true
[1788498916329] MA: session ended kind=TRANSPORT_CLOSED retryable=true
[1788498916908] MA: session ended kind=TRANSPORT_CLOSED retryable=true
[1788498917467] MA: session ended kind=TRANSPORT_CLOSED retryable=true
[1788498917909] MA: session ended kind=TRANSPORT_CLOSED retryable=true
[1788498918344] MA: session ended kind=TRANSPORT_CLOSED retryable=true
[1788498918803] MA: session ended kind=TRANSPORT_CLOSED retryable=true
[1788498919298] MA: session ended kind=TRANSPORT_CLOSED retryable=true
[1788498919834] MA: session ended kind=TRANSPORT_CLOSED retryable=true
[1788498920331] MA: session ended kind=TRANSPORT_CLOSED retryable=true
[1788498920849] MA: session ended kind=TRANSPORT_CLOSED retryable=true
[1788498921393] MA: session ended kind=TRANSPORT_CLOSED retryable=true
[1788498921900] MA: session ended kind=TRANSPORT_CLOSED retryable=true
[1788498922343] MA: session ended kind=TRANSPORT_CLOSED retryable=true
[1788498922880] MA: session ended kind=TRANSPORT_CLOSED retryable=true
[1788498923499] MA: session ended kind=TRANSPORT_CLOSED retryable=true
[1788498923963] MA: session ended kind=TRANSPORT_CLOSED retryable=true
[1788498924556] MA: session ended kind=TRANSPORT_CLOSED retryable=true
[1788498925059] MA: session ended kind=TRANSPORT_CLOSED retryable=true
[1788498925483] MA: session ended kind=TRANSPORT_CLOSED retryable=true
[1788498926061] MA: session ended kind=TRANSPORT_CLOSED retryable=true
[1788498926536] MA: session ended kind=TRANSPORT_CLOSED retryable=true
[1788498927017] MA: session ended kind=TRANSPORT_CLOSED retryable=true
[1788498927554] MA: session ended kind=TRANSPORT_CLOSED retryable=true
[1788498928162] MA: session ended kind=TRANSPORT_CLOSED retryable=true
[1788498928618] MA: session ended kind=TRANSPORT_CLOSED retryable=true
[1788498929168] MA: session ended kind=TRANSPORT_CLOSED retryable=true
[1788498929751] MA: session ended kind=TRANSPORT_CLOSED retryable=true
[1788498930300] MA: session ended kind=TRANSPORT_CLOSED retryable=true
[1788498930736] MA: session ended kind=TRANSPORT_CLOSED retryable=true
[1788498931165] MA: session ended kind=TRANSPORT_CLOSED retryable=true
[1788498931645] MA: session ended kind=TRANSPORT_CLOSED retryable=true
[1788498932123] MA: session ended kind=TRANSPORT_CLOSED retryable=true
[1788498932623] MA: session ended kind=TRANSPORT_CLOSED retryable=true
[1788498933072] MA: session ended kind=TRANSPORT_CLOSED retryable=true
[1788498933554] MA: session ended kind=TRANSPORT_CLOSED retryable=true
[1788498934055] MA: session ended kind=TRANSPORT_CLOSED retryable=true
[1788498934635] MA: session ended kind=TRANSPORT_CLOSED retryable=true
[1788498935250] MA: session ended kind=TRANSPORT_CLOSED retryable=true
[1788498935796] MA: session ended kind=TRANSPORT_CLOSED retryable=true
[1788498936332] MA: session ended kind=TRANSPORT_CLOSED retryable=true
[1788498936894] MA: session ended kind=TRANSPORT_CLOSED retryable=true
[1788498937472] MA: session ended kind=TRANSPORT_CLOSED retryable=true
[1788498938061] MA: session ended kind=TRANSPORT_CLOSED retryable=true
[1788498938650] MA: session ended kind=TRANSPORT_CLOSED retryable=true
[1788498939217] MA: session ended kind=TRANSPORT_CLOSED retryable=true
[1788498939744] MA: session ended kind=TRANSPORT_CLOSED retryable=true
[1788498940322] MA: session ended kind=TRANSPORT_CLOSED retryable=true
[1788498940916] MA: session ended kind=TRANSPORT_CLOSED retryable=true
[1788498941411] MA: session ended kind=TRANSPORT_CLOSED retryable=true
[1788498941863] MA: session ended kind=TRANSPORT_CLOSED retryable=true
[1788498942378] MA: session ended kind=TRANSPORT_CLOSED retryable=true
[1788498942832] MA: session ended kind=TRANSPORT_CLOSED retryable=true
[1788498943328] MA: session ended kind=TRANSPORT_CLOSED retryable=true
[1788498943783] MA: session ended kind=TRANSPORT_CLOSED retryable=true
[1788498944306] MA: session ended kind=TRANSPORT_CLOSED retryable=true
[1788498944757] MA: session ended kind=TRANSPORT_CLOSED retryable=true
[1788498945344] MA: session ended kind=TRANSPORT_CLOSED retryable=true
[1788498945774] MA: session ended kind=TRANSPORT_CLOSED retryable=true
[1788498946276] MA: session ended kind=TRANSPORT_CLOSED retryable=true
[1788498946750] MA: session ended kind=TRANSPORT_CLOSED retryable=true
[1788498947210] MA: session ended kind=TRANSPORT_CLOSED retryable=true
[1788498947646] MA: session ended kind=TRANSPORT_CLOSED retryable=true
[1788498948142] MA: session ended kind=TRANSPORT_CLOSED retryable=true
[1788498948706] MA: session ended kind=TRANSPORT_CLOSED retryable=true
[1788498949186] MA: session ended kind=TRANSPORT_CLOSED retryable=true
[1788498949803] MA: session ended kind=TRANSPORT_CLOSED retryable=true
[1788498950234] MA: session ended kind=TRANSPORT_CLOSED retryable=true
[1788498950699] MA: session ended kind=TRANSPORT_CLOSED retryable=true
[1788498951135] MA: session ended kind=TRANSPORT_CLOSED retryable=true
[1788498951661] MA: session ended kind=TRANSPORT_CLOSED retryable=true
[1788498952248] MA: session ended kind=TRANSPORT_CLOSED retryable=true
[1788498952747] MA: session ended kind=TRANSPORT_CLOSED retryable=true
[1788498953245] MA: session ended kind=TRANSPORT_CLOSED retryable=true
[1788498953801] MA: session ended kind=TRANSPORT_CLOSED retryable=true
[1788498954332] MA: session ended kind=TRANSPORT_CLOSED retryable=true
[1788498954848] MA: session ended kind=TRANSPORT_CLOSED retryable=true
[1788498955314] MA: session ended kind=TRANSPORT_CLOSED retryable=true
[1788498955884] MA: session ended kind=TRANSPORT_CLOSED retryable=true
[1788498956459] MA: session ended kind=TRANSPORT_CLOSED retryable=true
[1788498956960] MA: session ended kind=TRANSPORT_CLOSED retryable=true
[1788498957499] MA: session ended kind=TRANSPORT_CLOSED retryable=true
[1788498957975] MA: session ended kind=TRANSPORT_CLOSED retryable=true
[1788498958514] MA: session ended kind=TRANSPORT_CLOSED retryable=true
[1788498959019] MA: session ended kind=TRANSPORT_CLOSED retryable=true
[1788498959467] MA: session ended kind=TRANSPORT_CLOSED retryable=true
[1788498959932] MA: session ended kind=TRANSPORT_CLOSED retryable=true
[1788498960476] MA: session ended kind=TRANSPORT_CLOSED retryable=true
[1788498961089] MA: session ended kind=TRANSPORT_CLOSED retryable=true
[1788498961706] MA: session ended kind=TRANSPORT_CLOSED retryable=true
[1788498962155] MA: session ended kind=TRANSPORT_CLOSED retryable=true
[1788498962579] MA: session ended kind=TRANSPORT_CLOSED retryable=true
[1788498963050] MA: session ended kind=TRANSPORT_CLOSED retryable=true
[1788498963615] MA: session ended kind=TRANSPORT_CLOSED retryable=true
[1788498964061] MA: session ended kind=TRANSPORT_CLOSED retryable=true
[1788498964650] MA: session ended kind=TRANSPORT_CLOSED retryable=true
[1788498965251] MA: session ended kind=TRANSPORT_CLOSED retryable=true
[1788498965662] MA: session ended kind=TRANSPORT_CLOSED retryable=true
[1788498966139] MA: session ended kind=TRANSPORT_CLOSED retryable=true
[1788498966722] MA: session ended kind=TRANSPORT_CLOSED retryable=true
[1788498967212] MA: session ended kind=TRANSPORT_CLOSED retryable=true
[1788498967796] MA: session ended kind=TRANSPORT_CLOSED retryable=true
[1788498968419] MA: session ended kind=TRANSPORT_CLOSED retryable=true
[1788498968967] MA: session ended kind=TRANSPORT_CLOSED retryable=true
[1788498969502] MA: session ended kind=TRANSPORT_CLOSED retryable=true
[1788498970115] MA: session ended kind=TRANSPORT_CLOSED retryable=true
[1788498970559] MA: session ended kind=TRANSPORT_CLOSED retryable=true
[1788498970975] MA: session ended kind=TRANSPORT_CLOSED retryable=true
[1788498971475] MA: session ended kind=TRANSPORT_CLOSED retryable=true
[1788498971912] MA: session ended kind=TRANSPORT_CLOSED retryable=true
[1788498972387] MA: session ended kind=TRANSPORT_CLOSED retryable=true
[1788498972910] MA: session ended kind=TRANSPORT_CLOSED retryable=true
[1788498973444] MA: session ended kind=TRANSPORT_CLOSED retryable=true
[1788498973954] MA: session ended kind=TRANSPORT_CLOSED retryable=true
[1788498974508] MA: session ended kind=TRANSPORT_CLOSED retryable=true
[1788498975123] MA: session ended kind=TRANSPORT_CLOSED retryable=true
[1788498975665] MA: session ended kind=TRANSPORT_CLOSED retryable=true
[1788498976141] MA: session ended kind=TRANSPORT_CLOSED retryable=true
[1788498976597] MA: session ended kind=TRANSPORT_CLOSED retryable=true
[1788498977081] MA: session ended kind=TRANSPORT_CLOSED retryable=true
[1788498977625] MA: session ended kind=TRANSPORT_CLOSED retryable=true
[1788498978036] MA: session ended kind=TRANSPORT_CLOSED retryable=true
[1788498978619] MA: session ended kind=TRANSPORT_CLOSED retryable=true
[1788498979091] MA: session ended kind=TRANSPORT_CLOSED retryable=true
[1788498979556] MA: session ended kind=TRANSPORT_CLOSED retryable=true
[1788498980123] MA: session ended kind=TRANSPORT_CLOSED retryable=true
[1788498980638] MA: session ended kind=TRANSPORT_CLOSED retryable=true
[1788498981177] MA: session ended kind=TRANSPORT_CLOSED retryable=true
[1788498981707] MA: session ended kind=TRANSPORT_CLOSED retryable=true
[1788498982180] MA: session ended kind=TRANSPORT_CLOSED retryable=true
[1788498982696] MA: session ended kind=TRANSPORT_CLOSED retryable=true
[1788498983184] MA: session ended kind=TRANSPORT_CLOSED retryable=true
[1788498983710] MA: session ended kind=TRANSPORT_CLOSED retryable=true
[1788498984198] MA: session ended kind=TRANSPORT_CLOSED retryable=true
[1788498984744] MA: session ended kind=TRANSPORT_CLOSED retryable=true
[1788498985314] MA: session ended kind=TRANSPORT_CLOSED retryable=true
[1788498985831] MA: session ended kind=TRANSPORT_CLOSED retryable=true
[1788498986288] MA: session ended kind=TRANSPORT_CLOSED retryable=true
[1788498986872] MA: session ended kind=TRANSPORT_CLOSED retryable=true
[1788498987452] MA: session ended kind=TRANSPORT_CLOSED retryable=true
[1788498988016] MA: session ended kind=TRANSPORT_CLOSED retryable=true
[1788498988511] MA: session ended kind=TRANSPORT_CLOSED retryable=true
[1788498989034] MA: session ended kind=TRANSPORT_CLOSED retryable=true
[1788498989635] MA: session ended kind=TRANSPORT_CLOSED retryable=true
[1788498990163] MA: session ended kind=TRANSPORT_CLOSED retryable=true
[1788498990660] MA: session ended kind=TRANSPORT_CLOSED retryable=true
[1788498991081] MA: session ended kind=TRANSPORT_CLOSED retryable=true
[1788498991546] MA: session ended kind=TRANSPORT_CLOSED retryable=true
[1788498992021] MA: session ended kind=TRANSPORT_CLOSED retryable=true
[1788498992627] MA: session ended kind=TRANSPORT_CLOSED retryable=true
[1788498993148] MA: session ended kind=TRANSPORT_CLOSED retryable=true
[1788498993724] MA: session ended kind=TRANSPORT_CLOSED retryable=true
[1788498994192] MA: session ended kind=TRANSPORT_CLOSED retryable=true
[1788498994630] MA: session ended kind=TRANSPORT_CLOSED retryable=true
[1788498995123] MA: session ended kind=TRANSPORT_CLOSED retryable=true
[1788498995568] MA: session ended kind=TRANSPORT_CLOSED retryable=true
[1788498996156] MA: session ended kind=TRANSPORT_CLOSED retryable=true
[1788498996658] MA: session ended kind=TRANSPORT_CLOSED retryable=true
[1788498997274] MA: session ended kind=TRANSPORT_CLOSED retryable=true
[1788498997768] MA: session ended kind=TRANSPORT_CLOSED retryable=true
[1788498998228] MA: session ended kind=TRANSPORT_CLOSED retryable=true
[1788498998789] MA: session ended kind=TRANSPORT_CLOSED retryable=true
[1788498999364] MA: session ended kind=TRANSPORT_CLOSED retryable=true
[1788498999911] MA: session ended kind=TRANSPORT_CLOSED retryable=true
[1788499000483] MA: session ended kind=TRANSPORT_CLOSED retryable=true
[1788499000994] MA: session ended kind=TRANSPORT_CLOSED retryable=true
[1788499001561] MA: session ended kind=TRANSPORT_CLOSED retryable=true
[1788499002180] MA: session ended kind=TRANSPORT_CLOSED retryable=true
[1788499002677] MA: session ended kind=TRANSPORT_CLOSED retryable=true
[1788499003236] MA: session ended kind=TRANSPORT_CLOSED retryable=true
[1788499003689] MA: session ended kind=TRANSPORT_CLOSED retryable=true
[1788499004123] MA: session ended kind=TRANSPORT_CLOSED retryable=true
[1788499004715] MA: session ended kind=TRANSPORT_CLOSED retryable=true
[1788499005255] MA: session ended kind=TRANSPORT_CLOSED retryable=true
[1788499005839] MA: session ended kind=TRANSPORT_CLOSED retryable=true
[1788499006374] MA: session ended kind=TRANSPORT_CLOSED retryable=true
[1788499006861] MA: session ended kind=TRANSPORT_CLOSED retryable=true
[1788499007321] MA: session ended kind=TRANSPORT_CLOSED retryable=true
[1788499007749] MA: session ended kind=TRANSPORT_CLOSED retryable=true
[1788499008332] MA: session ended kind=TRANSPORT_CLOSED retryable=true
[1788499008760] MA: session ended kind=TRANSPORT_CLOSED retryable=true
[1788499009268] MA: session ended kind=TRANSPORT_CLOSED retryable=true
[1788499009842] MA: session ended kind=TRANSPORT_CLOSED retryable=true
[1788499010308] MA: session ended kind=TRANSPORT_CLOSED retryable=true
[1788499010743] MA: session ended kind=TRANSPORT_CLOSED retryable=true
[1788499011303] MA: session ended kind=TRANSPORT_CLOSED retryable=true
[1788499011865] MA: session ended kind=TRANSPORT_CLOSED retryable=true
[1788499012454] MA: session ended kind=TRANSPORT_CLOSED retryable=true
[1788499013024] MA: session ended kind=TRANSPORT_CLOSED retryable=true
[1788499013464] MA: session ended kind=TRANSPORT_CLOSED retryable=true
[1788499014036] MA: session ended kind=TRANSPORT_CLOSED retryable=true
[1788499014470] MA: session ended kind=TRANSPORT_CLOSED retryable=true
[1788499014909] MA: session ended kind=TRANSPORT_CLOSED retryable=true
[1788499015505] MA: session ended kind=TRANSPORT_CLOSED retryable=true
[1788499016043] MA: session ended kind=TRANSPORT_CLOSED retryable=true
[1788499016578] MA: session ended kind=TRANSPORT_CLOSED retryable=true
[1788499017099] MA: session ended kind=TRANSPORT_CLOSED retryable=true
[1788499017659] MA: session ended kind=TRANSPORT_CLOSED retryable=true
[1788499018198] MA: session ended kind=TRANSPORT_CLOSED retryable=true
[1788499018762] MA: session ended kind=TRANSPORT_CLOSED retryable=true
[1788499019296] MA: session ended kind=TRANSPORT_CLOSED retryable=true
[1788499019902] MA: session ended kind=TRANSPORT_CLOSED retryable=true
[1788499020402] MA: session ended kind=TRANSPORT_CLOSED retryable=true
[1788499020851] MA: session ended kind=TRANSPORT_CLOSED retryable=true
[1788499021387] MA: session ended kind=TRANSPORT_CLOSED retryable=true
[1788499021806] MA: session ended kind=TRANSPORT_CLOSED retryable=true
[1788499022286] MA: session ended kind=TRANSPORT_CLOSED retryable=true
[1788499022912] MA: session ended kind=TRANSPORT_CLOSED retryable=true
[1788499023346] MA: session ended kind=TRANSPORT_CLOSED retryable=true
[1788499023954] MA: session ended kind=TRANSPORT_CLOSED retryable=true
[1788499024528] MA: session ended kind=TRANSPORT_CLOSED retryable=true
[1788499025108] MA: session ended kind=TRANSPORT_CLOSED retryable=true
[1788499025556] MA: session ended kind=TRANSPORT_CLOSED retryable=true
[1788499026027] MA: session ended kind=TRANSPORT_CLOSED retryable=true
[1788499026604] MA: session ended kind=TRANSPORT_CLOSED retryable=true
[1788499027141] MA: session ended kind=TRANSPORT_CLOSED retryable=true
[1788499027687] MA: session ended kind=TRANSPORT_CLOSED retryable=true
[1788499028224] MA: session ended kind=TRANSPORT_CLOSED retryable=true
[1788499028811] MA: session ended kind=TRANSPORT_CLOSED retryable=true
[1788499029266] MA: session ended kind=TRANSPORT_CLOSED retryable=true
[1788499029847] MA: session ended kind=TRANSPORT_CLOSED retryable=true
[1788499030395] MA: session ended kind=TRANSPORT_CLOSED retryable=true
[1788499030833] MA: session ended kind=TRANSPORT_CLOSED retryable=true
[1788499031348] MA: session ended kind=TRANSPORT_CLOSED retryable=true
[1788499031768] MA: session ended kind=TRANSPORT_CLOSED retryable=true
[1788499032278] MA: session ended kind=TRANSPORT_CLOSED retryable=true
[1788499032893] MA: session ended kind=TRANSPORT_CLOSED retryable=true
[1788499033392] MA: session ended kind=TRANSPORT_CLOSED retryable=true
[1788499033875] MA: session ended kind=TRANSPORT_CLOSED retryable=true
[1788499034328] MA: session ended kind=TRANSPORT_CLOSED retryable=true
[1788499034821] MA: session ended kind=TRANSPORT_CLOSED retryable=true
[1788499035264] MA: session ended kind=TRANSPORT_CLOSED retryable=true
[1788499035693] MA: session ended kind=TRANSPORT_CLOSED retryable=true
[1788499036156] MA: session ended kind=TRANSPORT_CLOSED retryable=true
[1788499036612] MA: session ended kind=TRANSPORT_CLOSED retryable=true
[1788499037064] MA: session ended kind=TRANSPORT_CLOSED retryable=true
[1788499037681] MA: session ended kind=TRANSPORT_CLOSED retryable=true
[1788499038267] MA: session ended kind=TRANSPORT_CLOSED retryable=true
[1788499038803] MA: session ended kind=TRANSPORT_CLOSED retryable=true
[1788499039349] MA: session ended kind=TRANSPORT_CLOSED retryable=true
[1788499039814] MA: session ended kind=TRANSPORT_CLOSED retryable=true
[1788499040413] MA: session ended kind=TRANSPORT_CLOSED retryable=true
[1788499041024] MA: session ended kind=TRANSPORT_CLOSED retryable=true
[1788499041494] MA: session ended kind=TRANSPORT_CLOSED retryable=true
[1788499042080] MA: session ended kind=TRANSPORT_CLOSED retryable=true
[1788499042658] MA: session ended kind=TRANSPORT_CLOSED retryable=true
[1788499043234] MA: session ended kind=TRANSPORT_CLOSED retryable=true
[1788499043806] MA: session ended kind=TRANSPORT_CLOSED retryable=true
[1788499044349] MA: session ended kind=TRANSPORT_CLOSED retryable=true
[1788499044806] MA: session ended kind=TRANSPORT_CLOSED retryable=true
[1788499045381] MA: session ended kind=TRANSPORT_CLOSED retryable=true
[1788499045919] MA: session ended kind=TRANSPORT_CLOSED retryable=true
[1788499046373] MA: session ended kind=TRANSPORT_CLOSED retryable=true
[1788499046799] MA: session ended kind=TRANSPORT_CLOSED retryable=true
[1788499047381] MA: session ended kind=TRANSPORT_CLOSED retryable=true
[1788499047919] MA: session ended kind=TRANSPORT_CLOSED retryable=true
[1788499048374] MA: session ended kind=TRANSPORT_CLOSED retryable=true
[1788499048800] MA: session ended kind=TRANSPORT_CLOSED retryable=true
[1788499049251] MA: session ended kind=TRANSPORT_CLOSED retryable=true
[1788499049751] MA: session ended kind=TRANSPORT_CLOSED retryable=true
[1788499050345] MA: session ended kind=TRANSPORT_CLOSED retryable=true
[1788499050848] MA: session ended kind=TRANSPORT_CLOSED retryable=true
[1788499051437] MA: session ended kind=TRANSPORT_CLOSED retryable=true
[1788499052036] MA: session ended kind=TRANSPORT_CLOSED retryable=true
[1788499052662] MA: session ended kind=TRANSPORT_CLOSED retryable=true
[1788499053177] MA: session ended kind=TRANSPORT_CLOSED retryable=true
[1788499053789] MA: session ended kind=TRANSPORT_CLOSED retryable=true
[1788499054423] MA: session ended kind=TRANSPORT_CLOSED retryable=true
[1788499054920] MA: session ended kind=TRANSPORT_CLOSED retryable=true
[1788499055384] MA: session ended kind=TRANSPORT_CLOSED retryable=true
[1788499055946] MA: session ended kind=TRANSPORT_CLOSED retryable=true
[1788499056430] MA: session ended kind=TRANSPORT_CLOSED retryable=true
[1788499056947] MA: session ended kind=TRANSPORT_CLOSED retryable=true
[1788499057419] MA: session ended kind=TRANSPORT_CLOSED retryable=true
[1788499057834] MA: session ended kind=TRANSPORT_CLOSED retryable=true
[1788499058412] MA: session ended kind=TRANSPORT_CLOSED retryable=true
[1788499058928] MA: session ended kind=TRANSPORT_CLOSED retryable=true
[1788499059469] MA: session ended kind=TRANSPORT_CLOSED retryable=true
[1788499059998] MA: session ended kind=TRANSPORT_CLOSED retryable=true
[1788499060460] MA: session ended kind=TRANSPORT_CLOSED retryable=true
[1788499060970] MA: session ended kind=TRANSPORT_CLOSED retryable=true
[1788499061549] MA: session ended kind=TRANSPORT_CLOSED retryable=true
[1788499062164] MA: session ended kind=TRANSPORT_CLOSED retryable=true
[1788499062731] MA: session ended kind=TRANSPORT_CLOSED retryable=true
[1788499063214] MA: session ended kind=TRANSPORT_CLOSED retryable=true
[1788499063696] MA: session ended kind=TRANSPORT_CLOSED retryable=true
[1788499064147] MA: session ended kind=TRANSPORT_CLOSED retryable=true
[1788499064637] MA: session ended kind=TRANSPORT_CLOSED retryable=true
[1788499065275] MA: session ended kind=TRANSPORT_CLOSED retryable=true
[1788499065728] MA: session ended kind=TRANSPORT_CLOSED retryable=true
[1788499066321] MA: session ended kind=TRANSPORT_CLOSED retryable=true
[1788499066794] MA: session ended kind=TRANSPORT_CLOSED retryable=true
[1788499067367] MA: session ended kind=TRANSPORT_CLOSED retryable=true
[1788499067866] MA: session ended kind=TRANSPORT_CLOSED retryable=true
[1788499068396] MA: session ended kind=TRANSPORT_CLOSED retryable=true
[1788499068875] MA: session ended kind=TRANSPORT_CLOSED retryable=true
[1788499069466] MA: session ended kind=TRANSPORT_CLOSED retryable=true
[1788499069922] MA: session ended kind=TRANSPORT_CLOSED retryable=true
[1788499070480] MA: session ended kind=TRANSPORT_CLOSED retryable=true
[1788499070944] MA: session ended kind=TRANSPORT_CLOSED retryable=true
[1788499071542] MA: session ended kind=TRANSPORT_CLOSED retryable=true
[1788499072019] MA: session ended kind=TRANSPORT_CLOSED retryable=true
[1788499072594] MA: session ended kind=TRANSPORT_CLOSED retryable=true
[1788499073156] MA: session ended kind=TRANSPORT_CLOSED retryable=true
[1788499073747] MA: session ended kind=TRANSPORT_CLOSED retryable=true
[1788499074222] MA: session ended kind=TRANSPORT_CLOSED retryable=true
[1788499074771] MA: session ended kind=TRANSPORT_CLOSED retryable=true
[1788499075317] MA: session ended kind=TRANSPORT_CLOSED retryable=true
[1788499075788] MA: session ended kind=TRANSPORT_CLOSED retryable=true
[1788499076350] MA: session ended kind=TRANSPORT_CLOSED retryable=true
[1788499076870] MA: session ended kind=TRANSPORT_CLOSED retryable=true
[1788499077349] MA: session ended kind=TRANSPORT_CLOSED retryable=true
[1788499077906] MA: session ended kind=TRANSPORT_CLOSED retryable=true
[1788499078427] MA: session ended kind=TRANSPORT_CLOSED retryable=true
[1788499078950] MA: session ended kind=TRANSPORT_CLOSED retryable=true
[1788499079440] MA: session ended kind=TRANSPORT_CLOSED retryable=true
[1788499080016] MA: session ended kind=TRANSPORT_CLOSED retryable=true
[1788499080519] MA: session ended kind=TRANSPORT_CLOSED retryable=true
[1788499080954] MA: session ended kind=TRANSPORT_CLOSED retryable=true
[1788499081479] MA: session ended kind=TRANSPORT_CLOSED retryable=true
[1788499081918] MA: session ended kind=TRANSPORT_CLOSED retryable=true
[1788499082533] MA: session ended kind=TRANSPORT_CLOSED retryable=true
[1788499083017] MA: session ended kind=TRANSPORT_CLOSED retryable=true
[1788499083606] MA: session ended kind=TRANSPORT_CLOSED retryable=true
[1788499084190] MA: session ended kind=TRANSPORT_CLOSED retryable=true
[1788499084752] MA: session ended kind=TRANSPORT_CLOSED retryable=true
[1788499085388] MA: session ended kind=TRANSPORT_CLOSED retryable=true
[1788499085908] MA: session ended kind=TRANSPORT_CLOSED retryable=true
[1788499086392] MA: session ended kind=TRANSPORT_CLOSED retryable=true
[1788499086876] MA: session ended kind=TRANSPORT_CLOSED retryable=true
[1788499087329] MA: session ended kind=TRANSPORT_CLOSED retryable=true
[1788499087970] MA: session ended kind=TRANSPORT_CLOSED retryable=true
[1788499088458] MA: session ended kind=TRANSPORT_CLOSED retryable=true
[1788499089036] MA: session ended kind=TRANSPORT_CLOSED retryable=true
[1788499089594] MA: session ended kind=TRANSPORT_CLOSED retryable=true
[1788499090126] MA: session ended kind=TRANSPORT_CLOSED retryable=true
[1788499090730] MA: session ended kind=TRANSPORT_CLOSED retryable=true
[1788499091172] MA: session ended kind=TRANSPORT_CLOSED retryable=true
[1788499091681] MA: session ended kind=TRANSPORT_CLOSED retryable=true
[1788499092283] MA: session ended kind=TRANSPORT_CLOSED retryable=true
[1788499092764] MA: session ended kind=TRANSPORT_CLOSED retryable=true
[1788499093339] MA: session ended kind=TRANSPORT_CLOSED retryable=true
[1788499093815] MA: session ended kind=TRANSPORT_CLOSED retryable=true
[1788499094395] MA: session ended kind=TRANSPORT_CLOSED retryable=true
[1788499094844] MA: session ended kind=TRANSPORT_CLOSED retryable=true
[1788499095374] MA: session ended kind=TRANSPORT_CLOSED retryable=true
[1788499095915] MA: session ended kind=TRANSPORT_CLOSED retryable=true
[1788499096439] MA: session ended kind=TRANSPORT_CLOSED retryable=true
[1788499096901] MA: session ended kind=TRANSPORT_CLOSED retryable=true
[1788499097442] MA: session ended kind=TRANSPORT_CLOSED retryable=true
[1788499098076] MA: session ended kind=TRANSPORT_CLOSED retryable=true
[1788499098540] MA: session ended kind=TRANSPORT_CLOSED retryable=true
[1788499099006] MA: session ended kind=TRANSPORT_CLOSED retryable=true
[1788499099612] MA: session ended kind=TRANSPORT_CLOSED retryable=true
[1788499100060] MA: session ended kind=TRANSPORT_CLOSED retryable=true
[1788499100593] MA: session ended kind=TRANSPORT_CLOSED retryable=true
[1788499101028] MA: session ended kind=TRANSPORT_CLOSED retryable=true
[1788499101558] MA: session ended kind=TRANSPORT_CLOSED retryable=true
[1788499102023] MA: session ended kind=TRANSPORT_CLOSED retryable=true
[1788499102606] MA: session ended kind=TRANSPORT_CLOSED retryable=true
[1788499103031] MA: session ended kind=TRANSPORT_CLOSED retryable=true
[1788499103486] MA: session ended kind=TRANSPORT_CLOSED retryable=true
[1788499103915] MA: session ended kind=TRANSPORT_CLOSED retryable=true
[1788499104351] MA: session ended kind=TRANSPORT_CLOSED retryable=true
[1788499104964] MA: session ended kind=TRANSPORT_CLOSED retryable=true
[1788499105409] MA: session ended kind=TRANSPORT_CLOSED retryable=true
[1788499105934] MA: session ended kind=TRANSPORT_CLOSED retryable=true
[1788499106475] MA: session ended kind=TRANSPORT_CLOSED retryable=true
[1788499106937] MA: session ended kind=TRANSPORT_CLOSED retryable=true
[1788499107369] MA: session ended kind=TRANSPORT_CLOSED retryable=true
[1788499107906] MA: session ended kind=TRANSPORT_CLOSED retryable=true
[1788499108417] MA: session ended kind=TRANSPORT_CLOSED retryable=true
[1788499108984] MA: session ended kind=TRANSPORT_CLOSED retryable=true
[1788499109570] MA: session ended kind=TRANSPORT_CLOSED retryable=true
[1788499110150] MA: session ended kind=TRANSPORT_CLOSED retryable=true
[1788499110735] MA: session ended kind=TRANSPORT_CLOSED retryable=true
[1788499111343] MA: session ended kind=TRANSPORT_CLOSED retryable=true
[1788499111828] MA: session ended kind=TRANSPORT_CLOSED retryable=true
[1788499112428] MA: session ended kind=TRANSPORT_CLOSED retryable=true
[1788499113035] MA: session ended kind=TRANSPORT_CLOSED retryable=true
[1788499113490] MA: session ended kind=TRANSPORT_CLOSED retryable=true
[1788499114053] MA: session ended kind=TRANSPORT_CLOSED retryable=true
[1788499114531] MA: session ended kind=TRANSPORT_CLOSED retryable=true
[1788499114983] MA: session ended kind=TRANSPORT_CLOSED retryable=true
[1788499115488] MA: session ended kind=TRANSPORT_CLOSED retryable=true
[1788499115920] MA: session ended kind=TRANSPORT_CLOSED retryable=true
[1788499116336] MA: session ended kind=TRANSPORT_CLOSED retryable=true
[1788499116786] MA: session ended kind=TRANSPORT_CLOSED retryable=true
[1788499117425] MA: session ended kind=TRANSPORT_CLOSED retryable=true
[1788499118006] MA: session ended kind=TRANSPORT_CLOSED retryable=true
[1788499118483] MA: session ended kind=TRANSPORT_CLOSED retryable=true
[1788499118912] MA: session ended kind=TRANSPORT_CLOSED retryable=true
[1788499119428] MA: session ended kind=TRANSPORT_CLOSED retryable=true
[1788499119883] MA: session ended kind=TRANSPORT_CLOSED retryable=true
[1788499120438] MA: session ended kind=TRANSPORT_CLOSED retryable=true
[1788499121049] MA: session ended kind=TRANSPORT_CLOSED retryable=true
[1788499121546] MA: session ended kind=TRANSPORT_CLOSED retryable=true
[1788499122023] MA: session ended kind=TRANSPORT_CLOSED retryable=true
[1788499122504] MA: session ended kind=TRANSPORT_CLOSED retryable=true
[1788499123113] MA: session ended kind=TRANSPORT_CLOSED retryable=true
[1788499123659] MA: session ended kind=TRANSPORT_CLOSED retryable=true
[1788499124173] MA: session ended kind=TRANSPORT_CLOSED retryable=true
[1788499124790] MA: session ended kind=TRANSPORT_CLOSED retryable=true
[1788499125258] MA: session ended kind=TRANSPORT_CLOSED retryable=true
[1788499125852] MA: session ended kind=TRANSPORT_CLOSED retryable=true
[1788499126376] MA: session ended kind=TRANSPORT_CLOSED retryable=true
[1788499126995] MA: session ended kind=TRANSPORT_CLOSED retryable=true
[1788499127437] MA: session ended kind=TRANSPORT_CLOSED retryable=true
[1788499128028] MA: session ended kind=TRANSPORT_CLOSED retryable=true
[1788499128524] MA: session ended kind=TRANSPORT_CLOSED retryable=true
[1788499129131] MA: session ended kind=TRANSPORT_CLOSED retryable=true
[1788499129691] MA: session ended kind=TRANSPORT_CLOSED retryable=true
[1788499130294] MA: session ended kind=TRANSPORT_CLOSED retryable=true
[1788499130752] MA: session ended kind=TRANSPORT_CLOSED retryable=true
[1788499131204] MA: session ended kind=TRANSPORT_CLOSED retryable=true
[1788499131709] MA: session ended kind=TRANSPORT_CLOSED retryable=true
[1788499132251] MA: session ended kind=TRANSPORT_CLOSED retryable=true
[1788499132679] MA: session ended kind=TRANSPORT_CLOSED retryable=true
[1788499133167] MA: session ended kind=TRANSPORT_CLOSED retryable=true
[1788499133789] MA: session ended kind=TRANSPORT_CLOSED retryable=true
[1788499134328] MA: session ended kind=TRANSPORT_CLOSED retryable=true
[1788499134871] MA: session ended kind=TRANSPORT_CLOSED retryable=true
[1788499135443] MA: session ended kind=TRANSPORT_CLOSED retryable=true
[1788499136011] MA: session ended kind=TRANSPORT_CLOSED retryable=true
[1788499136611] MA: session ended kind=TRANSPORT_CLOSED retryable=true
[1788499137242] MA: session ended kind=TRANSPORT_CLOSED retryable=true
[1788499137712] MA: session ended kind=TRANSPORT_CLOSED retryable=true
[1788499138292] MA: session ended kind=TRANSPORT_CLOSED retryable=true
[1788499138759] MA: session ended kind=TRANSPORT_CLOSED retryable=true
[1788499139313] MA: session ended kind=TRANSPORT_CLOSED retryable=true
[1788499139735] MA: session ended kind=TRANSPORT_CLOSED retryable=true
[1788499140298] MA: session ended kind=TRANSPORT_CLOSED retryable=true
[1788499140899] MA: session ended kind=TRANSPORT_CLOSED retryable=true
[1788499141358] MA: session ended kind=TRANSPORT_CLOSED retryable=true
[1788499141917] MA: session ended kind=TRANSPORT_CLOSED retryable=true
[1788499142435] MA: session ended kind=TRANSPORT_CLOSED retryable=true
[1788499142913] MA: session ended kind=TRANSPORT_CLOSED retryable=true
[1788499143504] MA: session ended kind=TRANSPORT_CLOSED retryable=true
[1788499144071] MA: session ended kind=TRANSPORT_CLOSED retryable=true
[1788499144638] MA: session ended kind=TRANSPORT_CLOSED retryable=true
[1788499145215] MA: session ended kind=TRANSPORT_CLOSED retryable=true
[1788499145642] MA: session ended kind=TRANSPORT_CLOSED retryable=true
[1788499146169] MA: session ended kind=TRANSPORT_CLOSED retryable=true
[1788499146746] MA: session ended kind=TRANSPORT_CLOSED retryable=true
[1788499147318] MA: session ended kind=TRANSPORT_CLOSED retryable=true
[1788499147888] MA: session ended kind=TRANSPORT_CLOSED retryable=true
[1788499148440] MA: session ended kind=TRANSPORT_CLOSED retryable=true
[1788499148869] MA: session ended kind=TRANSPORT_CLOSED retryable=true
[1788499149420] MA: session ended kind=TRANSPORT_CLOSED retryable=true
[1788499149843] MA: session ended kind=TRANSPORT_CLOSED retryable=true
[1788499150286] MA: session ended kind=TRANSPORT_CLOSED retryable=true
[1788499150816] MA: session ended kind=TRANSPORT_CLOSED retryable=true
[1788499151298] MA: session ended kind=TRANSPORT_CLOSED retryable=true
[1788499151780] MA: session ended kind=TRANSPORT_CLOSED retryable=true
[1788499152231] MA: session ended kind=TRANSPORT_CLOSED retryable=true
[1788499152727] MA: session ended kind=TRANSPORT_CLOSED retryable=true
[1788499153355] MA: session ended kind=TRANSPORT_CLOSED retryable=true
[1788499153899] MA: session ended kind=TRANSPORT_CLOSED retryable=true
[1788499154460] MA: session ended kind=TRANSPORT_CLOSED retryable=true
[1788499154927] MA: session ended kind=TRANSPORT_CLOSED retryable=true
[1788499155507] MA: session ended kind=TRANSPORT_CLOSED retryable=true
[1788499156102] MA: session ended kind=TRANSPORT_CLOSED retryable=true
[1788499156534] MA: session ended kind=TRANSPORT_CLOSED retryable=true
[1788499157014] MA: session ended kind=TRANSPORT_CLOSED retryable=true
[1788499157438] MA: session ended kind=TRANSPORT_CLOSED retryable=true
[1788499158019] MA: session ended kind=TRANSPORT_CLOSED retryable=true
[1788499158516] MA: session ended kind=TRANSPORT_CLOSED retryable=true
[1788499159037] MA: session ended kind=TRANSPORT_CLOSED retryable=true
[1788499159628] MA: session ended kind=TRANSPORT_CLOSED retryable=true
[1788499160157] MA: session ended kind=TRANSPORT_CLOSED retryable=true
[1788499160622] MA: session ended kind=TRANSPORT_CLOSED retryable=true
[1788499161197] MA: session ended kind=TRANSPORT_CLOSED retryable=true
[1788499161777] MA: session ended kind=TRANSPORT_CLOSED retryable=true
[1788499162242] MA: session ended kind=TRANSPORT_CLOSED retryable=true
[1788499162732] MA: session ended kind=TRANSPORT_CLOSED retryable=true
[1788499163196] MA: session ended kind=TRANSPORT_CLOSED retryable=true
[1788499163748] MA: session ended kind=TRANSPORT_CLOSED retryable=true
[1788499164274] MA: session ended kind=TRANSPORT_CLOSED retryable=true
[1788499164887] MA: session ended kind=TRANSPORT_CLOSED retryable=true
[1788499165420] MA: session ended kind=TRANSPORT_CLOSED retryable=true
[1788499165895] MA: session ended kind=TRANSPORT_CLOSED retryable=true
[1788499166444] MA: session ended kind=TRANSPORT_CLOSED retryable=true
[1788499166934] MA: session ended kind=TRANSPORT_CLOSED retryable=true
[1788499167461] MA: session ended kind=TRANSPORT_CLOSED retryable=true
[1788499168021] MA: session ended kind=TRANSPORT_CLOSED retryable=true
[1788499168505] MA: session ended kind=TRANSPORT_CLOSED retryable=true
[1788499168975] MA: session ended kind=TRANSPORT_CLOSED retryable=true
[1788499169539] MA: session ended kind=TRANSPORT_CLOSED retryable=true
[1788499170058] MA: session ended kind=TRANSPORT_CLOSED retryable=true
[1788499170523] MA: session ended kind=TRANSPORT_CLOSED retryable=true
[1788499171148] MA: session ended kind=TRANSPORT_CLOSED retryable=true
[1788499171677] MA: session ended kind=TRANSPORT_CLOSED retryable=true
[1788499172108] MA: session ended kind=TRANSPORT_CLOSED retryable=true
[1788499172696] MA: session ended kind=TRANSPORT_CLOSED retryable=true
[1788499173239] MA: session ended kind=TRANSPORT_CLOSED retryable=true
[1788499173864] MA: session ended kind=TRANSPORT_CLOSED retryable=true
[1788499174469] MA: session ended kind=TRANSPORT_CLOSED retryable=true
[1788499174963] MA: session ended kind=TRANSPORT_CLOSED retryable=true
[1788499175419] MA: session ended kind=TRANSPORT_CLOSED retryable=true
[1788499175870] MA: session ended kind=TRANSPORT_CLOSED retryable=true
[1788499176446] MA: session ended kind=TRANSPORT_CLOSED retryable=true
[1788499176898] MA: session ended kind=TRANSPORT_CLOSED retryable=true
[1788499177372] MA: session ended kind=TRANSPORT_CLOSED retryable=true
[1788499177907] MA: session ended kind=TRANSPORT_CLOSED retryable=true
[1788499178419] MA: session ended kind=TRANSPORT_CLOSED retryable=true
[1788499178971] MA: session ended kind=TRANSPORT_CLOSED retryable=true
[1788499179530] MA: session ended kind=TRANSPORT_CLOSED retryable=true
[1788499180027] MA: session ended kind=TRANSPORT_CLOSED retryable=true
[1788499180582] MA: session ended kind=TRANSPORT_CLOSED retryable=true
[1788499181157] MA: session ended kind=TRANSPORT_CLOSED retryable=true
[1788499181710] MA: session ended kind=TRANSPORT_CLOSED retryable=true
[1788499182277] MA: session ended kind=TRANSPORT_CLOSED retryable=true
[1788499182812] MA: session ended kind=TRANSPORT_CLOSED retryable=true
[1788499183362] MA: session ended kind=TRANSPORT_CLOSED retryable=true
[1788499183800] MA: session ended kind=TRANSPORT_CLOSED retryable=true
[1788499184378] MA: session ended kind=TRANSPORT_CLOSED retryable=true
[1788499184853] MA: session ended kind=TRANSPORT_CLOSED retryable=true
[1788499185378] MA: session ended kind=TRANSPORT_CLOSED retryable=true
[1788499185861] MA: session ended kind=TRANSPORT_CLOSED retryable=true
[1788499186427] MA: session ended kind=TRANSPORT_CLOSED retryable=true
[1788499186983] MA: session ended kind=TRANSPORT_CLOSED retryable=true
[1788499187514] MA: session ended kind=TRANSPORT_CLOSED retryable=true
[1788499188051] MA: session ended kind=TRANSPORT_CLOSED retryable=true
[1788499188643] MA: session ended kind=TRANSPORT_CLOSED retryable=true
[1788499189132] MA: session ended kind=TRANSPORT_CLOSED retryable=true
[1788499189584] MA: session ended kind=TRANSPORT_CLOSED retryable=true
[1788499190123] MA: session ended kind=TRANSPORT_CLOSED retryable=true
[1788499190732] MA: session ended kind=TRANSPORT_CLOSED retryable=true
[1788499191283] MA: session ended kind=TRANSPORT_CLOSED retryable=true
[1788499191870] MA: session ended kind=TRANSPORT_CLOSED retryable=true
[1788499192420] MA: session ended kind=TRANSPORT_CLOSED retryable=true
[1788499192855] MA: session ended kind=TRANSPORT_CLOSED retryable=true
[1788499193307] MA: session ended kind=TRANSPORT_CLOSED retryable=true
[1788499193828] MA: session ended kind=TRANSPORT_CLOSED retryable=true
[1788499194263] MA: session ended kind=TRANSPORT_CLOSED retryable=true
[1788499194885] MA: session ended kind=TRANSPORT_CLOSED retryable=true
[1788499195492] MA: session ended kind=TRANSPORT_CLOSED retryable=true
[1788499196000] MA: session ended kind=TRANSPORT_CLOSED retryable=true
[1788499196601] MA: session ended kind=TRANSPORT_CLOSED retryable=true
[1788499197125] MA: session ended kind=TRANSPORT_CLOSED retryable=true
[1788499197610] MA: session ended kind=TRANSPORT_CLOSED retryable=true
[1788499198121] MA: session ended kind=TRANSPORT_CLOSED retryable=true
[1788499198674] MA: session ended kind=TRANSPORT_CLOSED retryable=true
[1788499199211] MA: session ended kind=TRANSPORT_CLOSED retryable=true
[1788499199684] MA: session ended kind=TRANSPORT_CLOSED retryable=true
[1788499200242] MA: session ended kind=TRANSPORT_CLOSED retryable=true
[1788499200811] MA: session ended kind=TRANSPORT_CLOSED retryable=true
[1788499201307] MA: session ended kind=TRANSPORT_CLOSED retryable=true
[1788499201835] MA: session ended kind=TRANSPORT_CLOSED retryable=true
[1788499202269] MA: session ended kind=TRANSPORT_CLOSED retryable=true
[1788499202900] MA: session ended kind=TRANSPORT_CLOSED retryable=true
[1788499203387] MA: session ended kind=TRANSPORT_CLOSED retryable=true
[1788499203963] MA: session ended kind=TRANSPORT_CLOSED retryable=true
[1788499204448] MA: session ended kind=TRANSPORT_CLOSED retryable=true
[1788499205067] MA: session ended kind=TRANSPORT_CLOSED retryable=true
[1788499205638] MA: session ended kind=TRANSPORT_CLOSED retryable=true
[1788499206100] MA: session ended kind=TRANSPORT_CLOSED retryable=true
[1788499206533] MA: session ended kind=TRANSPORT_CLOSED retryable=true
[1788499207066] MA: session ended kind=TRANSPORT_CLOSED retryable=true
[1788499207644] MA: session ended kind=TRANSPORT_CLOSED retryable=true
[1788499208107] MA: session ended kind=TRANSPORT_CLOSED retryable=true
[1788499208595] MA: session ended kind=TRANSPORT_CLOSED retryable=true
[1788499209162] MA: session ended kind=TRANSPORT_CLOSED retryable=true
[1788499209663] MA: session ended kind=TRANSPORT_CLOSED retryable=true
[1788499210157] MA: session ended kind=TRANSPORT_CLOSED retryable=true
[1788499210638] MA: session ended kind=TRANSPORT_CLOSED retryable=true
[1788499211232] MA: session ended kind=TRANSPORT_CLOSED retryable=true
[1788499211822] MA: session ended kind=TRANSPORT_CLOSED retryable=true
[1788499212292] MA: session ended kind=TRANSPORT_CLOSED retryable=true
[1788499212886] MA: session ended kind=TRANSPORT_CLOSED retryable=true
[1788499213390] MA: session ended kind=TRANSPORT_CLOSED retryable=true
[1788499213891] MA: session ended kind=TRANSPORT_CLOSED retryable=true
[1788499214316] MA: session ended kind=TRANSPORT_CLOSED retryable=true
[1788499214778] MA: session ended kind=TRANSPORT_CLOSED retryable=true
[1788499215289] MA: session ended kind=TRANSPORT_CLOSED retryable=true
[1788499215925] MA: session ended kind=TRANSPORT_CLOSED retryable=true
[1788499216418] MA: session ended kind=TRANSPORT_CLOSED retryable=true
[1788499216906] MA: session ended kind=TRANSPORT_CLOSED retryable=true
[1788499217405] MA: session ended kind=TRANSPORT_CLOSED retryable=true
[1788499217938] MA: session ended kind=TRANSPORT_CLOSED retryable=true
[1788499218546] MA: session ended kind=TRANSPORT_CLOSED retryable=true
[1788499219117] MA: session ended kind=TRANSPORT_CLOSED retryable=true
[1788499219587] MA: session ended kind=TRANSPORT_CLOSED retryable=true
[1788499220133] MA: session ended kind=TRANSPORT_CLOSED retryable=true
[1788499220700] MA: session ended kind=TRANSPORT_CLOSED retryable=true
[1788499221267] MA: session ended kind=TRANSPORT_CLOSED retryable=true
[1788499221811] MA: session ended kind=TRANSPORT_CLOSED retryable=true
[1788499222278] MA: session ended kind=TRANSPORT_CLOSED retryable=true
[1788499222734] MA: session ended kind=TRANSPORT_CLOSED retryable=true
[1788499223287] MA: session ended kind=TRANSPORT_CLOSED retryable=true
[1788499223730] MA: session ended kind=TRANSPORT_CLOSED retryable=true
[1788499224343] MA: session ended kind=TRANSPORT_CLOSED retryable=true
[1788499224917] MA: session ended kind=TRANSPORT_CLOSED retryable=true
[1788499225448] MA: session ended kind=TRANSPORT_CLOSED retryable=true
[1788499225906] MA: session ended kind=TRANSPORT_CLOSED retryable=true
[1788499226322] MA: session ended kind=TRANSPORT_CLOSED retryable=true
[1788499226803] MA: session ended kind=TRANSPORT_CLOSED retryable=true
[1788499227227] MA: session ended kind=TRANSPORT_CLOSED retryable=true
[1788499227787] MA: session ended kind=TRANSPORT_CLOSED retryable=true
[1788499228251] MA: session ended kind=TRANSPORT_CLOSED retryable=true
[1788499228740] MA: session ended kind=TRANSPORT_CLOSED retryable=true
[1788499229346] MA: session ended kind=TRANSPORT_CLOSED retryable=true
[1788499229915] MA: session ended kind=TRANSPORT_CLOSED retryable=true
[1788499230460] MA: session ended kind=TRANSPORT_CLOSED retryable=true
[1788499230936] MA: session ended kind=TRANSPORT_CLOSED retryable=true
[1788499231511] MA: session ended kind=TRANSPORT_CLOSED retryable=true
[1788499232057] MA: session ended kind=TRANSPORT_CLOSED retryable=true
[1788499232524] MA: session ended kind=TRANSPORT_CLOSED retryable=true
[1788499233122] MA: session ended kind=TRANSPORT_CLOSED retryable=true
[1788499233666] MA: session ended kind=TRANSPORT_CLOSED retryable=true
[1788499234234] MA: session ended kind=TRANSPORT_CLOSED retryable=true
[1788499234803] MA: session ended kind=TRANSPORT_CLOSED retryable=true
[1788499235403] MA: session ended kind=TRANSPORT_CLOSED retryable=true
[1788499235947] MA: session ended kind=TRANSPORT_CLOSED retryable=true
[1788499236402] MA: session ended kind=TRANSPORT_CLOSED retryable=true
[1788499236909] MA: session ended kind=TRANSPORT_CLOSED retryable=true
[1788499237527] MA: session ended kind=TRANSPORT_CLOSED retryable=true
[1788499238118] MA: session ended kind=TRANSPORT_CLOSED retryable=true
[1788499238546] MA: session ended kind=TRANSPORT_CLOSED retryable=true
[1788499238978] MA: session ended kind=TRANSPORT_CLOSED retryable=true
[1788499239450] MA: session ended kind=TRANSPORT_CLOSED retryable=true
[1788499240050] MA: session ended kind=TRANSPORT_CLOSED retryable=true
[1788499240556] MA: session ended kind=TRANSPORT_CLOSED retryable=true
[1788499241164] MA: session ended kind=TRANSPORT_CLOSED retryable=true
[1788499241768] MA: session ended kind=TRANSPORT_CLOSED retryable=true
[1788499242333] MA: session ended kind=TRANSPORT_CLOSED retryable=true
[1788499242786] MA: session ended kind=TRANSPORT_CLOSED retryable=true
[1788499243324] MA: session ended kind=TRANSPORT_CLOSED retryable=true
[1788499243860] MA: session ended kind=TRANSPORT_CLOSED retryable=true
[1788499244384] MA: session ended kind=TRANSPORT_CLOSED retryable=true
[1788499244895] MA: session ended kind=TRANSPORT_CLOSED retryable=true
[1788499245495] MA: session ended kind=TRANSPORT_CLOSED retryable=true
[1788499246059] MA: session ended kind=TRANSPORT_CLOSED retryable=true
[1788499246597] MA: session ended kind=TRANSPORT_CLOSED retryable=true
[1788499247041] MA: session ended kind=TRANSPORT_CLOSED retryable=true
[1788499247596] MA: session ended kind=TRANSPORT_CLOSED retryable=true
[1788499248054] MA: session ended kind=TRANSPORT_CLOSED retryable=true
[1788499248651] MA: session ended kind=TRANSPORT_CLOSED retryable=true
[1788499249157] MA: session ended kind=TRANSPORT_CLOSED retryable=true
[1788499249771] MA: session ended kind=TRANSPORT_CLOSED retryable=true
[1788499250206] MA: session ended kind=TRANSPORT_CLOSED retryable=true
[1788499250741] MA: session ended kind=TRANSPORT_CLOSED retryable=true
[1788499251204] MA: session ended kind=TRANSPORT_CLOSED retryable=true
[1788499251686] MA: session ended kind=TRANSPORT_CLOSED retryable=true
[1788499252239] MA: session ended kind=TRANSPORT_CLOSED retryable=true
[1788499252754] MA: session ended kind=TRANSPORT_CLOSED retryable=true
[1788499253328] MA: session ended kind=TRANSPORT_CLOSED retryable=true
[1788499253805] MA: session ended kind=TRANSPORT_CLOSED retryable=true
[1788499254251] MA: session ended kind=TRANSPORT_CLOSED retryable=true
[1788499254732] MA: session ended kind=TRANSPORT_CLOSED retryable=true
[1788499255347] MA: session ended kind=TRANSPORT_CLOSED retryable=true
[1788499255766] MA: session ended kind=TRANSPORT_CLOSED retryable=true
[1788499256210] MA: session ended kind=TRANSPORT_CLOSED retryable=true
[1788499256631] MA: session ended kind=TRANSPORT_CLOSED retryable=true
[1788499257056] MA: session ended kind=TRANSPORT_CLOSED retryable=true
[1788499257658] MA: session ended kind=TRANSPORT_CLOSED retryable=true
[1788499258097] MA: session ended kind=TRANSPORT_CLOSED retryable=true
[1788499258665] MA: session ended kind=TRANSPORT_CLOSED retryable=true
[1788499259268] MA: session ended kind=TRANSPORT_CLOSED retryable=true
[1788499259792] MA: session ended kind=TRANSPORT_CLOSED retryable=true
[1788499260288] MA: session ended kind=TRANSPORT_CLOSED retryable=true
[1788499260889] MA: session ended kind=TRANSPORT_CLOSED retryable=true
[1788499261348] MA: session ended kind=TRANSPORT_CLOSED retryable=true
[1788499261812] MA: session ended kind=TRANSPORT_CLOSED retryable=true
[1788499262427] MA: session ended kind=TRANSPORT_CLOSED retryable=true
[1788499262964] MA: session ended kind=TRANSPORT_CLOSED retryable=true
[1788499263540] MA: session ended kind=TRANSPORT_CLOSED retryable=true
[1788499264028] MA: session ended kind=TRANSPORT_CLOSED retryable=true
[1788499264508] MA: session ended kind=TRANSPORT_CLOSED retryable=true
[1788499265056] MA: session ended kind=TRANSPORT_CLOSED retryable=true
[1788499265621] MA: session ended kind=TRANSPORT_CLOSED retryable=true
[1788499266155] MA: session ended kind=TRANSPORT_CLOSED retryable=true
[1788499266655] MA: session ended kind=TRANSPORT_CLOSED retryable=true
[1788499267278] MA: session ended kind=TRANSPORT_CLOSED retryable=true
[1788499267871] MA: session ended kind=TRANSPORT_CLOSED retryable=true
[1788499268331] MA: session ended kind=TRANSPORT_CLOSED retryable=true
[1788499268882] MA: session ended kind=TRANSPORT_CLOSED retryable=true
[1788499269441] MA: session ended kind=TRANSPORT_CLOSED retryable=true
[1788499269921] MA: session ended kind=TRANSPORT_CLOSED retryable=true
[1788499270481] MA: session ended kind=TRANSPORT_CLOSED retryable=true
[1788499270899] MA: session ended kind=TRANSPORT_CLOSED retryable=true
[1788499271482] MA: session ended kind=TRANSPORT_CLOSED retryable=true
[1788499271926] MA: session ended kind=TRANSPORT_CLOSED retryable=true
[1788499272425] MA: session ended kind=TRANSPORT_CLOSED retryable=true
[1788499272983] MA: session ended kind=TRANSPORT_CLOSED retryable=true
[1788499273434] MA: session ended kind=TRANSPORT_CLOSED retryable=true
[1788499274010] MA: session ended kind=TRANSPORT_CLOSED retryable=true
[1788499274562] MA: session ended kind=TRANSPORT_CLOSED retryable=true
[1788499275007] MA: session ended kind=TRANSPORT_CLOSED retryable=true
[1788499275460] MA: session ended kind=TRANSPORT_CLOSED retryable=true
[1788499275966] MA: session ended kind=TRANSPORT_CLOSED retryable=true
[1788499276418] MA: session ended kind=TRANSPORT_CLOSED retryable=true
[1788499276834] MA: session ended kind=TRANSPORT_CLOSED retryable=true
[1788499277395] MA: session ended kind=TRANSPORT_CLOSED retryable=true
[1788499277855] MA: session ended kind=TRANSPORT_CLOSED retryable=true
[1788499278367] MA: session ended kind=TRANSPORT_CLOSED retryable=true
[1788499278953] MA: session ended kind=TRANSPORT_CLOSED retryable=true
[1788499279459] MA: session ended kind=TRANSPORT_CLOSED retryable=true
[1788499279919] MA: session ended kind=TRANSPORT_CLOSED retryable=true
[1788499280369] MA: session ended kind=TRANSPORT_CLOSED retryable=true
[1788499280955] MA: session ended kind=TRANSPORT_CLOSED retryable=true
[1788499281529] MA: session ended kind=TRANSPORT_CLOSED retryable=true
[1788499282158] MA: session ended kind=TRANSPORT_CLOSED retryable=true
[1788499282668] MA: session ended kind=TRANSPORT_CLOSED retryable=true
[1788499283231] MA: session ended kind=TRANSPORT_CLOSED retryable=true
[1788499283813] MA: session ended kind=TRANSPORT_CLOSED retryable=true
[1788499284235] MA: session ended kind=TRANSPORT_CLOSED retryable=true
[1788499284794] MA: session ended kind=TRANSPORT_CLOSED retryable=true
[1788499285330] MA: session ended kind=TRANSPORT_CLOSED retryable=true
[1788499285887] MA: session ended kind=TRANSPORT_CLOSED retryable=true
[1788499286331] MA: session ended kind=TRANSPORT_CLOSED retryable=true
[1788499286767] MA: session ended kind=TRANSPORT_CLOSED retryable=true
[1788499287371] MA: session ended kind=TRANSPORT_CLOSED retryable=true
[1788499287952] MA: session ended kind=TRANSPORT_CLOSED retryable=true
[1788499288551] MA: session ended kind=TRANSPORT_CLOSED retryable=true
[1788499289047] MA: session ended kind=TRANSPORT_CLOSED retryable=true
[1788499289526] MA: session ended kind=TRANSPORT_CLOSED retryable=true
[1788499289991] MA: session ended kind=TRANSPORT_CLOSED retryable=true
[1788499290463] MA: session ended kind=TRANSPORT_CLOSED retryable=true
[1788499290996] MA: session ended kind=TRANSPORT_CLOSED retryable=true
[1788499291518] MA: session ended kind=TRANSPORT_CLOSED retryable=true
[1788499291976] MA: session ended kind=TRANSPORT_CLOSED retryable=true
[1788499292471] MA: session ended kind=TRANSPORT_CLOSED retryable=true
[1788499293052] MA: session ended kind=TRANSPORT_CLOSED retryable=true
[1788499293535] MA: session ended kind=TRANSPORT_CLOSED retryable=true
[1788499294085] MA: session ended kind=TRANSPORT_CLOSED retryable=true
[1788499294558] MA: session ended kind=TRANSPORT_CLOSED retryable=true
[1788499295089] MA: session ended kind=TRANSPORT_CLOSED retryable=true
[1788499295553] MA: session ended kind=TRANSPORT_CLOSED retryable=true
[1788499296112] MA: session ended kind=TRANSPORT_CLOSED retryable=true
[1788499296549] MA: session ended kind=TRANSPORT_CLOSED retryable=true
[1788499297064] MA: session ended kind=TRANSPORT_CLOSED retryable=true
[1788499297599] MA: session ended kind=TRANSPORT_CLOSED retryable=true
[1788499298177] MA: session ended kind=TRANSPORT_CLOSED retryable=true
[1788499298780] MA: session ended kind=TRANSPORT_CLOSED retryable=true
[1788499299221] MA: session ended kind=TRANSPORT_CLOSED retryable=true
[1788499299712] MA: session ended kind=TRANSPORT_CLOSED retryable=true
[1788499300225] MA: session ended kind=TRANSPORT_CLOSED retryable=true
[1788499300836] MA: session ended kind=TRANSPORT_CLOSED retryable=true
[1788499301283] MA: session ended kind=TRANSPORT_CLOSED retryable=true
[1788499301848] MA: session ended kind=TRANSPORT_CLOSED retryable=true
[1788499302270] MA: session ended kind=TRANSPORT_CLOSED retryable=true
[1788499302817] MA: session ended kind=TRANSPORT_CLOSED retryable=true
[1788499303341] MA: session ended kind=TRANSPORT_CLOSED retryable=true
[1788499303819] MA: session ended kind=TRANSPORT_CLOSED retryable=true
[1788499304262] MA: session ended kind=TRANSPORT_CLOSED retryable=true
[1788499304708] MA: session ended kind=TRANSPORT_CLOSED retryable=true
[1788499305224] MA: session ended kind=TRANSPORT_CLOSED retryable=true
[1788499305728] MA: session ended kind=TRANSPORT_CLOSED retryable=true
[1788499306168] MA: session ended kind=TRANSPORT_CLOSED retryable=true
[1788499306703] MA: session ended kind=TRANSPORT_CLOSED retryable=true
[1788499307236] MA: session ended kind=TRANSPORT_CLOSED retryable=true
[1788499307703] MA: session ended kind=TRANSPORT_CLOSED retryable=true
[1788499308222] MA: session ended kind=TRANSPORT_CLOSED retryable=true
[1788499308827] MA: session ended kind=TRANSPORT_CLOSED retryable=true
[1788499309371] MA: session ended kind=TRANSPORT_CLOSED retryable=true
[1788499309972] MA: session ended kind=TRANSPORT_CLOSED retryable=true
[1788499310513] MA: session ended kind=TRANSPORT_CLOSED retryable=true
[1788499310964] MA: session ended kind=TRANSPORT_CLOSED retryable=true
[1788499311501] MA: session ended kind=TRANSPORT_CLOSED retryable=true
[1788499311970] MA: session ended kind=TRANSPORT_CLOSED retryable=true
[1788499312580] MA: session ended kind=TRANSPORT_CLOSED retryable=true
[1788499313163] MA: session ended kind=TRANSPORT_CLOSED retryable=true
[1788499313692] MA: session ended kind=TRANSPORT_CLOSED retryable=true
[1788499314131] MA: session ended kind=TRANSPORT_CLOSED retryable=true
[1788499314659] MA: session ended kind=TRANSPORT_CLOSED retryable=true
[1788499315150] MA: session ended kind=TRANSPORT_CLOSED retryable=true
[1788499315715] MA: session ended kind=TRANSPORT_CLOSED retryable=true
[1788499316197] MA: session ended kind=TRANSPORT_CLOSED retryable=true
[1788499316820] MA: session ended kind=TRANSPORT_CLOSED retryable=true
[1788499317403] MA: session ended kind=TRANSPORT_CLOSED retryable=true
[1788499317963] MA: session ended kind=TRANSPORT_CLOSED retryable=true
[1788499318458] MA: session ended kind=TRANSPORT_CLOSED retryable=true
[1788499318917] MA: session ended kind=TRANSPORT_CLOSED retryable=true
[1788499319430] MA: session ended kind=TRANSPORT_CLOSED retryable=true
[1788499319923] MA: session ended kind=TRANSPORT_CLOSED retryable=true
[1788499320408] MA: session ended kind=TRANSPORT_CLOSED retryable=true
[1788499321019] MA: session ended kind=TRANSPORT_CLOSED retryable=true
[1788499321646] MA: session ended kind=TRANSPORT_CLOSED retryable=true
[1788499322253] MA: session ended kind=TRANSPORT_CLOSED retryable=true
[1788499322867] MA: session ended kind=TRANSPORT_CLOSED retryable=true
[1788499323308] MA: session ended kind=TRANSPORT_CLOSED retryable=true
[1788499323769] MA: session ended kind=TRANSPORT_CLOSED retryable=true
[1788499324238] MA: session ended kind=TRANSPORT_CLOSED retryable=true
[1788499324802] MA: session ended kind=TRANSPORT_CLOSED retryable=true
[1788499325387] MA: session ended kind=TRANSPORT_CLOSED retryable=true
[1788499325975] MA: session ended kind=TRANSPORT_CLOSED retryable=true
[1788499326547] MA: session ended kind=TRANSPORT_CLOSED retryable=true
[1788499327027] MA: session ended kind=TRANSPORT_CLOSED retryable=true
[1788499327582] MA: session ended kind=TRANSPORT_CLOSED retryable=true
[1788499328147] MA: session ended kind=TRANSPORT_CLOSED retryable=true
[1788499328695] MA: session ended kind=TRANSPORT_CLOSED retryable=true
[1788499329293] MA: session ended kind=TRANSPORT_CLOSED retryable=true
[1788499329892] MA: session ended kind=TRANSPORT_CLOSED retryable=true
[1788499330443] MA: session ended kind=TRANSPORT_CLOSED retryable=true
[1788499330955] MA: session ended kind=TRANSPORT_CLOSED retryable=true
[1788499331574] MA: session ended kind=TRANSPORT_CLOSED retryable=true
[1788499332066] MA: session ended kind=TRANSPORT_CLOSED retryable=true
[1788499332638] MA: session ended kind=TRANSPORT_CLOSED retryable=true
[1788499333228] MA: session ended kind=TRANSPORT_CLOSED retryable=true
[1788499333730] MA: session ended kind=TRANSPORT_CLOSED retryable=true
[1788499334283] MA: session ended kind=TRANSPORT_CLOSED retryable=true
[1788499334736] MA: session ended kind=TRANSPORT_CLOSED retryable=true
[1788499335351] MA: session ended kind=TRANSPORT_CLOSED retryable=true
[1788499335830] MA: session ended kind=TRANSPORT_CLOSED retryable=true
[1788499336294] MA: session ended kind=TRANSPORT_CLOSED retryable=true
[1788499336913] MA: session ended kind=TRANSPORT_CLOSED retryable=true
[1788499337380] MA: session ended kind=TRANSPORT_CLOSED retryable=true
[1788499337849] MA: session ended kind=TRANSPORT_CLOSED retryable=true
[1788499338355] MA: session ended kind=TRANSPORT_CLOSED retryable=true
[1788499338846] MA: session ended kind=TRANSPORT_CLOSED retryable=true
[1788499339293] MA: session ended kind=TRANSPORT_CLOSED retryable=true
[1788499339799] MA: session ended kind=TRANSPORT_CLOSED retryable=true
[1788499340271] MA: session ended kind=TRANSPORT_CLOSED retryable=true
[1788499340785] MA: session ended kind=TRANSPORT_CLOSED retryable=true
[1788499341311] MA: session ended kind=TRANSPORT_CLOSED retryable=true
[1788499341874] MA: session ended kind=TRANSPORT_CLOSED retryable=true
[1788499342315] MA: session ended kind=TRANSPORT_CLOSED retryable=true
[1788499342807] MA: session ended kind=TRANSPORT_CLOSED retryable=true
[1788499343372] MA: session ended kind=TRANSPORT_CLOSED retryable=true
[1788499343910] MA: session ended kind=TRANSPORT_CLOSED retryable=true
[1788499344523] MA: session ended kind=TRANSPORT_CLOSED retryable=true
[1788499345057] MA: session ended kind=TRANSPORT_CLOSED retryable=true
[1788499345575] MA: session ended kind=TRANSPORT_CLOSED retryable=true
[1788499346015] MA: session ended kind=TRANSPORT_CLOSED retryable=true
[1788499346614] MA: session ended kind=TRANSPORT_CLOSED retryable=true
[1788499347159] MA: session ended kind=TRANSPORT_CLOSED retryable=true
[1788499347723] MA: session ended kind=TRANSPORT_CLOSED retryable=true
[1788499348216] MA: session ended kind=TRANSPORT_CLOSED retryable=true
[1788499348803] MA: session ended kind=TRANSPORT_CLOSED retryable=true
[1788499349238] MA: session ended kind=TRANSPORT_CLOSED retryable=true
[1788499349824] MA: session ended kind=TRANSPORT_CLOSED retryable=true
[1788499350256] MA: session ended kind=TRANSPORT_CLOSED retryable=true
[1788499350823] MA: session ended kind=TRANSPORT_CLOSED retryable=true
[1788499351387] MA: session ended kind=TRANSPORT_CLOSED retryable=true
[1788499351891] MA: session ended kind=TRANSPORT_CLOSED retryable=true
[1788499352363] MA: session ended kind=TRANSPORT_CLOSED retryable=true
[1788499352937] MA: session ended kind=TRANSPORT_CLOSED retryable=true
[1788499353356] MA: session ended kind=TRANSPORT_CLOSED retryable=true
[1788499353798] MA: session ended kind=TRANSPORT_CLOSED retryable=true
[1788499354309] MA: session ended kind=TRANSPORT_CLOSED retryable=true
[1788499354813] MA: session ended kind=TRANSPORT_CLOSED retryable=true
[1788499355330] MA: session ended kind=TRANSPORT_CLOSED retryable=true
[1788499355911] MA: session ended kind=TRANSPORT_CLOSED retryable=true
[1788499356414] MA: session ended kind=TRANSPORT_CLOSED retryable=true
[1788499356906] MA: session ended kind=TRANSPORT_CLOSED retryable=true
[1788499357451] MA: session ended kind=TRANSPORT_CLOSED retryable=true
[1788499358010] MA: session ended kind=TRANSPORT_CLOSED retryable=true
[1788499358479] MA: session ended kind=TRANSPORT_CLOSED retryable=true
[1788499358948] MA: session ended kind=TRANSPORT_CLOSED retryable=true
[1788499359488] MA: session ended kind=TRANSPORT_CLOSED retryable=true
[1788499359946] MA: session ended kind=TRANSPORT_CLOSED retryable=true
[1788499360564] MA: session ended kind=TRANSPORT_CLOSED retryable=true
[1788499361068] MA: session ended kind=TRANSPORT_CLOSED retryable=true
[1788499361591] MA: session ended kind=TRANSPORT_CLOSED retryable=true
[1788499362203] MA: session ended kind=TRANSPORT_CLOSED retryable=true
[1788499362712] MA: session ended kind=TRANSPORT_CLOSED retryable=true
[1788499363272] MA: session ended kind=TRANSPORT_CLOSED retryable=true
[1788499363818] MA: session ended kind=TRANSPORT_CLOSED retryable=true
[1788499364275] MA: session ended kind=TRANSPORT_CLOSED retryable=true
[1788499364834] MA: session ended kind=TRANSPORT_CLOSED retryable=true
[1788499365435] MA: session ended kind=TRANSPORT_CLOSED retryable=true
[1788499365986] MA: session ended kind=TRANSPORT_CLOSED retryable=true
[1788499366472] MA: session ended kind=TRANSPORT_CLOSED retryable=true
[1788499366996] MA: session ended kind=TRANSPORT_CLOSED retryable=true
[1788499367530] MA: session ended kind=TRANSPORT_CLOSED retryable=true
[1788499368003] MA: session ended kind=TRANSPORT_CLOSED retryable=true
[1788499368459] MA: session ended kind=TRANSPORT_CLOSED retryable=true
[1788499368966] MA: session ended kind=TRANSPORT_CLOSED retryable=true
[1788499369395] MA: session ended kind=TRANSPORT_CLOSED retryable=true
[1788499370011] MA: session ended kind=TRANSPORT_CLOSED retryable=true
[1788499370658] MA: session ended kind=TRANSPORT_CLOSED retryable=true
[1788499371251] MA: session ended kind=TRANSPORT_CLOSED retryable=true
[1788499371875] MA: session ended kind=TRANSPORT_CLOSED retryable=true
[1788499372294] MA: session ended kind=TRANSPORT_CLOSED retryable=true
[1788499372773] MA: session ended kind=TRANSPORT_CLOSED retryable=true
[1788499373265] MA: session ended kind=TRANSPORT_CLOSED retryable=true
[1788499373790] MA: session ended kind=TRANSPORT_CLOSED retryable=true
[1788499374223] MA: session ended kind=TRANSPORT_CLOSED retryable=true
[1788499374764] MA: session ended kind=TRANSPORT_CLOSED retryable=true
[1788499375304] MA: session ended kind=TRANSPORT_CLOSED retryable=true
[1788499375783] MA: session ended kind=TRANSPORT_CLOSED retryable=true
[1788499376379] MA: session ended kind=TRANSPORT_CLOSED retryable=true
[1788499376870] MA: session ended kind=TRANSPORT_CLOSED retryable=true
[1788499377318] MA: session ended kind=TRANSPORT_CLOSED retryable=true
[1788499377842] MA: session ended kind=TRANSPORT_CLOSED retryable=true
[1788499378356] MA: session ended kind=TRANSPORT_CLOSED retryable=true
[1788499378828] MA: session ended kind=TRANSPORT_CLOSED retryable=true
[1788499379303] MA: session ended kind=TRANSPORT_CLOSED retryable=true
[1788499379835] MA: session ended kind=TRANSPORT_CLOSED retryable=true
[1788499380322] MA: session ended kind=TRANSPORT_CLOSED retryable=true
[1788499380843] MA: session ended kind=TRANSPORT_CLOSED retryable=true
[1788499381313] MA: session ended kind=TRANSPORT_CLOSED retryable=true
[1788499381823] MA: session ended kind=TRANSPORT_CLOSED retryable=true
[1788499382440] MA: session ended kind=TRANSPORT_CLOSED retryable=true
[1788499383003] MA: session ended kind=TRANSPORT_CLOSED retryable=true
[1788499383583] MA: session ended kind=TRANSPORT_CLOSED retryable=true
[1788499384156] MA: session ended kind=TRANSPORT_CLOSED retryable=true
[1788499384696] MA: session ended kind=TRANSPORT_CLOSED retryable=true
[1788499385242] MA: session ended kind=TRANSPORT_CLOSED retryable=true
[1788499385671] MA: session ended kind=TRANSPORT_CLOSED retryable=true
[1788499386274] MA: session ended kind=TRANSPORT_CLOSED retryable=true
[1788499386831] MA: session ended kind=TRANSPORT_CLOSED retryable=true
[1788499387315] MA: session ended kind=TRANSPORT_CLOSED retryable=true
[1788499387875] MA: session ended kind=TRANSPORT_CLOSED retryable=true
[1788499388360] MA: session ended kind=TRANSPORT_CLOSED retryable=true
[1788499388872] MA: session ended kind=TRANSPORT_CLOSED retryable=true
[1788499389365] MA: session ended kind=TRANSPORT_CLOSED retryable=true
[1788499389990] MA: session ended kind=TRANSPORT_CLOSED retryable=true
[1788499390431] MA: session ended kind=TRANSPORT_CLOSED retryable=true
[1788499391011] MA: session ended kind=TRANSPORT_CLOSED retryable=true
[1788499391577] MA: session ended kind=TRANSPORT_CLOSED retryable=true
[1788499392059] MA: session ended kind=TRANSPORT_CLOSED retryable=true
[1788499392632] MA: session ended kind=TRANSPORT_CLOSED retryable=true
[1788499393138] MA: session ended kind=TRANSPORT_CLOSED retryable=true
[1788499393711] MA: session ended kind=TRANSPORT_CLOSED retryable=true
[1788499394296] MA: session ended kind=TRANSPORT_CLOSED retryable=true
[1788499394899] MA: session ended kind=TRANSPORT_CLOSED retryable=true
[1788499395335] MA: session ended kind=TRANSPORT_CLOSED retryable=true
[1788499395906] MA: session ended kind=TRANSPORT_CLOSED retryable=true
[1788499396333] MA: session ended kind=TRANSPORT_CLOSED retryable=true
[1788499396914] MA: session ended kind=TRANSPORT_CLOSED retryable=true
[1788499397524] MA: session ended kind=TRANSPORT_CLOSED retryable=true
[1788499398085] MA: session ended kind=TRANSPORT_CLOSED retryable=true
[1788499398634] MA: session ended kind=TRANSPORT_CLOSED retryable=true
[1788499399068] MA: session ended kind=TRANSPORT_CLOSED retryable=true
[1788499399687] MA: session ended kind=TRANSPORT_CLOSED retryable=true
[1788499400297] MA: session ended kind=TRANSPORT_CLOSED retryable=true
[1788499400886] MA: session ended kind=TRANSPORT_CLOSED retryable=true
[1788499401469] MA: session ended kind=TRANSPORT_CLOSED retryable=true
[1788499401914] MA: session ended kind=TRANSPORT_CLOSED retryable=true
[1788499402386] MA: session ended kind=TRANSPORT_CLOSED retryable=true
[1788499402947] MA: session ended kind=TRANSPORT_CLOSED retryable=true
[1788499403520] MA: session ended kind=TRANSPORT_CLOSED retryable=true
[1788499404068] MA: session ended kind=TRANSPORT_CLOSED retryable=true
[1788499404550] MA: session ended kind=TRANSPORT_CLOSED retryable=true
[1788499405032] MA: session ended kind=TRANSPORT_CLOSED retryable=true
[1788499405575] MA: session ended kind=TRANSPORT_CLOSED retryable=true
[1788499406175] MA: session ended kind=TRANSPORT_CLOSED retryable=true
[1788499406672] MA: session ended kind=TRANSPORT_CLOSED retryable=true
[1788499407229] MA: session ended kind=TRANSPORT_CLOSED retryable=true
[1788499407688] MA: session ended kind=TRANSPORT_CLOSED retryable=true
[1788499408256] MA: session ended kind=TRANSPORT_CLOSED retryable=true
[1788499408851] MA: session ended kind=TRANSPORT_CLOSED retryable=true
[1788499409411] MA: session ended kind=TRANSPORT_CLOSED retryable=true
[1788499409984] MA: session ended kind=TRANSPORT_CLOSED retryable=true
[1788499410550] MA: session ended kind=TRANSPORT_CLOSED retryable=true
[1788499410998] MA: session ended kind=TRANSPORT_CLOSED retryable=true
[1788499411506] MA: session ended kind=TRANSPORT_CLOSED retryable=true
[1788499412088] MA: session ended kind=TRANSPORT_CLOSED retryable=true
[1788499412607] MA: session ended kind=TRANSPORT_CLOSED retryable=true
[1788499413129] MA: session ended kind=TRANSPORT_CLOSED retryable=true
[1788499413596] MA: session ended kind=TRANSPORT_CLOSED retryable=true
[1788499414188] MA: session ended kind=TRANSPORT_CLOSED retryable=true
[1788499414735] MA: session ended kind=TRANSPORT_CLOSED retryable=true
[1788499415235] MA: session ended kind=TRANSPORT_CLOSED retryable=true
[1788499415720] MA: session ended kind=TRANSPORT_CLOSED retryable=true
[1788499416245] MA: session ended kind=TRANSPORT_CLOSED retryable=true
[1788499416788] MA: session ended kind=TRANSPORT_CLOSED retryable=true
[1788499417220] MA: session ended kind=TRANSPORT_CLOSED retryable=true
[1788499417641] MA: session ended kind=TRANSPORT_CLOSED retryable=true
[1788499418243] MA: session ended kind=TRANSPORT_CLOSED retryable=true
[1788499418671] MA: session ended kind=TRANSPORT_CLOSED retryable=true
[1788499419111] MA: session ended kind=TRANSPORT_CLOSED retryable=true
[1788499419629] MA: session ended kind=TRANSPORT_CLOSED retryable=true
[1788499420092] MA: session ended kind=TRANSPORT_CLOSED retryable=true
[1788499420677] MA: session ended kind=TRANSPORT_CLOSED retryable=true
[1788499421227] MA: session ended kind=TRANSPORT_CLOSED retryable=true
[1788499421768] MA: session ended kind=TRANSPORT_CLOSED retryable=true
[1788499422360] MA: session ended kind=TRANSPORT_CLOSED retryable=true
[1788499422853] MA: session ended kind=TRANSPORT_CLOSED retryable=true
[1788499423331] MA: session ended kind=TRANSPORT_CLOSED retryable=true
[1788499423794] MA: session ended kind=TRANSPORT_CLOSED retryable=true
[1788499424396] MA: session ended kind=TRANSPORT_CLOSED retryable=true
[1788499424964] MA: session ended kind=TRANSPORT_CLOSED retryable=true
[1788499425506] MA: session ended kind=TRANSPORT_CLOSED retryable=true
[1788499426036] MA: session ended kind=TRANSPORT_CLOSED retryable=true
[1788499426628] MA: session ended kind=TRANSPORT_CLOSED retryable=true
[1788499427065] MA: session ended kind=TRANSPORT_CLOSED retryable=true
[1788499427643] MA: session ended kind=TRANSPORT_CLOSED retryable=true
[1788499428211] MA: session ended kind=TRANSPORT_CLOSED retryable=true
[1788499428759] MA: session ended kind=TRANSPORT_CLOSED retryable=true
[1788499429281] MA: session ended kind=TRANSPORT_CLOSED retryable=true
[1788499429702] MA: session ended kind=TRANSPORT_CLOSED retryable=true
[1788499430232] MA: session ended kind=TRANSPORT_CLOSED retryable=true
[1788499430716] MA: session ended kind=TRANSPORT_CLOSED retryable=true
[1788499431152] MA: session ended kind=TRANSPORT_CLOSED retryable=true
[1788499431606] MA: session ended kind=TRANSPORT_CLOSED retryable=true
[1788499432147] MA: session ended kind=TRANSPORT_CLOSED retryable=true
[1788499432663] MA: session ended kind=TRANSPORT_CLOSED retryable=true
[1788499433151] MA: session ended kind=TRANSPORT_CLOSED retryable=true
[1788499433764] MA: session ended kind=TRANSPORT_CLOSED retryable=true
[1788499434198] MA: session ended kind=TRANSPORT_CLOSED retryable=true
[1788499434803] MA: session ended kind=TRANSPORT_CLOSED retryable=true
[1788499435251] MA: session ended kind=TRANSPORT_CLOSED retryable=true
[1788499435880] MA: session ended kind=TRANSPORT_CLOSED retryable=true
[1788499436414] MA: session ended kind=TRANSPORT_CLOSED retryable=true
[1788499436899] MA: session ended kind=TRANSPORT_CLOSED retryable=true
[1788499437359] MA: session ended kind=TRANSPORT_CLOSED retryable=true
[1788499437939] MA: session ended kind=TRANSPORT_CLOSED retryable=true
[1788499438435] MA: session ended kind=TRANSPORT_CLOSED retryable=true
[1788499439035] MA: session ended kind=TRANSPORT_CLOSED retryable=true
[1788499439563] MA: session ended kind=TRANSPORT_CLOSED retryable=true
[1788499440056] MA: session ended kind=TRANSPORT_CLOSED retryable=true
[1788499440578] MA: session ended kind=TRANSPORT_CLOSED retryable=true
[1788499441052] MA: session ended kind=TRANSPORT_CLOSED retryable=true
[1788499441583] MA: session ended kind=TRANSPORT_CLOSED retryable=true
[1788499442186] MA: session ended kind=TRANSPORT_CLOSED retryable=true
[1788499442754] MA: session ended kind=TRANSPORT_CLOSED retryable=true
[1788499443306] MA: session ended kind=TRANSPORT_CLOSED retryable=true
[1788499443749] MA: session ended kind=TRANSPORT_CLOSED retryable=true
[1788499444172] MA: session ended kind=TRANSPORT_CLOSED retryable=true
[1788499444697] MA: session ended kind=TRANSPORT_CLOSED retryable=true
[1788499445169] MA: session ended kind=TRANSPORT_CLOSED retryable=true
[1788499445696] MA: session ended kind=TRANSPORT_CLOSED retryable=true
[1788499446189] MA: session ended kind=TRANSPORT_CLOSED retryable=true
[1788499446619] MA: session ended kind=TRANSPORT_CLOSED retryable=true
[1788499447147] MA: session ended kind=TRANSPORT_CLOSED retryable=true
[1788499447684] MA: session ended kind=TRANSPORT_CLOSED retryable=true
[1788499448263] MA: session ended kind=TRANSPORT_CLOSED retryable=true
[1788499448704] MA: session ended kind=TRANSPORT_CLOSED retryable=true
[1788499449217] MA: session ended kind=TRANSPORT_CLOSED retryable=true
[1788499449857] MA: session ended kind=TRANSPORT_CLOSED retryable=true
[1788499450453] MA: session ended kind=TRANSPORT_CLOSED retryable=true
[1788499450912] MA: session ended kind=TRANSPORT_CLOSED retryable=true
[1788499451477] MA: session ended kind=TRANSPORT_CLOSED retryable=true
[1788499451914] MA: session ended kind=TRANSPORT_CLOSED retryable=true
[1788499452520] MA: session ended kind=TRANSPORT_CLOSED retryable=true
[1788499453131] MA: session ended kind=TRANSPORT_CLOSED retryable=true
[1788499453694] MA: session ended kind=TRANSPORT_CLOSED retryable=true
[1788499454155] MA: session ended kind=TRANSPORT_CLOSED retryable=true
[1788499454731] MA: session ended kind=TRANSPORT_CLOSED retryable=true
[1788499455308] MA: session ended kind=TRANSPORT_CLOSED retryable=true
[1788499455874] MA: session ended kind=TRANSPORT_CLOSED retryable=true
[1788499456352] MA: session ended kind=TRANSPORT_CLOSED retryable=true
[1788499456892] MA: session ended kind=TRANSPORT_CLOSED retryable=true
[1788499457350] MA: session ended kind=TRANSPORT_CLOSED retryable=true
[1788499457952] MA: session ended kind=TRANSPORT_CLOSED retryable=true
[1788499458520] MA: session ended kind=TRANSPORT_CLOSED retryable=true
[1788499459084] MA: session ended kind=TRANSPORT_CLOSED retryable=true
[1788499459586] MA: session ended kind=TRANSPORT_CLOSED retryable=true
[1788499460068] MA: session ended kind=TRANSPORT_CLOSED retryable=true
[1788499460556] MA: session ended kind=TRANSPORT_CLOSED retryable=true
[1788499461020] MA: session ended kind=TRANSPORT_CLOSED retryable=true
[1788499461485] MA: session ended kind=TRANSPORT_CLOSED retryable=true
[1788499461976] MA: session ended kind=TRANSPORT_CLOSED retryable=true
[1788499462496] MA: session ended kind=TRANSPORT_CLOSED retryable=true
[1788499463055] MA: session ended kind=TRANSPORT_CLOSED retryable=true
[1788499463557] MA: session ended kind=TRANSPORT_CLOSED retryable=true
[1788499464139] MA: session ended kind=TRANSPORT_CLOSED retryable=true
[1788499464583] MA: session ended kind=TRANSPORT_CLOSED retryable=true
[1788499465019] MA: session ended kind=TRANSPORT_CLOSED retryable=true
[1788499465508] MA: session ended kind=TRANSPORT_CLOSED retryable=true
[1788499466116] MA: session ended kind=TRANSPORT_CLOSED retryable=true
[1788499466660] MA: session ended kind=TRANSPORT_CLOSED retryable=true
[1788499467145] MA: session ended kind=TRANSPORT_CLOSED retryable=true
[1788499467724] MA: session ended kind=TRANSPORT_CLOSED retryable=true
[1788499468272] MA: session ended kind=TRANSPORT_CLOSED retryable=true
[1788499468804] MA: session ended kind=TRANSPORT_CLOSED retryable=true
[1788499469356] MA: session ended kind=TRANSPORT_CLOSED retryable=true
[1788499469942] MA: session ended kind=TRANSPORT_CLOSED retryable=true
[1788499470555] MA: session ended kind=TRANSPORT_CLOSED retryable=true
[1788499471015] MA: session ended kind=TRANSPORT_CLOSED retryable=true
[1788499471512] MA: session ended kind=TRANSPORT_CLOSED retryable=true
[1788499472011] MA: session ended kind=TRANSPORT_CLOSED retryable=true
[1788499472463] MA: session ended kind=TRANSPORT_CLOSED retryable=true
[1788499473068] MA: session ended kind=TRANSPORT_CLOSED retryable=true
[1788499473527] MA: session ended kind=TRANSPORT_CLOSED retryable=true
[1788499474089] MA: session ended kind=TRANSPORT_CLOSED retryable=true
[1788499474564] MA: session ended kind=TRANSPORT_CLOSED retryable=true
[1788499475014] MA: session ended kind=TRANSPORT_CLOSED retryable=true
[1788499475432] MA: session ended kind=TRANSPORT_CLOSED retryable=true
[1788499476058] MA: session ended kind=TRANSPORT_CLOSED retryable=true
[1788499476700] MA: session ended kind=TRANSPORT_CLOSED retryable=true
[1788499477136] MA: session ended kind=TRANSPORT_CLOSED retryable=true
[1788499477690] MA: session ended kind=TRANSPORT_CLOSED retryable=true
[1788499478212] MA: session ended kind=TRANSPORT_CLOSED retryable=true
[1788499478698] MA: session ended kind=TRANSPORT_CLOSED retryable=true
[1788499479246] MA: session ended kind=TRANSPORT_CLOSED retryable=true
[1788499479699] MA: session ended kind=TRANSPORT_CLOSED retryable=true
[1788499480246] MA: session ended kind=TRANSPORT_CLOSED retryable=true
[1788499480864] MA: session ended kind=TRANSPORT_CLOSED retryable=true
[1788499481459] MA: session ended kind=TRANSPORT_CLOSED retryable=true
[1788499482098] MA: session ended kind=TRANSPORT_CLOSED retryable=true
[1788499482654] MA: session ended kind=TRANSPORT_CLOSED retryable=true
[1788499483245] MA: session ended kind=TRANSPORT_CLOSED retryable=true
[1788499483739] MA: session ended kind=TRANSPORT_CLOSED retryable=true
[1788499484203] MA: session ended kind=TRANSPORT_CLOSED retryable=true
[1788499484771] MA: session ended kind=TRANSPORT_CLOSED retryable=true
[1788499485282] MA: session ended kind=TRANSPORT_CLOSED retryable=true
[1788499485714] MA: session ended kind=TRANSPORT_CLOSED retryable=true
[1788499486235] MA: session ended kind=TRANSPORT_CLOSED retryable=true
[1788499486702] MA: session ended kind=TRANSPORT_CLOSED retryable=true
[1788499487144] MA: session ended kind=TRANSPORT_CLOSED retryable=true
[1788499487753] MA: session ended kind=TRANSPORT_CLOSED retryable=true
[1788499488185] MA: session ended kind=TRANSPORT_CLOSED retryable=true
[1788499488684] MA: session ended kind=TRANSPORT_CLOSED retryable=true
[1788499489311] MA: session ended kind=TRANSPORT_CLOSED retryable=true
[1788499489867] MA: session ended kind=TRANSPORT_CLOSED retryable=true
[1788499490367] MA: session ended kind=TRANSPORT_CLOSED retryable=true
[1788499490974] MA: session ended kind=TRANSPORT_CLOSED retryable=true
[1788499491563] MA: session ended kind=TRANSPORT_CLOSED retryable=true
[1788499492172] MA: session ended kind=TRANSPORT_CLOSED retryable=true
[1788499492656] MA: session ended kind=TRANSPORT_CLOSED retryable=true
[1788499493224] MA: session ended kind=TRANSPORT_CLOSED retryable=true
[1788499493757] MA: session ended kind=TRANSPORT_CLOSED retryable=true
[1788499494295] MA: session ended kind=TRANSPORT_CLOSED retryable=true
[1788499494864] MA: session ended kind=TRANSPORT_CLOSED retryable=true
[1788499495449] MA: session ended kind=TRANSPORT_CLOSED retryable=true
[1788499496054] MA: session ended kind=TRANSPORT_CLOSED retryable=true
[1788499496496] MA: session ended kind=TRANSPORT_CLOSED retryable=true
[1788499496927] MA: session ended kind=TRANSPORT_CLOSED retryable=true
[1788499497511] MA: session ended kind=TRANSPORT_CLOSED retryable=true
[1788499498129] MA: session ended kind=TRANSPORT_CLOSED retryable=true
[1788499498769] MA: session ended kind=TRANSPORT_CLOSED retryable=true
[1788499499242] MA: session ended kind=TRANSPORT_CLOSED retryable=true
[1788499499790] MA: session ended kind=TRANSPORT_CLOSED retryable=true
[1788499500286] MA: session ended kind=TRANSPORT_CLOSED retryable=true
[1788499500765] MA: session ended kind=TRANSPORT_CLOSED retryable=true
[1788499501286] MA: session ended kind=TRANSPORT_CLOSED retryable=true
[1788499501759] MA: session ended kind=TRANSPORT_CLOSED retryable=true
[1788499502220] MA: session ended kind=TRANSPORT_CLOSED retryable=true
[1788499502810] MA: session ended kind=TRANSPORT_CLOSED retryable=true
[1788499503373] MA: session ended kind=TRANSPORT_CLOSED retryable=true
[1788499503903] MA: session ended kind=TRANSPORT_CLOSED retryable=true
[1788499504335] MA: session ended kind=TRANSPORT_CLOSED retryable=true
[1788499504840] MA: session ended kind=TRANSPORT_CLOSED retryable=true
[1788499505364] MA: session ended kind=TRANSPORT_CLOSED retryable=true
[1788499505935] MA: session ended kind=TRANSPORT_CLOSED retryable=true
[1788499506438] MA: session ended kind=TRANSPORT_CLOSED retryable=true
[1788499507000] MA: session ended kind=TRANSPORT_CLOSED retryable=true
[1788499507457] MA: session ended kind=TRANSPORT_CLOSED retryable=true
[1788499508040] MA: session ended kind=TRANSPORT_CLOSED retryable=true
[1788499508654] MA: session ended kind=TRANSPORT_CLOSED retryable=true
[1788499509214] MA: session ended kind=TRANSPORT_CLOSED retryable=true
[1788499509759] MA: session ended kind=TRANSPORT_CLOSED retryable=true
[1788499510377] MA: session ended kind=TRANSPORT_CLOSED retryable=true
[1788499510853] MA: session ended kind=TRANSPORT_CLOSED retryable=true
[1788499511444] MA: session ended kind=TRANSPORT_CLOSED retryable=true
[1788499511880] MA: session ended kind=TRANSPORT_CLOSED retryable=true
[1788499512331] MA: session ended kind=TRANSPORT_CLOSED retryable=true
[1788499512929] MA: session ended kind=TRANSPORT_CLOSED retryable=true
[1788499513404] MA: session ended kind=TRANSPORT_CLOSED retryable=true
[1788499513882] MA: session ended kind=TRANSPORT_CLOSED retryable=true
[1788499514386] MA: session ended kind=TRANSPORT_CLOSED retryable=true
[1788499514834] MA: session ended kind=TRANSPORT_CLOSED retryable=true
[1788499515284] MA: session ended kind=TRANSPORT_CLOSED retryable=true
[1788499515819] MA: session ended kind=TRANSPORT_CLOSED retryable=true
[1788499516435] MA: session ended kind=TRANSPORT_CLOSED retryable=true
[1788499516965] MA: session ended kind=TRANSPORT_CLOSED retryable=true
[1788499517395] MA: session ended kind=TRANSPORT_CLOSED retryable=true
[1788499517901] MA: session ended kind=TRANSPORT_CLOSED retryable=true
[1788499518362] MA: session ended kind=TRANSPORT_CLOSED retryable=true
[1788499518916] MA: session ended kind=TRANSPORT_CLOSED retryable=true
[1788499519405] MA: session ended kind=TRANSPORT_CLOSED retryable=true
[1788499519857] MA: session ended kind=TRANSPORT_CLOSED retryable=true
[1788499520380] MA: session ended kind=TRANSPORT_CLOSED retryable=true
[1788499520833] MA: session ended kind=TRANSPORT_CLOSED retryable=true
[1788499521275] MA: session ended kind=TRANSPORT_CLOSED retryable=true
[1788499521859] MA: session ended kind=TRANSPORT_CLOSED retryable=true
[1788499522471] MA: session ended kind=TRANSPORT_CLOSED retryable=true
[1788499523092] MA: session ended kind=TRANSPORT_CLOSED retryable=true
[1788499523655] MA: session ended kind=TRANSPORT_CLOSED retryable=true
[1788499524260] MA: session ended kind=TRANSPORT_CLOSED retryable=true
[1788499524844] MA: session ended kind=TRANSPORT_CLOSED retryable=true
[1788499525405] MA: session ended kind=TRANSPORT_CLOSED retryable=true
[1788499526013] MA: session ended kind=TRANSPORT_CLOSED retryable=true
[1788499526487] MA: session ended kind=TRANSPORT_CLOSED retryable=true
[1788499527088] MA: session ended kind=TRANSPORT_CLOSED retryable=true
[1788499527528] MA: session ended kind=TRANSPORT_CLOSED retryable=true
[1788499527947] MA: session ended kind=TRANSPORT_CLOSED retryable=true
[1788499528518] MA: session ended kind=TRANSPORT_CLOSED retryable=true
[1788499528988] MA: session ended kind=TRANSPORT_CLOSED retryable=true
[1788499529570] MA: session ended kind=TRANSPORT_CLOSED retryable=true
[1788499530164] MA: session ended kind=TRANSPORT_CLOSED retryable=true
[1788499530601] MA: session ended kind=TRANSPORT_CLOSED retryable=true
[1788499531170] MA: session ended kind=TRANSPORT_CLOSED retryable=true
[1788499531720] MA: session ended kind=TRANSPORT_CLOSED retryable=true
[1788499532160] MA: session ended kind=TRANSPORT_CLOSED retryable=true
[1788499532630] MA: session ended kind=TRANSPORT_CLOSED retryable=true
[1788499533161] MA: session ended kind=TRANSPORT_CLOSED retryable=true
[1788499533666] MA: session ended kind=TRANSPORT_CLOSED retryable=true
[1788499534176] MA: session ended kind=TRANSPORT_CLOSED retryable=true
[1788499534747] MA: session ended kind=TRANSPORT_CLOSED retryable=true
[1788499535349] MA: session ended kind=TRANSPORT_CLOSED retryable=true
[1788499535899] MA: session ended kind=TRANSPORT_CLOSED retryable=true
[1788499536449] MA: session ended kind=TRANSPORT_CLOSED retryable=true
[1788499536974] MA: session ended kind=TRANSPORT_CLOSED retryable=true
[1788499537415] MA: session ended kind=TRANSPORT_CLOSED retryable=true
[1788499537979] MA: session ended kind=TRANSPORT_CLOSED retryable=true
[1788499538431] MA: session ended kind=TRANSPORT_CLOSED retryable=true
[1788499538945] MA: session ended kind=TRANSPORT_CLOSED retryable=true
[1788499539489] MA: session ended kind=TRANSPORT_CLOSED retryable=true
[1788499540051] MA: session ended kind=TRANSPORT_CLOSED retryable=true
[1788499540561] MA: session ended kind=TRANSPORT_CLOSED retryable=true
[1788499541023] MA: session ended kind=TRANSPORT_CLOSED retryable=true
[1788499541515] MA: session ended kind=TRANSPORT_CLOSED retryable=true
[1788499542064] MA: session ended kind=TRANSPORT_CLOSED retryable=true
[1788499542616] MA: session ended kind=TRANSPORT_CLOSED retryable=true
[1788499543081] MA: session ended kind=TRANSPORT_CLOSED retryable=true
[1788499543638] MA: session ended kind=TRANSPORT_CLOSED retryable=true
[1788499544233] MA: session ended kind=TRANSPORT_CLOSED retryable=true
[1788499544744] MA: session ended kind=TRANSPORT_CLOSED retryable=true
[1788499545211] MA: session ended kind=TRANSPORT_CLOSED retryable=true
[1788499545786] MA: session ended kind=TRANSPORT_CLOSED retryable=true
[1788499546302] MA: session ended kind=TRANSPORT_CLOSED retryable=true
[1788499546825] MA: session ended kind=TRANSPORT_CLOSED retryable=true
[1788499547394] MA: session ended kind=TRANSPORT_CLOSED retryable=true
[1788499548011] MA: session ended kind=TRANSPORT_CLOSED retryable=true
[1788499548552] MA: session ended kind=TRANSPORT_CLOSED retryable=true
[1788499548986] MA: session ended kind=TRANSPORT_CLOSED retryable=true
[1788499549411] MA: session ended kind=TRANSPORT_CLOSED retryable=true
[1788499549864] MA: session ended kind=TRANSPORT_CLOSED retryable=true
[1788499550321] MA: session ended kind=TRANSPORT_CLOSED retryable=true
[1788499550905] MA: session ended kind=TRANSPORT_CLOSED retryable=true
[1788499551372] MA: session ended kind=TRANSPORT_CLOSED retryable=true
[1788499551803] MA: session ended kind=TRANSPORT_CLOSED retryable=true
[1788499552232] MA: session ended kind=TRANSPORT_CLOSED retryable=true
[1788499552782] MA: session ended kind=TRANSPORT_CLOSED retryable=true
[1788499553259] MA: session ended kind=TRANSPORT_CLOSED retryable=true
[1788499553691] MA: session ended kind=TRANSPORT_CLOSED retryable=true
[1788499554300] MA: session ended kind=TRANSPORT_CLOSED retryable=true
[1788499554779] MA: session ended kind=TRANSPORT_CLOSED retryable=true
[1788499555195] MA: session ended kind=TRANSPORT_CLOSED retryable=true
[1788499555703] MA: session ended kind=TRANSPORT_CLOSED retryable=true
[1788499556263] MA: session ended kind=TRANSPORT_CLOSED retryable=true
[1788499556863] MA: session ended kind=TRANSPORT_CLOSED retryable=true
[1788499557432] MA: session ended kind=TRANSPORT_CLOSED retryable=true
[1788499557941] MA: session ended kind=TRANSPORT_CLOSED retryable=true
[1788499558555] MA: session ended kind=TRANSPORT_CLOSED retryable=true
[1788499559013] MA: session ended kind=TRANSPORT_CLOSED retryable=true
[1788499559561] MA: session ended kind=TRANSPORT_CLOSED retryable=true
[1788499560046] MA: session ended kind=TRANSPORT_CLOSED retryable=true
[1788499560601] MA: session ended kind=TRANSPORT_CLOSED retryable=true
[1788499561136] MA: session ended kind=TRANSPORT_CLOSED retryable=true
[1788499561659] MA: session ended kind=TRANSPORT_CLOSED retryable=true
[1788499562093] MA: session ended kind=TRANSPORT_CLOSED retryable=true
[1788499562580] MA: session ended kind=TRANSPORT_CLOSED retryable=true
[1788499563147] MA: session ended kind=TRANSPORT_CLOSED retryable=true
[1788499563734] MA: session ended kind=TRANSPORT_CLOSED retryable=true
[1788499564342] MA: session ended kind=TRANSPORT_CLOSED retryable=true
[1788499564832] MA: session ended kind=TRANSPORT_CLOSED retryable=true
[1788499565391] MA: session ended kind=TRANSPORT_CLOSED retryable=true
[1788499566053] MA: session ended kind=TRANSPORT_CLOSED retryable=true
[1788499566646] MA: session ended kind=TRANSPORT_CLOSED retryable=true
[1788499567282] MA: session ended kind=TRANSPORT_CLOSED retryable=true
[1788499567826] MA: session ended kind=TRANSPORT_CLOSED retryable=true
[1788499568371] MA: session ended kind=TRANSPORT_CLOSED retryable=true
[1788499568979] MA: session ended kind=TRANSPORT_CLOSED retryable=true
[1788499569565] MA: session ended kind=TRANSPORT_CLOSED retryable=true
[1788499570056] MA: session ended kind=TRANSPORT_CLOSED retryable=true
[1788499570505] MA: session ended kind=TRANSPORT_CLOSED retryable=true
[1788499571004] MA: session ended kind=TRANSPORT_CLOSED retryable=true
[1788499571596] MA: session ended kind=TRANSPORT_CLOSED retryable=true
[1788499572114] MA: session ended kind=TRANSPORT_CLOSED retryable=true
[1788499572651] MA: session ended kind=TRANSPORT_CLOSED retryable=true
[1788499573222] MA: session ended kind=TRANSPORT_CLOSED retryable=true
[1788499573711] MA: session ended kind=TRANSPORT_CLOSED retryable=true
[1788499574182] MA: session ended kind=TRANSPORT_CLOSED retryable=true
[1788499574756] MA: session ended kind=TRANSPORT_CLOSED retryable=true
[1788499575271] MA: session ended kind=TRANSPORT_CLOSED retryable=true
[1788499575710] MA: session ended kind=TRANSPORT_CLOSED retryable=true
[1788499576283] MA: session ended kind=TRANSPORT_CLOSED retryable=true
[1788499576756] MA: session ended kind=TRANSPORT_CLOSED retryable=true
[1788499577254] MA: session ended kind=TRANSPORT_CLOSED retryable=true
[1788499577707] MA: session ended kind=TRANSPORT_CLOSED retryable=true
[1788499578162] MA: session ended kind=TRANSPORT_CLOSED retryable=true
[1788499578763] MA: session ended kind=TRANSPORT_CLOSED retryable=true
[1788499579227] MA: session ended kind=TRANSPORT_CLOSED retryable=true
[1788499579797] MA: session ended kind=TRANSPORT_CLOSED retryable=true
[1788499580260] MA: session ended kind=TRANSPORT_CLOSED retryable=true
[1788499580727] MA: session ended kind=TRANSPORT_CLOSED retryable=true
[1788499581213] MA: session ended kind=TRANSPORT_CLOSED retryable=true
[1788499581680] MA: session ended kind=TRANSPORT_CLOSED retryable=true
[1788499582212] MA: session ended kind=TRANSPORT_CLOSED retryable=true
[1788499582770] MA: session ended kind=TRANSPORT_CLOSED retryable=true
[1788499583219] MA: session ended kind=TRANSPORT_CLOSED retryable=true
[1788499583836] MA: session ended kind=TRANSPORT_CLOSED retryable=true
[1788499584419] MA: session ended kind=TRANSPORT_CLOSED retryable=true
[1788499584883] MA: session ended kind=TRANSPORT_CLOSED retryable=true
[1788499585330] MA: session ended kind=TRANSPORT_CLOSED retryable=true
[1788499585816] MA: session ended kind=TRANSPORT_CLOSED retryable=true
[1788499586375] MA: session ended kind=TRANSPORT_CLOSED retryable=true
[1788499586925] MA: session ended kind=TRANSPORT_CLOSED retryable=true
[1788499587480] MA: session ended kind=TRANSPORT_CLOSED retryable=true
[1788499588062] MA: session ended kind=TRANSPORT_CLOSED retryable=true
[1788499588612] MA: session ended kind=TRANSPORT_CLOSED retryable=true
[1788499589094] MA: session ended kind=TRANSPORT_CLOSED retryable=true
[1788499589620] MA: session ended kind=TRANSPORT_CLOSED retryable=true
[1788499590089] MA: session ended kind=TRANSPORT_CLOSED retryable=true
[1788499590680] MA: session ended kind=TRANSPORT_CLOSED retryable=true
[1788499591284] MA: session ended kind=TRANSPORT_CLOSED retryable=true
[1788499591705] MA: session ended kind=TRANSPORT_CLOSED retryable=true
[1788499592299] MA: session ended kind=TRANSPORT_CLOSED retryable=true
[1788499592828] MA: session ended kind=TRANSPORT_CLOSED retryable=true
[1788499593363] MA: session ended kind=TRANSPORT_CLOSED retryable=true
[1788499593842] MA: session ended kind=TRANSPORT_CLOSED retryable=true
[1788499594328] MA: session ended kind=TRANSPORT_CLOSED retryable=true
[1788499594770] MA: session ended kind=TRANSPORT_CLOSED retryable=true
[1788499595336] MA: session ended kind=TRANSPORT_CLOSED retryable=true
[1788499595794] MA: session ended kind=TRANSPORT_CLOSED retryable=true
[1788499596366] MA: session ended kind=TRANSPORT_CLOSED retryable=true
[1788499596868] MA: session ended kind=TRANSPORT_CLOSED retryable=true
[1788499597342] MA: session ended kind=TRANSPORT_CLOSED retryable=true
[1788499597963] MA: session ended kind=TRANSPORT_CLOSED retryable=true
[1788499598583] MA: session ended kind=TRANSPORT_CLOSED retryable=true
[1788499599168] MA: session ended kind=TRANSPORT_CLOSED retryable=true
[1788499599611] MA: session ended kind=TRANSPORT_CLOSED retryable=true
[1788499600164] MA: session ended kind=TRANSPORT_CLOSED retryable=true
[1788499600681] MA: session ended kind=TRANSPORT_CLOSED retryable=true
[1788499601282] MA: session ended kind=TRANSPORT_CLOSED retryable=true
[1788499601792] MA: session ended kind=TRANSPORT_CLOSED retryable=true
[1788499602305] MA: session ended kind=TRANSPORT_CLOSED retryable=true
[1788499602789] MA: session ended kind=TRANSPORT_CLOSED retryable=true
[1788499603381] MA: session ended kind=TRANSPORT_CLOSED retryable=true
[1788499603879] MA: session ended kind=TRANSPORT_CLOSED retryable=true
[1788499604290] MA: session ended kind=TRANSPORT_CLOSED retryable=true
[1788499604849] MA: session ended kind=TRANSPORT_CLOSED retryable=true
[1788499605405] MA: session ended kind=TRANSPORT_CLOSED retryable=true
[1788499605932] MA: session ended kind=TRANSPORT_CLOSED retryable=true
[1788499606491] MA: session ended kind=TRANSPORT_CLOSED retryable=true
[1788499607016] MA: session ended kind=TRANSPORT_CLOSED retryable=true
[1788499607547] MA: session ended kind=TRANSPORT_CLOSED retryable=true
[1788499608075] MA: session ended kind=TRANSPORT_CLOSED retryable=true
[1788499608562] MA: session ended kind=TRANSPORT_CLOSED retryable=true
[1788499609081] MA: session ended kind=TRANSPORT_CLOSED retryable=true
[1788499609619] MA: session ended kind=TRANSPORT_CLOSED retryable=true
[1788499610155] MA: session ended kind=TRANSPORT_CLOSED retryable=true
[1788499610619] MA: session ended kind=TRANSPORT_CLOSED retryable=true
[1788499611135] MA: session ended kind=TRANSPORT_CLOSED retryable=true
[1788499611608] MA: session ended kind=TRANSPORT_CLOSED retryable=true
[1788499612115] MA: session ended kind=TRANSPORT_CLOSED retryable=true
[1788499612679] MA: session ended kind=TRANSPORT_CLOSED retryable=true
[1788499613191] MA: session ended kind=TRANSPORT_CLOSED retryable=true
[1788499613701] MA: session ended kind=TRANSPORT_CLOSED retryable=true
[1788499614251] MA: session ended kind=TRANSPORT_CLOSED retryable=true
[1788499614795] MA: session ended kind=TRANSPORT_CLOSED retryable=true
[1788499615282] MA: session ended kind=TRANSPORT_CLOSED retryable=true
[1788499615709] MA: session ended kind=TRANSPORT_CLOSED retryable=true
[1788499616328] MA: session ended kind=TRANSPORT_CLOSED retryable=true
[1788499616813] MA: session ended kind=TRANSPORT_CLOSED retryable=true
[1788499617375] MA: session ended kind=TRANSPORT_CLOSED retryable=true
[1788499617834] MA: session ended kind=TRANSPORT_CLOSED retryable=true
[1788499618251] MA: session ended kind=TRANSPORT_CLOSED retryable=true
[1788499618730] MA: session ended kind=TRANSPORT_CLOSED retryable=true
[1788499619307] MA: session ended kind=TRANSPORT_CLOSED retryable=true
[1788499619842] MA: session ended kind=TRANSPORT_CLOSED retryable=true
[1788499620394] MA: session ended kind=TRANSPORT_CLOSED retryable=true
[1788499620924] MA: session ended kind=TRANSPORT_CLOSED retryable=true
[1788499621430] MA: session ended kind=TRANSPORT_CLOSED retryable=true
[1788499621994] MA: session ended kind=TRANSPORT_CLOSED retryable=true
[1788499622603] MA: session ended kind=TRANSPORT_CLOSED retryable=true
[1788499623046] MA: session ended kind=TRANSPORT_CLOSED retryable=true
[1788499623473] MA: session ended kind=TRANSPORT_CLOSED retryable=true
[1788499623924] MA: session ended kind=TRANSPORT_CLOSED retryable=true
[1788499624360] MA: session ended kind=TRANSPORT_CLOSED retryable=true
[1788499624942] MA: session ended kind=TRANSPORT_CLOSED retryable=true
[1788499625510] MA: session ended kind=TRANSPORT_CLOSED retryable=true
[1788499626147] MA: session ended kind=TRANSPORT_CLOSED retryable=true
[1788499626775] MA: session ended kind=TRANSPORT_CLOSED retryable=true
[1788499627300] MA: session ended kind=TRANSPORT_CLOSED retryable=true
[1788499627883] MA: session ended kind=TRANSPORT_CLOSED retryable=true
[1788499628352] MA: session ended kind=TRANSPORT_CLOSED retryable=true
[1788499628924] MA: session ended kind=TRANSPORT_CLOSED retryable=true
[1788499629460] MA: session ended kind=TRANSPORT_CLOSED retryable=true
[1788499629912] MA: session ended kind=TRANSPORT_CLOSED retryable=true
[1788499630475] MA: session ended kind=TRANSPORT_CLOSED retryable=true
[1788499630903] MA: session ended kind=TRANSPORT_CLOSED retryable=true
[1788499631371] MA: session ended kind=TRANSPORT_CLOSED retryable=true
[1788499631783] MA: session ended kind=TRANSPORT_CLOSED retryable=true
[1788499632261] MA: session ended kind=TRANSPORT_CLOSED retryable=true
[1788499632721] MA: session ended kind=TRANSPORT_CLOSED retryable=true
[1788499633162] MA: session ended kind=TRANSPORT_CLOSED retryable=true
[1788499633577] MA: session ended kind=TRANSPORT_CLOSED retryable=true
[1788499634034] MA: session ended kind=TRANSPORT_CLOSED retryable=true
[1788499634620] MA: session ended kind=TRANSPORT_CLOSED retryable=true
[1788499635205] MA: session ended kind=TRANSPORT_CLOSED retryable=true
[1788499635824] MA: session ended kind=TRANSPORT_CLOSED retryable=true
[1788499636436] MA: session ended kind=TRANSPORT_CLOSED retryable=true
[1788499636987] MA: session ended kind=TRANSPORT_CLOSED retryable=true
[1788499637541] MA: session ended kind=TRANSPORT_CLOSED retryable=true
[1788499638156] MA: session ended kind=TRANSPORT_CLOSED retryable=true
[1788499638793] MA: session ended kind=TRANSPORT_CLOSED retryable=true
[1788499639398] MA: session ended kind=TRANSPORT_CLOSED retryable=true
[1788499639814] MA: session ended kind=TRANSPORT_CLOSED retryable=true
[1788499640425] MA: session ended kind=TRANSPORT_CLOSED retryable=true
[1788499640890] MA: session ended kind=TRANSPORT_CLOSED retryable=true
[1788499641436] MA: session ended kind=TRANSPORT_CLOSED retryable=true
[1788499642048] MA: session ended kind=TRANSPORT_CLOSED retryable=true
[1788499642562] MA: session ended kind=TRANSPORT_CLOSED retryable=true
[1788499643083] MA: session ended kind=TRANSPORT_CLOSED retryable=true
[1788499643615] MA: session ended kind=TRANSPORT_CLOSED retryable=true
[1788499644065] MA: session ended kind=TRANSPORT_CLOSED retryable=true
[1788499644563] MA: session ended kind=TRANSPORT_CLOSED retryable=true
[1788499645004] MA: session ended kind=TRANSPORT_CLOSED retryable=true
[1788499645565] MA: session ended kind=TRANSPORT_CLOSED retryable=true
[1788499646158] MA: session ended kind=TRANSPORT_CLOSED retryable=true
[1788499646610] MA: session ended kind=TRANSPORT_CLOSED retryable=true
[1788499647131] MA: session ended kind=TRANSPORT_CLOSED retryable=true
[1788499647618] MA: session ended kind=TRANSPORT_CLOSED retryable=true
[1788499648101] MA: session ended kind=TRANSPORT_CLOSED retryable=true
[1788499648715] MA: session ended kind=TRANSPORT_CLOSED retryable=true
[1788499649253] MA: session ended kind=TRANSPORT_CLOSED retryable=true
[1788499649844] MA: session ended kind=TRANSPORT_CLOSED retryable=true
[1788499650436] MA: session ended kind=TRANSPORT_CLOSED retryable=true
[1788499650881] MA: session ended kind=TRANSPORT_CLOSED retryable=true
[1788499651495] MA: session ended kind=TRANSPORT_CLOSED retryable=true
[1788499652013] MA: session ended kind=TRANSPORT_CLOSED retryable=true
[1788499652540] MA: session ended kind=TRANSPORT_CLOSED retryable=true
[1788499653028] MA: session ended kind=TRANSPORT_CLOSED retryable=true
[1788499653524] MA: session ended kind=TRANSPORT_CLOSED retryable=true
[1788499654043] MA: session ended kind=TRANSPORT_CLOSED retryable=true
[1788499654465] MA: session ended kind=TRANSPORT_CLOSED retryable=true
[1788499655040] MA: session ended kind=TRANSPORT_CLOSED retryable=true
[1788499655468] MA: session ended kind=TRANSPORT_CLOSED retryable=true
[1788499655995] MA: session ended kind=TRANSPORT_CLOSED retryable=true
[1788499656581] MA: session ended kind=TRANSPORT_CLOSED retryable=true
[1788499657127] MA: session ended kind=TRANSPORT_CLOSED retryable=true
[1788499657730] MA: session ended kind=TRANSPORT_CLOSED retryable=true
[1788499658267] MA: session ended kind=TRANSPORT_CLOSED retryable=true
[1788499658841] MA: session ended kind=TRANSPORT_CLOSED retryable=true
[1788499659316] MA: session ended kind=TRANSPORT_CLOSED retryable=true
[1788499659893] MA: session ended kind=TRANSPORT_CLOSED retryable=true
[1788499660459] MA: session ended kind=TRANSPORT_CLOSED retryable=true
[1788499661026] MA: session ended kind=TRANSPORT_CLOSED retryable=true
[1788499661517] MA: session ended kind=TRANSPORT_CLOSED retryable=true
[1788499662048] MA: session ended kind=TRANSPORT_CLOSED retryable=true
[1788499662579] MA: session ended kind=TRANSPORT_CLOSED retryable=true
[1788499663013] MA: session ended kind=TRANSPORT_CLOSED retryable=true
[1788499663561] MA: session ended kind=TRANSPORT_CLOSED retryable=true
[1788499664118] MA: session ended kind=TRANSPORT_CLOSED retryable=true
[1788499664615] MA: session ended kind=TRANSPORT_CLOSED retryable=true
[1788499665044] MA: session ended kind=TRANSPORT_CLOSED retryable=true
[1788499665672] MA: session ended kind=TRANSPORT_CLOSED retryable=true
[1788499666221] MA: session ended kind=TRANSPORT_CLOSED retryable=true
[1788499666645] MA: session ended kind=TRANSPORT_CLOSED retryable=true
[1788499667168] MA: session ended kind=TRANSPORT_CLOSED retryable=true
[1788499667633] MA: session ended kind=TRANSPORT_CLOSED retryable=true
[1788499668194] MA: session ended kind=TRANSPORT_CLOSED retryable=true
[1788499668615] MA: session ended kind=TRANSPORT_CLOSED retryable=true
[1788499669188] MA: session ended kind=TRANSPORT_CLOSED retryable=true
[1788499669734] MA: session ended kind=TRANSPORT_CLOSED retryable=true
[1788499670323] MA: session ended kind=TRANSPORT_CLOSED retryable=true
[1788499670816] MA: session ended kind=TRANSPORT_CLOSED retryable=true
[1788499671296] MA: session ended kind=TRANSPORT_CLOSED retryable=true
[1788499671867] MA: session ended kind=TRANSPORT_CLOSED retryable=true
[1788499672325] MA: session ended kind=TRANSPORT_CLOSED retryable=true
[1788499672755] MA: session ended kind=TRANSPORT_CLOSED retryable=true
[1788499673225] MA: session ended kind=TRANSPORT_CLOSED retryable=true
[1788499673811] MA: session ended kind=TRANSPORT_CLOSED retryable=true
[1788499674392] MA: session ended kind=TRANSPORT_CLOSED retryable=true
[1788499674968] MA: session ended kind=TRANSPORT_CLOSED retryable=true
[1788499675415] MA: session ended kind=TRANSPORT_CLOSED retryable=true
[1788499675833] MA: session ended kind=TRANSPORT_CLOSED retryable=true
[1788499676353] MA: session ended kind=TRANSPORT_CLOSED retryable=true
[1788499676929] MA: session ended kind=TRANSPORT_CLOSED retryable=true
[1788499677408] MA: session ended kind=TRANSPORT_CLOSED retryable=true
[1788499677973] MA: session ended kind=TRANSPORT_CLOSED retryable=true
[1788499678443] MA: session ended kind=TRANSPORT_CLOSED retryable=true
[1788499678979] MA: session ended kind=TRANSPORT_CLOSED retryable=true
[1788499679602] MA: session ended kind=TRANSPORT_CLOSED retryable=true
[1788499680132] MA: session ended kind=TRANSPORT_CLOSED retryable=true
[1788499680743] MA: session ended kind=TRANSPORT_CLOSED retryable=true
[1788499681321] MA: session ended kind=TRANSPORT_CLOSED retryable=true
[1788499681866] MA: session ended kind=TRANSPORT_CLOSED retryable=true
[1788499682291] MA: session ended kind=TRANSPORT_CLOSED retryable=true
[1788499682841] MA: session ended kind=TRANSPORT_CLOSED retryable=true
[1788499683294] MA: session ended kind=TRANSPORT_CLOSED retryable=true
[1788499683834] MA: session ended kind=TRANSPORT_CLOSED retryable=true
[1788499684288] MA: session ended kind=TRANSPORT_CLOSED retryable=true
[1788499684721] MA: session ended kind=TRANSPORT_CLOSED retryable=true
[1788499685192] MA: session ended kind=TRANSPORT_CLOSED retryable=true
[1788499685699] MA: session ended kind=TRANSPORT_CLOSED retryable=true
[1788499686156] MA: session ended kind=TRANSPORT_CLOSED retryable=true
[1788499686762] MA: session ended kind=TRANSPORT_CLOSED retryable=true
[1788499687343] MA: session ended kind=TRANSPORT_CLOSED retryable=true
[1788499687808] MA: session ended kind=TRANSPORT_CLOSED retryable=true
[1788499688268] MA: session ended kind=TRANSPORT_CLOSED retryable=true
[1788499688877] MA: session ended kind=TRANSPORT_CLOSED retryable=true
[1788499689423] MA: session ended kind=TRANSPORT_CLOSED retryable=true
[1788499689928] MA: session ended kind=TRANSPORT_CLOSED retryable=true
[1788499690523] MA: session ended kind=TRANSPORT_CLOSED retryable=true
[1788499690975] MA: session ended kind=TRANSPORT_CLOSED retryable=true
[1788499691522] MA: session ended kind=TRANSPORT_CLOSED retryable=true
[1788499692131] MA: session ended kind=TRANSPORT_CLOSED retryable=true
[1788499692760] MA: session ended kind=TRANSPORT_CLOSED retryable=true
[1788499693277] MA: session ended kind=TRANSPORT_CLOSED retryable=true
[1788499693745] MA: session ended kind=TRANSPORT_CLOSED retryable=true
[1788499694348] MA: session ended kind=TRANSPORT_CLOSED retryable=true
[1788499694854] MA: session ended kind=TRANSPORT_CLOSED retryable=true
[1788499695356] MA: session ended kind=TRANSPORT_CLOSED retryable=true
[1788499695865] MA: session ended kind=TRANSPORT_CLOSED retryable=true
[1788499696330] MA: session ended kind=TRANSPORT_CLOSED retryable=true
[1788499696926] MA: session ended kind=TRANSPORT_CLOSED retryable=true
[1788499697388] MA: session ended kind=TRANSPORT_CLOSED retryable=true
[1788499697947] MA: session ended kind=TRANSPORT_CLOSED retryable=true
[1788499698539] MA: session ended kind=TRANSPORT_CLOSED retryable=true
[1788499699158] MA: session ended kind=TRANSPORT_CLOSED retryable=true
[1788499699662] MA: session ended kind=TRANSPORT_CLOSED retryable=true
[1788499700258] MA: session ended kind=TRANSPORT_CLOSED retryable=true
[1788499700764] MA: session ended kind=TRANSPORT_CLOSED retryable=true
[1788499701273] MA: session ended kind=TRANSPORT_CLOSED retryable=true
[1788499701787] MA: session ended kind=TRANSPORT_CLOSED retryable=true
[1788499702270] MA: session ended kind=TRANSPORT_CLOSED retryable=true
[1788499702833] MA: session ended kind=TRANSPORT_CLOSED retryable=true
[1788499703320] MA: session ended kind=TRANSPORT_CLOSED retryable=true
[1788499703804] MA: session ended kind=TRANSPORT_CLOSED retryable=true
[1788499704437] MA: session ended kind=TRANSPORT_CLOSED retryable=true
[1788499704859] MA: session ended kind=TRANSPORT_CLOSED retryable=true
[1788499705438] MA: session ended kind=TRANSPORT_CLOSED retryable=true
[1788499705915] MA: session ended kind=TRANSPORT_CLOSED retryable=true
[1788499706439] MA: session ended kind=TRANSPORT_CLOSED retryable=true
[1788499706954] MA: session ended kind=TRANSPORT_CLOSED retryable=true
[1788499707478] MA: session ended kind=TRANSPORT_CLOSED retryable=true
[1788499708032] MA: session ended kind=TRANSPORT_CLOSED retryable=true
[1788499708580] MA: session ended kind=TRANSPORT_CLOSED retryable=true
[1788499709130] MA: session ended kind=TRANSPORT_CLOSED retryable=true
[1788499709601] MA: session ended kind=TRANSPORT_CLOSED retryable=true
[1788499710187] MA: session ended kind=TRANSPORT_CLOSED retryable=true
[1788499710739] MA: session ended kind=TRANSPORT_CLOSED retryable=true
[1788499711323] MA: session ended kind=TRANSPORT_CLOSED retryable=true
[1788499711955] MA: session ended kind=TRANSPORT_CLOSED retryable=true
[1788499712471] MA: session ended kind=TRANSPORT_CLOSED retryable=true
[1788499712930] MA: session ended kind=TRANSPORT_CLOSED retryable=true
[1788499713528] MA: session ended kind=TRANSPORT_CLOSED retryable=true
[1788499714028] MA: session ended kind=TRANSPORT_CLOSED retryable=true
[1788499714600] MA: session ended kind=TRANSPORT_CLOSED retryable=true
[1788499715051] MA: session ended kind=TRANSPORT_CLOSED retryable=true
[1788499715475] MA: session ended kind=TRANSPORT_CLOSED retryable=true
[1788499716064] MA: session ended kind=TRANSPORT_CLOSED retryable=true
[1788499716618] MA: session ended kind=TRANSPORT_CLOSED retryable=true
[1788499717153] MA: session ended kind=TRANSPORT_CLOSED retryable=true
[1788499717739] MA: session ended kind=TRANSPORT_CLOSED retryable=true
[1788499718254] MA: session ended kind=TRANSPORT_CLOSED retryable=true
[1788499718710] MA: session ended kind=TRANSPORT_CLOSED retryable=true
[1788499719303] MA: session ended kind=TRANSPORT_CLOSED retryable=true
[1788499719817] MA: session ended kind=TRANSPORT_CLOSED retryable=true
[1788499720300] MA: session ended kind=TRANSPORT_CLOSED retryable=true
[1788499720887] MA: session ended kind=TRANSPORT_CLOSED retryable=true
[1788499721415] MA: session ended kind=TRANSPORT_CLOSED retryable=true
[1788499721900] MA: session ended kind=TRANSPORT_CLOSED retryable=true
[1788499722515] MA: session ended kind=TRANSPORT_CLOSED retryable=true
[1788499723033] MA: session ended kind=TRANSPORT_CLOSED retryable=true
[1788499723644] MA: session ended kind=TRANSPORT_CLOSED retryable=true
[1788499724105] MA: session ended kind=TRANSPORT_CLOSED retryable=true
[1788499724606] MA: session ended kind=TRANSPORT_CLOSED retryable=true
[1788499725118] MA: session ended kind=TRANSPORT_CLOSED retryable=true
[1788499725556] MA: session ended kind=TRANSPORT_CLOSED retryable=true
[1788499726039] MA: session ended kind=TRANSPORT_CLOSED retryable=true
[1788499726677] MA: session ended kind=TRANSPORT_CLOSED retryable=true
[1788499727133] MA: session ended kind=TRANSPORT_CLOSED retryable=true
[1788499727610] MA: session ended kind=TRANSPORT_CLOSED retryable=true
[1788499728210] MA: session ended kind=TRANSPORT_CLOSED retryable=true
[1788499728770] MA: session ended kind=TRANSPORT_CLOSED retryable=true
[1788499729277] MA: session ended kind=TRANSPORT_CLOSED retryable=true
[1788499729729] MA: session ended kind=TRANSPORT_CLOSED retryable=true
[1788499730219] MA: session ended kind=TRANSPORT_CLOSED retryable=true
[1788499730753] MA: session ended kind=TRANSPORT_CLOSED retryable=true
[1788499731226] MA: session ended kind=TRANSPORT_CLOSED retryable=true
[1788499731777] MA: session ended kind=TRANSPORT_CLOSED retryable=true
[1788499732241] MA: session ended kind=TRANSPORT_CLOSED retryable=true
[1788499732695] MA: session ended kind=TRANSPORT_CLOSED retryable=true
[1788499733312] MA: session ended kind=TRANSPORT_CLOSED retryable=true
[1788499733875] MA: session ended kind=TRANSPORT_CLOSED retryable=true
[1788499734419] MA: session ended kind=TRANSPORT_CLOSED retryable=true
[1788499734918] MA: session ended kind=TRANSPORT_CLOSED retryable=true
[1788499735421] MA: session ended kind=TRANSPORT_CLOSED retryable=true
[1788499735902] MA: session ended kind=TRANSPORT_CLOSED retryable=true
[1788499736524] MA: session ended kind=TRANSPORT_CLOSED retryable=true
[1788499737044] MA: session ended kind=TRANSPORT_CLOSED retryable=true
[1788499737571] MA: session ended kind=TRANSPORT_CLOSED retryable=true
[1788499738024] MA: session ended kind=TRANSPORT_CLOSED retryable=true
[1788499738571] MA: session ended kind=TRANSPORT_CLOSED retryable=true
[1788499739107] MA: session ended kind=TRANSPORT_CLOSED retryable=true
[1788499739621] MA: session ended kind=TRANSPORT_CLOSED retryable=true
[1788499740126] MA: session ended kind=TRANSPORT_CLOSED retryable=true
[1788499740595] MA: session ended kind=TRANSPORT_CLOSED retryable=true
[1788499741126] MA: session ended kind=TRANSPORT_CLOSED retryable=true
[1788499741705] MA: session ended kind=TRANSPORT_CLOSED retryable=true
[1788499742164] MA: session ended kind=TRANSPORT_CLOSED retryable=true
[1788499742689] MA: session ended kind=TRANSPORT_CLOSED retryable=true
[1788499743217] MA: session ended kind=TRANSPORT_CLOSED retryable=true
[1788499743753] MA: session ended kind=TRANSPORT_CLOSED retryable=true
[1788499744264] MA: session ended kind=TRANSPORT_CLOSED retryable=true
[1788499744877] MA: session ended kind=TRANSPORT_CLOSED retryable=true
[1788499745435] MA: session ended kind=TRANSPORT_CLOSED retryable=true
[1788499746008] MA: session ended kind=TRANSPORT_CLOSED retryable=true
[1788499746617] MA: session ended kind=TRANSPORT_CLOSED retryable=true
[1788499747189] MA: session ended kind=TRANSPORT_CLOSED retryable=true
[1788499747617] MA: session ended kind=TRANSPORT_CLOSED retryable=true
[1788499748108] MA: session ended kind=TRANSPORT_CLOSED retryable=true
[1788499748631] MA: session ended kind=TRANSPORT_CLOSED retryable=true
[1788499749070] MA: session ended kind=TRANSPORT_CLOSED retryable=true
[1788499749560] MA: session ended kind=TRANSPORT_CLOSED retryable=true
[1788499750046] MA: session ended kind=TRANSPORT_CLOSED retryable=true
[1788499750570] MA: session ended kind=TRANSPORT_CLOSED retryable=true
[1788499750996] MA: session ended kind=TRANSPORT_CLOSED retryable=true
[1788499751421] MA: session ended kind=TRANSPORT_CLOSED retryable=true
[1788499751914] MA: session ended kind=TRANSPORT_CLOSED retryable=true
[1788499752476] MA: session ended kind=TRANSPORT_CLOSED retryable=true
[1788499752939] MA: session ended kind=TRANSPORT_CLOSED retryable=true
[1788499753371] MA: session ended kind=TRANSPORT_CLOSED retryable=true
[1788499753900] MA: session ended kind=TRANSPORT_CLOSED retryable=true
[1788499754384] MA: session ended kind=TRANSPORT_CLOSED retryable=true
[1788499754908] MA: session ended kind=TRANSPORT_CLOSED retryable=true
[1788499755463] MA: session ended kind=TRANSPORT_CLOSED retryable=true
[1788499755908] MA: session ended kind=TRANSPORT_CLOSED retryable=true
[1788499756399] MA: session ended kind=TRANSPORT_CLOSED retryable=true
[1788499757018] MA: session ended kind=TRANSPORT_CLOSED retryable=true
[1788499757491] MA: session ended kind=TRANSPORT_CLOSED retryable=true
[1788499757983] MA: session ended kind=TRANSPORT_CLOSED retryable=true
[1788499758414] MA: session ended kind=TRANSPORT_CLOSED retryable=true
[1788499759011] MA: session ended kind=TRANSPORT_CLOSED retryable=true
[1788499759538] MA: session ended kind=TRANSPORT_CLOSED retryable=true
[1788499760082] MA: session ended kind=TRANSPORT_CLOSED retryable=true
[1788499760658] MA: session ended kind=TRANSPORT_CLOSED retryable=true
[1788499761227] MA: session ended kind=TRANSPORT_CLOSED retryable=true
[1788499761699] MA: session ended kind=TRANSPORT_CLOSED retryable=true
[1788499762240] MA: session ended kind=TRANSPORT_CLOSED retryable=true
[1788499762678] MA: session ended kind=TRANSPORT_CLOSED retryable=true
[1788499763171] MA: session ended kind=TRANSPORT_CLOSED retryable=true
[1788499763751] MA: session ended kind=TRANSPORT_CLOSED retryable=true
[1788499764236] MA: session ended kind=TRANSPORT_CLOSED retryable=true
[1788499764773] MA: session ended kind=TRANSPORT_CLOSED retryable=true
[1788499765364] MA: session ended kind=TRANSPORT_CLOSED retryable=true
[1788499765791] MA: session ended kind=TRANSPORT_CLOSED retryable=true
[1788499766324] MA: session ended kind=TRANSPORT_CLOSED retryable=true
[1788499766867] MA: session ended kind=TRANSPORT_CLOSED retryable=true
[1788499767486] MA: session ended kind=TRANSPORT_CLOSED retryable=true
[1788499767915] MA: session ended kind=TRANSPORT_CLOSED retryable=true
[1788499768525] MA: session ended kind=TRANSPORT_CLOSED retryable=true
[1788499769161] MA: session ended kind=TRANSPORT_CLOSED retryable=true
[1788499769747] MA: session ended kind=TRANSPORT_CLOSED retryable=true
[1788499770251] MA: session ended kind=TRANSPORT_CLOSED retryable=true
[1788499770810] MA: session ended kind=TRANSPORT_CLOSED retryable=true
[1788499771278] MA: session ended kind=TRANSPORT_CLOSED retryable=true
[1788499771787] MA: session ended kind=TRANSPORT_CLOSED retryable=true
[1788499772316] MA: session ended kind=TRANSPORT_CLOSED retryable=true
[1788499772907] MA: session ended kind=TRANSPORT_CLOSED retryable=true
[1788499773502] MA: session ended kind=TRANSPORT_CLOSED retryable=true
[1788499774038] MA: session ended kind=TRANSPORT_CLOSED retryable=true
[1788499774596] MA: session ended kind=TRANSPORT_CLOSED retryable=true
[1788499775116] MA: session ended kind=TRANSPORT_CLOSED retryable=true
[1788499775661] MA: session ended kind=TRANSPORT_CLOSED retryable=true
[1788499776195] MA: session ended kind=TRANSPORT_CLOSED retryable=true
[1788499776756] MA: session ended kind=TRANSPORT_CLOSED retryable=true
[1788499777243] MA: session ended kind=TRANSPORT_CLOSED retryable=true
[1788499777859] MA: session ended kind=TRANSPORT_CLOSED retryable=true
[1788499778480] MA: session ended kind=TRANSPORT_CLOSED retryable=true
[1788499778977] MA: session ended kind=TRANSPORT_CLOSED retryable=true
[1788499779427] MA: session ended kind=TRANSPORT_CLOSED retryable=true
[1788499779845] MA: session ended kind=TRANSPORT_CLOSED retryable=true
[1788499780390] MA: session ended kind=TRANSPORT_CLOSED retryable=true
[1788499780987] MA: session ended kind=TRANSPORT_CLOSED retryable=true
[1788499781542] MA: session ended kind=TRANSPORT_CLOSED retryable=true
[1788499782144] MA: session ended kind=TRANSPORT_CLOSED retryable=true
[1788499782688] MA: session ended kind=TRANSPORT_CLOSED retryable=true
[1788499783270] MA: session ended kind=TRANSPORT_CLOSED retryable=true
[1788499783780] MA: session ended kind=TRANSPORT_CLOSED retryable=true
[1788499784274] MA: session ended kind=TRANSPORT_CLOSED retryable=true
[1788499784739] MA: session ended kind=TRANSPORT_CLOSED retryable=true
[1788499785261] MA: session ended kind=TRANSPORT_CLOSED retryable=true
[1788499785719] MA: session ended kind=TRANSPORT_CLOSED retryable=true
[1788499786164] MA: session ended kind=TRANSPORT_CLOSED retryable=true
[1788499786597] MA: session ended kind=TRANSPORT_CLOSED retryable=true
[1788499787193] MA: session ended kind=TRANSPORT_CLOSED retryable=true
[1788499787676] MA: session ended kind=TRANSPORT_CLOSED retryable=true
[1788499788265] MA: session ended kind=TRANSPORT_CLOSED retryable=true
[1788499788859] MA: session ended kind=TRANSPORT_CLOSED retryable=true
[1788499789466] MA: session ended kind=TRANSPORT_CLOSED retryable=true
[1788499790027] MA: session ended kind=TRANSPORT_CLOSED retryable=true
[1788499790605] MA: session ended kind=TRANSPORT_CLOSED retryable=true
[1788499791203] MA: session ended kind=TRANSPORT_CLOSED retryable=true
[1788499791664] MA: session ended kind=TRANSPORT_CLOSED retryable=true
[1788499792266] MA: session ended kind=TRANSPORT_CLOSED retryable=true
[1788499792861] MA: session ended kind=TRANSPORT_CLOSED retryable=true
[1788499793414] MA: session ended kind=TRANSPORT_CLOSED retryable=true
[1788499793843] MA: session ended kind=TRANSPORT_CLOSED retryable=true
[1788499794435] MA: session ended kind=TRANSPORT_CLOSED retryable=true
[1788499794927] MA: session ended kind=TRANSPORT_CLOSED retryable=true
[1788499795466] MA: session ended kind=TRANSPORT_CLOSED retryable=true
[1788499795900] MA: session ended kind=TRANSPORT_CLOSED retryable=true
[1788499796467] MA: session ended kind=TRANSPORT_CLOSED retryable=true
[1788499797008] MA: session ended kind=TRANSPORT_CLOSED retryable=true
[1788499797448] MA: session ended kind=TRANSPORT_CLOSED retryable=true
[1788499797999] MA: session ended kind=TRANSPORT_CLOSED retryable=true
[1788499798610] MA: session ended kind=TRANSPORT_CLOSED retryable=true
[1788499799131] MA: session ended kind=TRANSPORT_CLOSED retryable=true
[1788499799674] MA: session ended kind=TRANSPORT_CLOSED retryable=true
[1788499800139] MA: session ended kind=TRANSPORT_CLOSED retryable=true
[1788499800670] MA: session ended kind=TRANSPORT_CLOSED retryable=true
[1788499801128] MA: session ended kind=TRANSPORT_CLOSED retryable=true
[1788499801753] MA: session ended kind=TRANSPORT_CLOSED retryable=true
[1788499802200] MA: session ended kind=TRANSPORT_CLOSED retryable=true
[1788499802681] MA: session ended kind=TRANSPORT_CLOSED retryable=true
[1788499803213] MA: session ended kind=TRANSPORT_CLOSED retryable=true
[1788499803791] MA: session ended kind=TRANSPORT_CLOSED retryable=true
[1788499804238] MA: session ended kind=TRANSPORT_CLOSED retryable=true
[1788499804715] MA: session ended kind=TRANSPORT_CLOSED retryable=true
[1788499805261] MA: session ended kind=TRANSPORT_CLOSED retryable=true
[1788499805779] MA: session ended kind=TRANSPORT_CLOSED retryable=true
[1788499806354] MA: session ended kind=TRANSPORT_CLOSED retryable=true
[1788499806838] MA: session ended kind=TRANSPORT_CLOSED retryable=true
[1788499807392] MA: session ended kind=TRANSPORT_CLOSED retryable=true
[1788499807979] MA: session ended kind=TRANSPORT_CLOSED retryable=true
[1788499808603] MA: session ended kind=TRANSPORT_CLOSED retryable=true
[1788499809196] MA: session ended kind=TRANSPORT_CLOSED retryable=true
[1788499809674] MA: session ended kind=TRANSPORT_CLOSED retryable=true
[1788499810236] MA: session ended kind=TRANSPORT_CLOSED retryable=true
[1788499810710] MA: session ended kind=TRANSPORT_CLOSED retryable=true
[1788499811185] MA: session ended kind=TRANSPORT_CLOSED retryable=true
[1788499811809] MA: session ended kind=TRANSPORT_CLOSED retryable=true
[1788499812311] MA: session ended kind=TRANSPORT_CLOSED retryable=true
[1788499812775] MA: session ended kind=TRANSPORT_CLOSED retryable=true
[1788499813260] MA: session ended kind=TRANSPORT_CLOSED retryable=true
[1788499813716] MA: session ended kind=TRANSPORT_CLOSED retryable=true
[1788499814164] MA: session ended kind=TRANSPORT_CLOSED retryable=true
[1788499814664] MA: session ended kind=TRANSPORT_CLOSED retryable=true
[1788499815256] MA: session ended kind=TRANSPORT_CLOSED retryable=true
[1788499815691] MA: session ended kind=TRANSPORT_CLOSED retryable=true
[1788499816141] MA: session ended kind=TRANSPORT_CLOSED retryable=true
[1788499816639] MA: session ended kind=TRANSPORT_CLOSED retryable=true
[1788499817078] MA: session ended kind=TRANSPORT_CLOSED retryable=true
[1788499817693] MA: session ended kind=TRANSPORT_CLOSED retryable=true
[1788499818129] MA: session ended kind=TRANSPORT_CLOSED retryable=true
[1788499818658] MA: session ended kind=TRANSPORT_CLOSED retryable=true
[1788499819228] MA: session ended kind=TRANSPORT_CLOSED retryable=true
[1788499819653] MA: session ended kind=TRANSPORT_CLOSED retryable=true
[1788499820132] MA: session ended kind=TRANSPORT_CLOSED retryable=true
[1788499820559] MA: session ended kind=TRANSPORT_CLOSED retryable=true
[1788499821063] MA: session ended kind=TRANSPORT_CLOSED retryable=true
[1788499821597] MA: session ended kind=TRANSPORT_CLOSED retryable=true
[1788499822181] MA: session ended kind=TRANSPORT_CLOSED retryable=true
[1788499822622] MA: session ended kind=TRANSPORT_CLOSED retryable=true
[1788499823123] MA: session ended kind=TRANSPORT_CLOSED retryable=true
[1788499823717] MA: session ended kind=TRANSPORT_CLOSED retryable=true
[1788499824327] MA: session ended kind=TRANSPORT_CLOSED retryable=true
[1788499824785] MA: session ended kind=TRANSPORT_CLOSED retryable=true
[1788499825320] MA: session ended kind=TRANSPORT_CLOSED retryable=true
[1788499825884] MA: session ended kind=TRANSPORT_CLOSED retryable=true
[1788499826418] MA: session ended kind=TRANSPORT_CLOSED retryable=true
[1788499826949] MA: session ended kind=TRANSPORT_CLOSED retryable=true
[1788499827519] MA: session ended kind=TRANSPORT_CLOSED retryable=true
[1788499828139] MA: session ended kind=TRANSPORT_CLOSED retryable=true
[1788499828707] MA: session ended kind=TRANSPORT_CLOSED retryable=true
[1788499829290] MA: session ended kind=TRANSPORT_CLOSED retryable=true
[1788499829714] MA: session ended kind=TRANSPORT_CLOSED retryable=true
[1788499830203] MA: session ended kind=TRANSPORT_CLOSED retryable=true
[1788499830639] MA: session ended kind=TRANSPORT_CLOSED retryable=true
[1788499831097] MA: session ended kind=TRANSPORT_CLOSED retryable=true
[1788499831666] MA: session ended kind=TRANSPORT_CLOSED retryable=true
[1788499832276] MA: session ended kind=TRANSPORT_CLOSED retryable=true
[1788499832851] MA: session ended kind=TRANSPORT_CLOSED retryable=true
[1788499833358] MA: session ended kind=TRANSPORT_CLOSED retryable=true
[1788499833998] MA: session ended kind=TRANSPORT_CLOSED retryable=true
[1788499834458] MA: session ended kind=TRANSPORT_CLOSED retryable=true
[1788499834900] MA: session ended kind=TRANSPORT_CLOSED retryable=true
[1788499835412] MA: session ended kind=TRANSPORT_CLOSED retryable=true
[1788499835971] MA: session ended kind=TRANSPORT_CLOSED retryable=true
[1788499836420] MA: session ended kind=TRANSPORT_CLOSED retryable=true
[1788499836940] MA: session ended kind=TRANSPORT_CLOSED retryable=true
[1788499837413] MA: session ended kind=TRANSPORT_CLOSED retryable=true
[1788499837967] MA: session ended kind=TRANSPORT_CLOSED retryable=true
[1788499838384] MA: session ended kind=TRANSPORT_CLOSED retryable=true
[1788499838934] MA: session ended kind=TRANSPORT_CLOSED retryable=true
[1788499839521] MA: session ended kind=TRANSPORT_CLOSED retryable=true
[1788499840044] MA: session ended kind=TRANSPORT_CLOSED retryable=true
[1788499840530] MA: session ended kind=TRANSPORT_CLOSED retryable=true
[1788499840956] MA: session ended kind=TRANSPORT_CLOSED retryable=true
[1788499841458] MA: session ended kind=TRANSPORT_CLOSED retryable=true
[1788499841980] MA: session ended kind=TRANSPORT_CLOSED retryable=true
[1788499842457] MA: session ended kind=TRANSPORT_CLOSED retryable=true
[1788499843057] MA: session ended kind=TRANSPORT_CLOSED retryable=true
[1788499843652] MA: session ended kind=TRANSPORT_CLOSED retryable=true
[1788499844163] MA: session ended kind=TRANSPORT_CLOSED retryable=true
[1788499844788] MA: session ended kind=TRANSPORT_CLOSED retryable=true
[1788499845373] MA: session ended kind=TRANSPORT_CLOSED retryable=true
[1788499845859] MA: session ended kind=TRANSPORT_CLOSED retryable=true
[1788499846443] MA: session ended kind=TRANSPORT_CLOSED retryable=true
[1788499847005] MA: session ended kind=TRANSPORT_CLOSED retryable=true
[1788499847471] MA: session ended kind=TRANSPORT_CLOSED retryable=true
[1788499848034] MA: session ended kind=TRANSPORT_CLOSED retryable=true
[1788499848660] MA: session ended kind=TRANSPORT_CLOSED retryable=true
[1788499849100] MA: session ended kind=TRANSPORT_CLOSED retryable=true
[1788499849591] MA: session ended kind=TRANSPORT_CLOSED retryable=true
[1788499850048] MA: session ended kind=TRANSPORT_CLOSED retryable=true
[1788499850553] MA: session ended kind=TRANSPORT_CLOSED retryable=true
[1788499851050] MA: session ended kind=TRANSPORT_CLOSED retryable=true
[1788499851563] MA: session ended kind=TRANSPORT_CLOSED retryable=true
[1788499852040] MA: session ended kind=TRANSPORT_CLOSED retryable=true
[1788499852608] MA: session ended kind=TRANSPORT_CLOSED retryable=true
[1788499853072] MA: session ended kind=TRANSPORT_CLOSED retryable=true
[1788499853590] MA: session ended kind=TRANSPORT_CLOSED retryable=true
[1788499854108] MA: session ended kind=TRANSPORT_CLOSED retryable=true
[1788499854564] MA: session ended kind=TRANSPORT_CLOSED retryable=true
[1788499855183] MA: session ended kind=TRANSPORT_CLOSED retryable=true
[1788499855688] MA: session ended kind=TRANSPORT_CLOSED retryable=true
[1788499856117] MA: session ended kind=TRANSPORT_CLOSED retryable=true
[1788499856691] MA: session ended kind=TRANSPORT_CLOSED retryable=true
[1788499857248] MA: session ended kind=TRANSPORT_CLOSED retryable=true
[1788499857700] MA: session ended kind=TRANSPORT_CLOSED retryable=true
[1788499858260] MA: session ended kind=TRANSPORT_CLOSED retryable=true
[1788499858858] MA: session ended kind=TRANSPORT_CLOSED retryable=true
[1788499859408] MA: session ended kind=TRANSPORT_CLOSED retryable=true
[1788499860003] MA: session ended kind=TRANSPORT_CLOSED retryable=true
[1788499860490] MA: session ended kind=TRANSPORT_CLOSED retryable=true
[1788499861088] MA: session ended kind=TRANSPORT_CLOSED retryable=true
[1788499861658] MA: session ended kind=TRANSPORT_CLOSED retryable=true
[1788499862225] MA: session ended kind=TRANSPORT_CLOSED retryable=true
[1788499862822] MA: session ended kind=TRANSPORT_CLOSED retryable=true
[1788499863251] MA: session ended kind=TRANSPORT_CLOSED retryable=true
[1788499863764] MA: session ended kind=TRANSPORT_CLOSED retryable=true
[1788499864364] MA: session ended kind=TRANSPORT_CLOSED retryable=true
[1788499864971] MA: session ended kind=TRANSPORT_CLOSED retryable=true
[1788499865558] MA: session ended kind=TRANSPORT_CLOSED retryable=true
[1788499866078] MA: session ended kind=TRANSPORT_CLOSED retryable=true
[1788499866604] MA: session ended kind=TRANSPORT_CLOSED retryable=true
[1788499867077] MA: session ended kind=TRANSPORT_CLOSED retryable=true
[1788499867554] MA: session ended kind=TRANSPORT_CLOSED retryable=true
[1788499868151] MA: session ended kind=TRANSPORT_CLOSED retryable=true
[1788499868643] MA: session ended kind=TRANSPORT_CLOSED retryable=true
[1788499869260] MA: session ended kind=TRANSPORT_CLOSED retryable=true
[1788499869854] MA: session ended kind=TRANSPORT_CLOSED retryable=true
[1788499870345] MA: session ended kind=TRANSPORT_CLOSED retryable=true
[1788499870944] MA: session ended kind=TRANSPORT_CLOSED retryable=true
[1788499871530] MA: session ended kind=TRANSPORT_CLOSED retryable=true
[1788499872090] MA: session ended kind=TRANSPORT_CLOSED retryable=true
[1788499872580] MA: session ended kind=TRANSPORT_CLOSED retryable=true
[1788499873061] MA: session ended kind=TRANSPORT_CLOSED retryable=true
[1788499873500] MA: session ended kind=TRANSPORT_CLOSED retryable=true
[1788499874049] MA: session ended kind=TRANSPORT_CLOSED retryable=true
[1788499874596] MA: session ended kind=TRANSPORT_CLOSED retryable=true
[1788499875040] MA: session ended kind=TRANSPORT_CLOSED retryable=true
[1788499875626] MA: session ended kind=TRANSPORT_CLOSED retryable=true
[1788499876119] MA: session ended kind=TRANSPORT_CLOSED retryable=true
[1788499876599] MA: session ended kind=TRANSPORT_CLOSED retryable=true
[1788499877059] MA: session ended kind=TRANSPORT_CLOSED retryable=true
[1788499877619] MA: session ended kind=TRANSPORT_CLOSED retryable=true
[1788499878105] MA: session ended kind=TRANSPORT_CLOSED retryable=true
[1788499878647] MA: session ended kind=TRANSPORT_CLOSED retryable=true
[1788499879101] MA: session ended kind=TRANSPORT_CLOSED retryable=true
[1788499879619] MA: session ended kind=TRANSPORT_CLOSED retryable=true
[1788499880049] MA: session ended kind=TRANSPORT_CLOSED retryable=true
[1788499880668] MA: session ended kind=TRANSPORT_CLOSED retryable=true
[1788499881104] MA: session ended kind=TRANSPORT_CLOSED retryable=true
[1788499881737] MA: session ended kind=TRANSPORT_CLOSED retryable=true
[1788499882163] MA: session ended kind=TRANSPORT_CLOSED retryable=true
[1788499882741] MA: session ended kind=TRANSPORT_CLOSED retryable=true
[1788499883163] MA: session ended kind=TRANSPORT_CLOSED retryable=true
[1788499883742] MA: session ended kind=TRANSPORT_CLOSED retryable=true
[1788499884214] MA: session ended kind=TRANSPORT_CLOSED retryable=true
[1788499884702] MA: session ended kind=TRANSPORT_CLOSED retryable=true
[1788499885273] MA: session ended kind=TRANSPORT_CLOSED retryable=true
[1788499885731] MA: session ended kind=TRANSPORT_CLOSED retryable=true
[1788499886202] MA: session ended kind=TRANSPORT_CLOSED retryable=true
[1788499886773] MA: session ended kind=TRANSPORT_CLOSED retryable=true
[1788499887260] MA: session ended kind=TRANSPORT_CLOSED retryable=true
[1788499887824] MA: session ended kind=TRANSPORT_CLOSED retryable=true
[1788499888383] MA: session ended kind=TRANSPORT_CLOSED retryable=true
[1788499888961] MA: session ended kind=TRANSPORT_CLOSED retryable=true
[1788499889450] MA: session ended kind=TRANSPORT_CLOSED retryable=true
[1788499890069] MA: session ended kind=TRANSPORT_CLOSED retryable=true
[1788499890628] MA: session ended kind=TRANSPORT_CLOSED retryable=true
[1788499891140] MA: session ended kind=TRANSPORT_CLOSED retryable=true
[1788499891692] MA: session ended kind=TRANSPORT_CLOSED retryable=true
[1788499892231] MA: session ended kind=TRANSPORT_CLOSED retryable=true
[1788499892680] MA: session ended kind=TRANSPORT_CLOSED retryable=true
[1788499893307] MA: session ended kind=TRANSPORT_CLOSED retryable=true
[1788499893914] MA: session ended kind=TRANSPORT_CLOSED retryable=true
[1788499894368] MA: session ended kind=TRANSPORT_CLOSED retryable=true
[1788499894801] MA: session ended kind=TRANSPORT_CLOSED retryable=true
[1788499895395] MA: session ended kind=TRANSPORT_CLOSED retryable=true
[1788499895852] MA: session ended kind=TRANSPORT_CLOSED retryable=true
[1788499896338] MA: session ended kind=TRANSPORT_CLOSED retryable=true
[1788499896836] MA: session ended kind=TRANSPORT_CLOSED retryable=true
[1788499897345] MA: session ended kind=TRANSPORT_CLOSED retryable=true
[1788499897878] MA: session ended kind=TRANSPORT_CLOSED retryable=true
[1788499898432] MA: session ended kind=TRANSPORT_CLOSED retryable=true
[1788499898924] MA: session ended kind=TRANSPORT_CLOSED retryable=true
[1788499899505] MA: session ended kind=TRANSPORT_CLOSED retryable=true
[1788499899970] MA: session ended kind=TRANSPORT_CLOSED retryable=true
[1788499900452] MA: session ended kind=TRANSPORT_CLOSED retryable=true
[1788499901003] MA: session ended kind=TRANSPORT_CLOSED retryable=true
[1788499901468] MA: session ended kind=TRANSPORT_CLOSED retryable=true
[1788499901908] MA: session ended kind=TRANSPORT_CLOSED retryable=true
[1788499902409] MA: session ended kind=TRANSPORT_CLOSED retryable=true
[1788499902922] MA: session ended kind=TRANSPORT_CLOSED retryable=true
[1788499903405] MA: session ended kind=TRANSPORT_CLOSED retryable=true
[1788499904013] MA: session ended kind=TRANSPORT_CLOSED retryable=true
[1788499904602] MA: session ended kind=TRANSPORT_CLOSED retryable=true
[1788499905072] MA: session ended kind=TRANSPORT_CLOSED retryable=true
[1788499905592] MA: session ended kind=TRANSPORT_CLOSED retryable=true
[1788499906067] MA: session ended kind=TRANSPORT_CLOSED retryable=true
[1788499906564] MA: session ended kind=TRANSPORT_CLOSED retryable=true
[1788499907060] MA: session ended kind=TRANSPORT_CLOSED retryable=true
[1788499907635] MA: session ended kind=TRANSPORT_CLOSED retryable=true
[1788499908095] MA: session ended kind=TRANSPORT_CLOSED retryable=true
[1788499908623] MA: session ended kind=TRANSPORT_CLOSED retryable=true
[1788499909242] MA: session ended kind=TRANSPORT_CLOSED retryable=true
[1788499909762] MA: session ended kind=TRANSPORT_CLOSED retryable=true
[1788499910352] MA: session ended kind=TRANSPORT_CLOSED retryable=true
[1788499910779] MA: session ended kind=TRANSPORT_CLOSED retryable=true
[1788499911314] MA: session ended kind=TRANSPORT_CLOSED retryable=true
[1788499911883] MA: session ended kind=TRANSPORT_CLOSED retryable=true
[1788499912389] MA: session ended kind=TRANSPORT_CLOSED retryable=true
[1788499912825] MA: session ended kind=TRANSPORT_CLOSED retryable=true
[1788499913312] MA: session ended kind=TRANSPORT_CLOSED retryable=true
[1788499913788] MA: session ended kind=TRANSPORT_CLOSED retryable=true
[1788499914262] MA: session ended kind=TRANSPORT_CLOSED retryable=true
[1788499914688] MA: session ended kind=TRANSPORT_CLOSED retryable=true
[1788499915121] MA: session ended kind=TRANSPORT_CLOSED retryable=true
[1788499915587] MA: session ended kind=TRANSPORT_CLOSED retryable=true
[1788499916036] MA: session ended kind=TRANSPORT_CLOSED retryable=true
[1788499916536] MA: session ended kind=TRANSPORT_CLOSED retryable=true
[1788499916988] MA: session ended kind=TRANSPORT_CLOSED retryable=true
[1788499917408] MA: session ended kind=TRANSPORT_CLOSED retryable=true
[1788499917902] MA: session ended kind=TRANSPORT_CLOSED retryable=true
[1788499918461] MA: session ended kind=TRANSPORT_CLOSED retryable=true
[1788499918960] MA: session ended kind=TRANSPORT_CLOSED retryable=true
[1788499919483] MA: session ended kind=TRANSPORT_CLOSED retryable=true
[1788499920090] MA: session ended kind=TRANSPORT_CLOSED retryable=true
[1788499920619] MA: session ended kind=TRANSPORT_CLOSED retryable=true
[1788499921083] MA: session ended kind=TRANSPORT_CLOSED retryable=true
[1788499921624] MA: session ended kind=TRANSPORT_CLOSED retryable=true
[1788499922062] MA: session ended kind=TRANSPORT_CLOSED retryable=true
[1788499922528] MA: session ended kind=TRANSPORT_CLOSED retryable=true
[1788499923053] MA: session ended kind=TRANSPORT_CLOSED retryable=true
[1788499923616] MA: session ended kind=TRANSPORT_CLOSED retryable=true
[1788499924250] MA: session ended kind=TRANSPORT_CLOSED retryable=true
[1788499924773] MA: session ended kind=TRANSPORT_CLOSED retryable=true
[1788499925243] MA: session ended kind=TRANSPORT_CLOSED retryable=true
[1788499925731] MA: session ended kind=TRANSPORT_CLOSED retryable=true
[1788499926343] MA: session ended kind=TRANSPORT_CLOSED retryable=true
[1788499926879] MA: session ended kind=TRANSPORT_CLOSED retryable=true
[1788499927476] MA: session ended kind=TRANSPORT_CLOSED retryable=true
[1788499928008] MA: session ended kind=TRANSPORT_CLOSED retryable=true
[1788499928461] MA: session ended kind=TRANSPORT_CLOSED retryable=true
[1788499929075] MA: session ended kind=TRANSPORT_CLOSED retryable=true
[1788499929678] MA: session ended kind=TRANSPORT_CLOSED retryable=true
[1788499930186] MA: session ended kind=TRANSPORT_CLOSED retryable=true
[1788499930779] MA: session ended kind=TRANSPORT_CLOSED retryable=true
[1788499931379] MA: session ended kind=TRANSPORT_CLOSED retryable=true
[1788499931812] MA: session ended kind=TRANSPORT_CLOSED retryable=true
[1788499932276] MA: session ended kind=TRANSPORT_CLOSED retryable=true
[1788499932732] MA: session ended kind=TRANSPORT_CLOSED retryable=true
[1788499933252] MA: session ended kind=TRANSPORT_CLOSED retryable=true
[1788499933747] MA: session ended kind=TRANSPORT_CLOSED retryable=true
[1788499934351] MA: session ended kind=TRANSPORT_CLOSED retryable=true
[1788499934792] MA: session ended kind=TRANSPORT_CLOSED retryable=true
[1788499935379] MA: session ended kind=TRANSPORT_CLOSED retryable=true
[1788499935886] MA: session ended kind=TRANSPORT_CLOSED retryable=true
[1788499936359] MA: session ended kind=TRANSPORT_CLOSED retryable=true
[1788499936778] MA: session ended kind=TRANSPORT_CLOSED retryable=true
[1788499937243] MA: session ended kind=TRANSPORT_CLOSED retryable=true
[1788499937787] MA: session ended kind=TRANSPORT_CLOSED retryable=true
[1788499938283] MA: session ended kind=TRANSPORT_CLOSED retryable=true
[1788499938792] MA: session ended kind=TRANSPORT_CLOSED retryable=true
[1788499939230] MA: session ended kind=TRANSPORT_CLOSED retryable=true
[1788499939771] MA: session ended kind=TRANSPORT_CLOSED retryable=true
[1788499940326] MA: session ended kind=TRANSPORT_CLOSED retryable=true
[1788499940763] MA: session ended kind=TRANSPORT_CLOSED retryable=true
[1788499941211] MA: session ended kind=TRANSPORT_CLOSED retryable=true
[1788499941720] MA: session ended kind=TRANSPORT_CLOSED retryable=true
[1788499942140] MA: session ended kind=TRANSPORT_CLOSED retryable=true
[1788499942620] MA: session ended kind=TRANSPORT_CLOSED retryable=true
[1788499943192] MA: session ended kind=TRANSPORT_CLOSED retryable=true
[1788499943629] MA: session ended kind=TRANSPORT_CLOSED retryable=true
[1788499944100] MA: session ended kind=TRANSPORT_CLOSED retryable=true
[1788499944526] MA: session ended kind=TRANSPORT_CLOSED retryable=true
[1788499944987] MA: session ended kind=TRANSPORT_CLOSED retryable=true
[1788499945491] MA: session ended kind=TRANSPORT_CLOSED retryable=true
[1788499946086] MA: session ended kind=TRANSPORT_CLOSED retryable=true
[1788499946523] MA: session ended kind=TRANSPORT_CLOSED retryable=true
[1788499947055] MA: session ended kind=TRANSPORT_CLOSED retryable=true
[1788499947603] MA: session ended kind=TRANSPORT_CLOSED retryable=true
[1788499948171] MA: session ended kind=TRANSPORT_CLOSED retryable=true
[1788499948722] MA: session ended kind=TRANSPORT_CLOSED retryable=true
[1788499949322] MA: session ended kind=TRANSPORT_CLOSED retryable=true
[1788499949866] MA: session ended kind=TRANSPORT_CLOSED retryable=true
[1788499950468] MA: session ended kind=TRANSPORT_CLOSED retryable=true
[1788499951034] MA: session ended kind=TRANSPORT_CLOSED retryable=true
[1788499951585] MA: session ended kind=TRANSPORT_CLOSED retryable=true
[1788499952120] MA: session ended kind=TRANSPORT_CLOSED retryable=true
[1788499952600] MA: session ended kind=TRANSPORT_CLOSED retryable=true
[1788499953037] MA: session ended kind=TRANSPORT_CLOSED retryable=true
[1788499953551] MA: session ended kind=TRANSPORT_CLOSED retryable=true
[1788499954080] MA: session ended kind=TRANSPORT_CLOSED retryable=true
[1788499954673] MA: session ended kind=TRANSPORT_CLOSED retryable=true
[1788499955177] MA: session ended kind=TRANSPORT_CLOSED retryable=true
[1788499955627] MA: session ended kind=TRANSPORT_CLOSED retryable=true
[1788499956111] MA: session ended kind=TRANSPORT_CLOSED retryable=true
[1788499956688] MA: session ended kind=TRANSPORT_CLOSED retryable=true
[1788499957181] MA: session ended kind=TRANSPORT_CLOSED retryable=true
[1788499957654] MA: session ended kind=TRANSPORT_CLOSED retryable=true
[1788499958185] MA: session ended kind=TRANSPORT_CLOSED retryable=true
[1788499958716] MA: session ended kind=TRANSPORT_CLOSED retryable=true
[1788499959314] MA: session ended kind=TRANSPORT_CLOSED retryable=true
[1788499959786] MA: session ended kind=TRANSPORT_CLOSED retryable=true
[1788499960243] MA: session ended kind=TRANSPORT_CLOSED retryable=true
[1788499960810] MA: session ended kind=TRANSPORT_CLOSED retryable=true
[1788499961404] MA: session ended kind=TRANSPORT_CLOSED retryable=true
[1788499962024] MA: session ended kind=TRANSPORT_CLOSED retryable=true
[1788499962492] MA: session ended kind=TRANSPORT_CLOSED retryable=true
[1788499962914] MA: session ended kind=TRANSPORT_CLOSED retryable=true
[1788499963382] MA: session ended kind=TRANSPORT_CLOSED retryable=true
[1788499963887] MA: session ended kind=TRANSPORT_CLOSED retryable=true
[1788499964488] MA: session ended kind=TRANSPORT_CLOSED retryable=true
[1788499965065] MA: session ended kind=TRANSPORT_CLOSED retryable=true
[1788499965543] MA: session ended kind=TRANSPORT_CLOSED retryable=true
[1788499965979] MA: session ended kind=TRANSPORT_CLOSED retryable=true
[1788499966407] MA: session ended kind=TRANSPORT_CLOSED retryable=true
[1788499966886] MA: session ended kind=TRANSPORT_CLOSED retryable=true
[1788499967427] MA: session ended kind=TRANSPORT_CLOSED retryable=true
[1788499967872] MA: session ended kind=TRANSPORT_CLOSED retryable=true
[1788499968299] MA: session ended kind=TRANSPORT_CLOSED retryable=true
[1788499968911] MA: session ended kind=TRANSPORT_CLOSED retryable=true
[1788499969504] MA: session ended kind=TRANSPORT_CLOSED retryable=true
[1788499970051] MA: session ended kind=TRANSPORT_CLOSED retryable=true
[1788499970541] MA: session ended kind=TRANSPORT_CLOSED retryable=true
[1788499970993] MA: session ended kind=TRANSPORT_CLOSED retryable=true
[1788499971596] MA: session ended kind=TRANSPORT_CLOSED retryable=true
[1788499972211] MA: session ended kind=TRANSPORT_CLOSED retryable=true
[1788499972678] MA: session ended kind=TRANSPORT_CLOSED retryable=true
[1788499973123] MA: session ended kind=TRANSPORT_CLOSED retryable=true
[1788499973635] MA: session ended kind=TRANSPORT_CLOSED retryable=true
[1788499974189] MA: session ended kind=TRANSPORT_CLOSED retryable=true
[1788499974739] MA: session ended kind=TRANSPORT_CLOSED retryable=true
[1788499975183] MA: session ended kind=TRANSPORT_CLOSED retryable=true
[1788499975630] MA: session ended kind=TRANSPORT_CLOSED retryable=true
[1788499976140] MA: session ended kind=TRANSPORT_CLOSED retryable=true
[1788499976572] MA: session ended kind=TRANSPORT_CLOSED retryable=true
[1788499977107] MA: session ended kind=TRANSPORT_CLOSED retryable=true
[1788499977657] MA: session ended kind=TRANSPORT_CLOSED retryable=true
[1788499978204] MA: session ended kind=TRANSPORT_CLOSED retryable=true
[1788499978792] MA: session ended kind=TRANSPORT_CLOSED retryable=true
[1788499979281] MA: session ended kind=TRANSPORT_CLOSED retryable=true
[1788499979867] MA: session ended kind=TRANSPORT_CLOSED retryable=true
[1788499980487] MA: session ended kind=TRANSPORT_CLOSED retryable=true
[1788499981050] MA: session ended kind=TRANSPORT_CLOSED retryable=true
[1788499981584] MA: session ended kind=TRANSPORT_CLOSED retryable=true
[1788499982194] MA: session ended kind=TRANSPORT_CLOSED retryable=true
[1788499982777] MA: session ended kind=TRANSPORT_CLOSED retryable=true
[1788499983216] MA: session ended kind=TRANSPORT_CLOSED retryable=true
[1788499983792] MA: session ended kind=TRANSPORT_CLOSED retryable=true
[1788499984255] MA: session ended kind=TRANSPORT_CLOSED retryable=true
[1788499984847] MA: session ended kind=TRANSPORT_CLOSED retryable=true
[1788499985266] MA: session ended kind=TRANSPORT_CLOSED retryable=true
[1788499985830] MA: session ended kind=TRANSPORT_CLOSED retryable=true
[1788499986401] MA: session ended kind=TRANSPORT_CLOSED retryable=true
[1788499986882] MA: session ended kind=TRANSPORT_CLOSED retryable=true
[1788499987395] MA: session ended kind=TRANSPORT_CLOSED retryable=true
[1788499987875] MA: session ended kind=TRANSPORT_CLOSED retryable=true
[1788499988380] MA: session ended kind=TRANSPORT_CLOSED retryable=true
[1788499988877] MA: session ended kind=TRANSPORT_CLOSED retryable=true
[1788499989341] MA: session ended kind=TRANSPORT_CLOSED retryable=true
[1788499989844] MA: session ended kind=TRANSPORT_CLOSED retryable=true
[1788499990424] MA: session ended kind=TRANSPORT_CLOSED retryable=true
[1788499990845] MA: session ended kind=TRANSPORT_CLOSED retryable=true
[1788499991336] MA: session ended kind=TRANSPORT_CLOSED retryable=true
[1788499991810] MA: session ended kind=TRANSPORT_CLOSED retryable=true
[1788499992299] MA: session ended kind=TRANSPORT_CLOSED retryable=true
[1788499992721] MA: session ended kind=TRANSPORT_CLOSED retryable=true
[1788499993299] MA: session ended kind=TRANSPORT_CLOSED retryable=true
[1788499993812] MA: session ended kind=TRANSPORT_CLOSED retryable=true
[1788499994413] MA: session ended kind=TRANSPORT_CLOSED retryable=true
[1788499994964] MA: session ended kind=TRANSPORT_CLOSED retryable=true
[1788499995537] MA: session ended kind=TRANSPORT_CLOSED retryable=true
[1788499996132] MA: session ended kind=TRANSPORT_CLOSED retryable=true
[1788499996646] MA: session ended kind=TRANSPORT_CLOSED retryable=true
[1788499997111] MA: session ended kind=TRANSPORT_CLOSED retryable=true
[1788499997592] MA: session ended kind=TRANSPORT_CLOSED retryable=true
[1788499998111] MA: session ended kind=TRANSPORT_CLOSED retryable=true
[1788499998595] MA: session ended kind=TRANSPORT_CLOSED retryable=true
[1788499999133] MA: session ended kind=TRANSPORT_CLOSED retryable=true
[1788499999603] MA: session ended kind=TRANSPORT_CLOSED retryable=true
[1788500000136] MA: session ended kind=TRANSPORT_CLOSED retryable=true
[1788500000595] MA: session ended kind=TRANSPORT_CLOSED retryable=true
[1788500001027] MA: session ended kind=TRANSPORT_CLOSED retryable=true
[1788500001653] MA: session ended kind=TRANSPORT_CLOSED retryable=true
[1788500002116] MA: session ended kind=TRANSPORT_CLOSED retryable=true
[1788500002601] MA: session ended kind=TRANSPORT_CLOSED retryable=true
[1788500003064] MA: session ended kind=TRANSPORT_CLOSED retryable=true
[1788500003554] MA: session ended kind=TRANSPORT_CLOSED retryable=true
[1788500004140] MA: session ended kind=TRANSPORT_CLOSED retryable=true
[1788500004724] MA: session ended kind=TRANSPORT_CLOSED retryable=true
[1788500005206] MA: session ended kind=TRANSPORT_CLOSED retryable=true
[1788500005771] MA: session ended kind=TRANSPORT_CLOSED retryable=true
[1788500006261] MA: session ended kind=TRANSPORT_CLOSED retryable=true
[1788500006745] MA: session ended kind=TRANSPORT_CLOSED retryable=true
[1788500007318] MA: session ended kind=TRANSPORT_CLOSED retryable=true
[1788500007803] MA: session ended kind=TRANSPORT_CLOSED retryable=true
[1788500008347] MA: session ended kind=TRANSPORT_CLOSED retryable=true
[1788500008818] MA: session ended kind=TRANSPORT_CLOSED retryable=true
[1788500009311] MA: session ended kind=TRANSPORT_CLOSED retryable=true
[1788500009756] MA: session ended kind=TRANSPORT_CLOSED retryable=true
[1788500010341] MA: session ended kind=TRANSPORT_CLOSED retryable=true
[1788500010804] MA: session ended kind=TRANSPORT_CLOSED retryable=true
[1788500011299] MA: session ended kind=TRANSPORT_CLOSED retryable=true
[1788500011800] MA: session ended kind=TRANSPORT_CLOSED retryable=true
[1788500012358] MA: session ended kind=TRANSPORT_CLOSED retryable=true
[1788500012941] MA: session ended kind=TRANSPORT_CLOSED retryable=true
[1788500013554] MA: session ended kind=TRANSPORT_CLOSED retryable=true
[1788500013991] MA: session ended kind=TRANSPORT_CLOSED retryable=true
[1788500014580] MA: session ended kind=TRANSPORT_CLOSED retryable=true
[1788500015043] MA: session ended kind=TRANSPORT_CLOSED retryable=true
[1788500015567] MA: session ended kind=TRANSPORT_CLOSED retryable=true
[1788500016131] MA: session ended kind=TRANSPORT_CLOSED retryable=true
[1788500016707] MA: session ended kind=TRANSPORT_CLOSED retryable=true
[1788500017139] MA: session ended kind=TRANSPORT_CLOSED retryable=true
[1788500017748] MA: session ended kind=TRANSPORT_CLOSED retryable=true
[1788500018298] MA: session ended kind=TRANSPORT_CLOSED retryable=true
[1788500018738] MA: session ended kind=TRANSPORT_CLOSED retryable=true
[1788500019289] MA: session ended kind=TRANSPORT_CLOSED retryable=true
[1788500019708] MA: session ended kind=TRANSPORT_CLOSED retryable=true
[1788500020318] MA: session ended kind=TRANSPORT_CLOSED retryable=true
[1788500020758] MA: session ended kind=TRANSPORT_CLOSED retryable=true
[1788500021235] MA: session ended kind=TRANSPORT_CLOSED retryable=true
[1788500021734] MA: session ended kind=TRANSPORT_CLOSED retryable=true
[1788500022220] MA: session ended kind=TRANSPORT_CLOSED retryable=true
[1788500022682] MA: session ended kind=TRANSPORT_CLOSED retryable=true
[1788500023211] MA: session ended kind=TRANSPORT_CLOSED retryable=true
[1788500023699] MA: session ended kind=TRANSPORT_CLOSED retryable=true
[1788500024207] MA: session ended kind=TRANSPORT_CLOSED retryable=true
[1788500024737] MA: session ended kind=TRANSPORT_CLOSED retryable=true
[1788500025291] MA: session ended kind=TRANSPORT_CLOSED retryable=true
[1788500025830] MA: session ended kind=TRANSPORT_CLOSED retryable=true
[1788500026363] MA: session ended kind=TRANSPORT_CLOSED retryable=true
[1788500026840] MA: session ended kind=TRANSPORT_CLOSED retryable=true
[1788500027273] MA: session ended kind=TRANSPORT_CLOSED retryable=true
[1788500027731] MA: session ended kind=TRANSPORT_CLOSED retryable=true
[1788500028286] MA: session ended kind=TRANSPORT_CLOSED retryable=true
[1788500028817] MA: session ended kind=TRANSPORT_CLOSED retryable=true
[1788500029307] MA: session ended kind=TRANSPORT_CLOSED retryable=true
[1788500029880] MA: session ended kind=TRANSPORT_CLOSED retryable=true
[1788500030451] MA: session ended kind=TRANSPORT_CLOSED retryable=true
[1788500031051] MA: session ended kind=TRANSPORT_CLOSED retryable=true
[1788500031483] MA: session ended kind=TRANSPORT_CLOSED retryable=true
[1788500031932] MA: session ended kind=TRANSPORT_CLOSED retryable=true
[1788500032493] MA: session ended kind=TRANSPORT_CLOSED retryable=true
[1788500032995] MA: session ended kind=TRANSPORT_CLOSED retryable=true
[1788500033463] MA: session ended kind=TRANSPORT_CLOSED retryable=true
[1788500033941] MA: session ended kind=TRANSPORT_CLOSED retryable=true
[1788500034515] MA: session ended kind=TRANSPORT_CLOSED retryable=true
[1788500034939] MA: session ended kind=TRANSPORT_CLOSED retryable=true
[1788500035507] MA: session ended kind=TRANSPORT_CLOSED retryable=true
[1788500036115] MA: session ended kind=TRANSPORT_CLOSED retryable=true
[1788500036655] MA: session ended kind=TRANSPORT_CLOSED retryable=true
[1788500037268] MA: session ended kind=TRANSPORT_CLOSED retryable=true
[1788500037702] MA: session ended kind=TRANSPORT_CLOSED retryable=true
[1788500038194] MA: session ended kind=TRANSPORT_CLOSED retryable=true
[1788500038707] MA: session ended kind=TRANSPORT_CLOSED retryable=true
[1788500039307] MA: session ended kind=TRANSPORT_CLOSED retryable=true
[1788500039914] MA: session ended kind=TRANSPORT_CLOSED retryable=true
[1788500040426] MA: session ended kind=TRANSPORT_CLOSED retryable=true
[1788500041010] MA: session ended kind=TRANSPORT_CLOSED retryable=true
[1788500041608] MA: session ended kind=TRANSPORT_CLOSED retryable=true
[1788500042159] MA: session ended kind=TRANSPORT_CLOSED retryable=true
[1788500042656] MA: session ended kind=TRANSPORT_CLOSED retryable=true
[1788500043107] MA: session ended kind=TRANSPORT_CLOSED retryable=true
[1788500043525] MA: session ended kind=TRANSPORT_CLOSED retryable=true
[1788500043939] MA: session ended kind=TRANSPORT_CLOSED retryable=true
[1788500044587] MA: session ended kind=TRANSPORT_CLOSED retryable=true
[1788500045037] MA: session ended kind=TRANSPORT_CLOSED retryable=true
[1788500045466] MA: session ended kind=TRANSPORT_CLOSED retryable=true
[1788500045946] MA: session ended kind=TRANSPORT_CLOSED retryable=true
[1788500046418] MA: session ended kind=TRANSPORT_CLOSED retryable=true
[1788500046892] MA: session ended kind=TRANSPORT_CLOSED retryable=true
[1788500047416] MA: session ended kind=TRANSPORT_CLOSED retryable=true
[1788500047894] MA: session ended kind=TRANSPORT_CLOSED retryable=true
[1788500048439] MA: session ended kind=TRANSPORT_CLOSED retryable=true
[1788500049014] MA: session ended kind=TRANSPORT_CLOSED retryable=true
[1788500049594] MA: session ended kind=TRANSPORT_CLOSED retryable=true
[1788500050128] MA: session ended kind=TRANSPORT_CLOSED retryable=true
[1788500050550] MA: session ended kind=TRANSPORT_CLOSED retryable=true
[1788500051018] MA: session ended kind=TRANSPORT_CLOSED retryable=true
[1788500051518] MA: session ended kind=TRANSPORT_CLOSED retryable=true
[1788500051950] MA: session ended kind=TRANSPORT_CLOSED retryable=true
[1788500052404] MA: session ended kind=TRANSPORT_CLOSED retryable=true
[1788500052971] MA: session ended kind=TRANSPORT_CLOSED retryable=true
[1788500053467] MA: session ended kind=TRANSPORT_CLOSED retryable=true
[1788500053972] MA: session ended kind=TRANSPORT_CLOSED retryable=true
[1788500054552] MA: session ended kind=TRANSPORT_CLOSED retryable=true
[1788500054979] MA: session ended kind=TRANSPORT_CLOSED retryable=true
[1788500055424] MA: session ended kind=TRANSPORT_CLOSED retryable=true
[1788500055899] MA: session ended kind=TRANSPORT_CLOSED retryable=true
[1788500056330] MA: session ended kind=TRANSPORT_CLOSED retryable=true
[1788500056874] MA: session ended kind=TRANSPORT_CLOSED retryable=true
[1788500057493] MA: session ended kind=TRANSPORT_CLOSED retryable=true
[1788500058036] MA: session ended kind=TRANSPORT_CLOSED retryable=true
[1788500058473] MA: session ended kind=TRANSPORT_CLOSED retryable=true
[1788500059011] MA: session ended kind=TRANSPORT_CLOSED retryable=true
[1788500059611] MA: session ended kind=TRANSPORT_CLOSED retryable=true
[1788500060179] MA: session ended kind=TRANSPORT_CLOSED retryable=true
[1788500060669] MA: session ended kind=TRANSPORT_CLOSED retryable=true
[1788500061238] MA: session ended kind=TRANSPORT_CLOSED retryable=true
[1788500061705] MA: session ended kind=TRANSPORT_CLOSED retryable=true
[1788500062191] MA: session ended kind=TRANSPORT_CLOSED retryable=true
[1788500062716] MA: session ended kind=TRANSPORT_CLOSED retryable=true
[1788500063327] MA: session ended kind=TRANSPORT_CLOSED retryable=true
[1788500063756] MA: session ended kind=TRANSPORT_CLOSED retryable=true
[1788500064192] MA: session ended kind=TRANSPORT_CLOSED retryable=true
[1788500064695] MA: session ended kind=TRANSPORT_CLOSED retryable=true
[1788500065212] MA: session ended kind=TRANSPORT_CLOSED retryable=true
[1788500065690] MA: session ended kind=TRANSPORT_CLOSED retryable=true
[1788500066156] MA: session ended kind=TRANSPORT_CLOSED retryable=true
[1788500066642] MA: session ended kind=TRANSPORT_CLOSED retryable=true
[1788500067218] MA: session ended kind=TRANSPORT_CLOSED retryable=true
[1788500067690] MA: session ended kind=TRANSPORT_CLOSED retryable=true
[1788500068260] MA: session ended kind=TRANSPORT_CLOSED retryable=true
[1788500068738] MA: session ended kind=TRANSPORT_CLOSED retryable=true
[1788500069171] MA: session ended kind=TRANSPORT_CLOSED retryable=true
[1788500069727] MA: session ended kind=TRANSPORT_CLOSED retryable=true
[1788500070224] MA: session ended kind=TRANSPORT_CLOSED retryable=true
[1788500070737] MA: session ended kind=TRANSPORT_CLOSED retryable=true
[1788500071289] MA: session ended kind=TRANSPORT_CLOSED retryable=true
[1788500071772] MA: session ended kind=TRANSPORT_CLOSED retryable=true
[1788500072391] MA: session ended kind=TRANSPORT_CLOSED retryable=true
[1788500072872] MA: session ended kind=TRANSPORT_CLOSED retryable=true
[1788500073434] MA: session ended kind=TRANSPORT_CLOSED retryable=true
[1788500073995] MA: session ended kind=TRANSPORT_CLOSED retryable=true
[1788500074566] MA: session ended kind=TRANSPORT_CLOSED retryable=true
[1788500075082] MA: session ended kind=TRANSPORT_CLOSED retryable=true
[1788500075600] MA: session ended kind=TRANSPORT_CLOSED retryable=true
[1788500076176] MA: session ended kind=TRANSPORT_CLOSED retryable=true
[1788500076774] MA: session ended kind=TRANSPORT_CLOSED retryable=true
[1788500077355] MA: session ended kind=TRANSPORT_CLOSED retryable=true
[1788500077808] MA: session ended kind=TRANSPORT_CLOSED retryable=true
[1788500078277] MA: session ended kind=TRANSPORT_CLOSED retryable=true
[1788500078803] MA: session ended kind=TRANSPORT_CLOSED retryable=true
[1788500079382] MA: session ended kind=TRANSPORT_CLOSED retryable=true
[1788500079859] MA: session ended kind=TRANSPORT_CLOSED retryable=true
[1788500080415] MA: session ended kind=TRANSPORT_CLOSED retryable=true
[1788500080846] MA: session ended kind=TRANSPORT_CLOSED retryable=true
[1788500081440] MA: session ended kind=TRANSPORT_CLOSED retryable=true
[1788500081928] MA: session ended kind=TRANSPORT_CLOSED retryable=true
[1788500082470] MA: session ended kind=TRANSPORT_CLOSED retryable=true
[1788500082919] MA: session ended kind=TRANSPORT_CLOSED retryable=true
[1788500083491] MA: session ended kind=TRANSPORT_CLOSED retryable=true
[1788500083947] MA: session ended kind=TRANSPORT_CLOSED retryable=true
[1788500084494] MA: session ended kind=TRANSPORT_CLOSED retryable=true
[1788500085060] MA: session ended kind=TRANSPORT_CLOSED retryable=true
[1788500085571] MA: session ended kind=TRANSPORT_CLOSED retryable=true
[1788500086054] MA: session ended kind=TRANSPORT_CLOSED retryable=true
[1788500086471] MA: session ended kind=TRANSPORT_CLOSED retryable=true
[1788500087070] MA: session ended kind=TRANSPORT_CLOSED retryable=true
[1788500087531] MA: session ended kind=TRANSPORT_CLOSED retryable=true
[1788500088022] MA: session ended kind=TRANSPORT_CLOSED retryable=true
[1788500088491] MA: session ended kind=TRANSPORT_CLOSED retryable=true
[1788500088927] MA: session ended kind=TRANSPORT_CLOSED retryable=true
[1788500089503] MA: session ended kind=TRANSPORT_CLOSED retryable=true
[1788500089925] MA: session ended kind=TRANSPORT_CLOSED retryable=true
[1788500090370] MA: session ended kind=TRANSPORT_CLOSED retryable=true
[1788500090912] MA: session ended kind=TRANSPORT_CLOSED retryable=true
[1788500091388] MA: session ended kind=TRANSPORT_CLOSED retryable=true
[1788500091836] MA: session ended kind=TRANSPORT_CLOSED retryable=true
[1788500092419] MA: session ended kind=TRANSPORT_CLOSED retryable=true
[1788500092977] MA: session ended kind=TRANSPORT_CLOSED retryable=true
[1788500093519] MA: session ended kind=TRANSPORT_CLOSED retryable=true
[1788500094068] MA: session ended kind=TRANSPORT_CLOSED retryable=true
[1788500094653] MA: session ended kind=TRANSPORT_CLOSED retryable=true
[1788500095138] MA: session ended kind=TRANSPORT_CLOSED retryable=true
[1788500095642] MA: session ended kind=TRANSPORT_CLOSED retryable=true
[1788500096068] MA: session ended kind=TRANSPORT_CLOSED retryable=true
[1788500096669] MA: session ended kind=TRANSPORT_CLOSED retryable=true
[1788500097281] MA: session ended kind=TRANSPORT_CLOSED retryable=true
[1788500097742] MA: session ended kind=TRANSPORT_CLOSED retryable=true
[1788500098301] MA: session ended kind=TRANSPORT_CLOSED retryable=true
[1788500098743] MA: session ended kind=TRANSPORT_CLOSED retryable=true
[1788500099282] MA: session ended kind=TRANSPORT_CLOSED retryable=true
[1788500099720] MA: session ended kind=TRANSPORT_CLOSED retryable=true
[1788500100281] MA: session ended kind=TRANSPORT_CLOSED retryable=true
[1788500100767] MA: session ended kind=TRANSPORT_CLOSED retryable=true
[1788500101308] MA: session ended kind=TRANSPORT_CLOSED retryable=true
[1788500101806] MA: session ended kind=TRANSPORT_CLOSED retryable=true
[1788500102355] MA: session ended kind=TRANSPORT_CLOSED retryable=true
[1788500102850] MA: session ended kind=TRANSPORT_CLOSED retryable=true
[1788500103425] MA: session ended kind=TRANSPORT_CLOSED retryable=true
[1788500103870] MA: session ended kind=TRANSPORT_CLOSED retryable=true
[1788500104400] MA: session ended kind=TRANSPORT_CLOSED retryable=true
[1788500104850] MA: session ended kind=TRANSPORT_CLOSED retryable=true
[1788500105409] MA: session ended kind=TRANSPORT_CLOSED retryable=true
[1788500105963] MA: session ended kind=TRANSPORT_CLOSED retryable=true
[1788500106497] MA: session ended kind=TRANSPORT_CLOSED retryable=true
[1788500107074] MA: session ended kind=TRANSPORT_CLOSED retryable=true
[1788500107566] MA: session ended kind=TRANSPORT_CLOSED retryable=true
[1788500108008] MA: session ended kind=TRANSPORT_CLOSED retryable=true
[1788500108580] MA: session ended kind=TRANSPORT_CLOSED retryable=true
[1788500109185] MA: session ended kind=TRANSPORT_CLOSED retryable=true
[1788500109789] MA: session ended kind=TRANSPORT_CLOSED retryable=true
[1788500110403] MA: session ended kind=TRANSPORT_CLOSED retryable=true
[1788500110936] MA: session ended kind=TRANSPORT_CLOSED retryable=true
[1788500111374] MA: session ended kind=TRANSPORT_CLOSED retryable=true
[1788500111802] MA: session ended kind=TRANSPORT_CLOSED retryable=true
[1788500112227] MA: session ended kind=TRANSPORT_CLOSED retryable=true
[1788500112666] MA: session ended kind=TRANSPORT_CLOSED retryable=true
[1788500113105] MA: session ended kind=TRANSPORT_CLOSED retryable=true
[1788500113681] MA: session ended kind=TRANSPORT_CLOSED retryable=true
[1788500114251] MA: session ended kind=TRANSPORT_CLOSED retryable=true
[1788500114786] MA: session ended kind=TRANSPORT_CLOSED retryable=true
[1788500115324] MA: session ended kind=TRANSPORT_CLOSED retryable=true
[1788500115804] MA: session ended kind=TRANSPORT_CLOSED retryable=true
[1788500116352] MA: session ended kind=TRANSPORT_CLOSED retryable=true
[1788500116948] MA: session ended kind=TRANSPORT_CLOSED retryable=true
[1788500117522] MA: session ended kind=TRANSPORT_CLOSED retryable=true
[1788500118054] MA: session ended kind=TRANSPORT_CLOSED retryable=true
[1788500118555] MA: session ended kind=TRANSPORT_CLOSED retryable=true
[1788500119086] MA: session ended kind=TRANSPORT_CLOSED retryable=true
[1788500119631] MA: session ended kind=TRANSPORT_CLOSED retryable=true
[1788500120174] MA: session ended kind=TRANSPORT_CLOSED retryable=true
[1788500120758] MA: session ended kind=TRANSPORT_CLOSED retryable=true
[1788500121188] MA: session ended kind=TRANSPORT_CLOSED retryable=true
[1788500121660] MA: session ended kind=TRANSPORT_CLOSED retryable=true
[1788500122262] MA: session ended kind=TRANSPORT_CLOSED retryable=true
[1788500122688] MA: session ended kind=TRANSPORT_CLOSED retryable=true
[1788500123278] MA: session ended kind=TRANSPORT_CLOSED retryable=true
[1788500123898] MA: session ended kind=TRANSPORT_CLOSED retryable=true
[1788500124368] MA: session ended kind=TRANSPORT_CLOSED retryable=true
[1788500124866] MA: session ended kind=TRANSPORT_CLOSED retryable=true
[1788500125402] MA: session ended kind=TRANSPORT_CLOSED retryable=true
[1788500125947] MA: session ended kind=TRANSPORT_CLOSED retryable=true
[1788500126513] MA: session ended kind=TRANSPORT_CLOSED retryable=true
[1788500127021] MA: session ended kind=TRANSPORT_CLOSED retryable=true
[1788500127587] MA: session ended kind=TRANSPORT_CLOSED retryable=true
[1788500128015] MA: session ended kind=TRANSPORT_CLOSED retryable=true
[1788500128457] MA: session ended kind=TRANSPORT_CLOSED retryable=true
[1788500129082] MA: session ended kind=TRANSPORT_CLOSED retryable=true
[1788500129669] MA: session ended kind=TRANSPORT_CLOSED retryable=true
[1788500130254] MA: session ended kind=TRANSPORT_CLOSED retryable=true
[1788500130779] MA: session ended kind=TRANSPORT_CLOSED retryable=true
[1788500131294] MA: session ended kind=TRANSPORT_CLOSED retryable=true
[1788500131907] MA: session ended kind=TRANSPORT_CLOSED retryable=true
[1788500132394] MA: session ended kind=TRANSPORT_CLOSED retryable=true
[1788500132870] MA: session ended kind=TRANSPORT_CLOSED retryable=true
[1788500133442] MA: session ended kind=TRANSPORT_CLOSED retryable=true
[1788500133891] MA: session ended kind=TRANSPORT_CLOSED retryable=true
[1788500134366] MA: session ended kind=TRANSPORT_CLOSED retryable=true
[1788500134946] MA: session ended kind=TRANSPORT_CLOSED retryable=true
[1788500135567] MA: session ended kind=TRANSPORT_CLOSED retryable=true
[1788500136155] MA: session ended kind=TRANSPORT_CLOSED retryable=true
[1788500136613] MA: session ended kind=TRANSPORT_CLOSED retryable=true
[1788500137061] MA: session ended kind=TRANSPORT_CLOSED retryable=true
[1788500137664] MA: session ended kind=TRANSPORT_CLOSED retryable=true
[1788500138257] MA: session ended kind=TRANSPORT_CLOSED retryable=true
[1788500138781] MA: session ended kind=TRANSPORT_CLOSED retryable=true
[1788500139393] MA: session ended kind=TRANSPORT_CLOSED retryable=true
[1788500139842] MA: session ended kind=TRANSPORT_CLOSED retryable=true
[1788500140262] MA: session ended kind=TRANSPORT_CLOSED retryable=true
[1788500140816] MA: session ended kind=TRANSPORT_CLOSED retryable=true
[1788500141337] MA: session ended kind=TRANSPORT_CLOSED retryable=true
[1788500141953] MA: session ended kind=TRANSPORT_CLOSED retryable=true
[1788500142445] MA: session ended kind=TRANSPORT_CLOSED retryable=true
[1788500142991] MA: session ended kind=TRANSPORT_CLOSED retryable=true
[1788500143570] MA: session ended kind=TRANSPORT_CLOSED retryable=true
[1788500144066] MA: session ended kind=TRANSPORT_CLOSED retryable=true
[1788500144596] MA: session ended kind=TRANSPORT_CLOSED retryable=true
[1788500145135] MA: session ended kind=TRANSPORT_CLOSED retryable=true
[1788500145607] MA: session ended kind=TRANSPORT_CLOSED retryable=true
[1788500146065] MA: session ended kind=TRANSPORT_CLOSED retryable=true
[1788500146575] MA: session ended kind=TRANSPORT_CLOSED retryable=true
[1788500147017] MA: session ended kind=TRANSPORT_CLOSED retryable=true
[1788500147444] MA: session ended kind=TRANSPORT_CLOSED retryable=true
[1788500147984] MA: session ended kind=TRANSPORT_CLOSED retryable=true
[1788500148543] MA: session ended kind=TRANSPORT_CLOSED retryable=true
[1788500149142] MA: session ended kind=TRANSPORT_CLOSED retryable=true
[1788500149683] MA: session ended kind=TRANSPORT_CLOSED retryable=true
[1788500150203] MA: session ended kind=TRANSPORT_CLOSED retryable=true
[1788500150688] MA: session ended kind=TRANSPORT_CLOSED retryable=true
[1788500151285] MA: session ended kind=TRANSPORT_CLOSED retryable=true
[1788500151725] MA: session ended kind=TRANSPORT_CLOSED retryable=true
[1788500152230] MA: session ended kind=TRANSPORT_CLOSED retryable=true
[1788500152766] MA: session ended kind=TRANSPORT_CLOSED retryable=true
[1788500153233] MA: session ended kind=TRANSPORT_CLOSED retryable=true
[1788500153709] MA: session ended kind=TRANSPORT_CLOSED retryable=true
[1788500154304] MA: session ended kind=TRANSPORT_CLOSED retryable=true
[1788500154837] MA: session ended kind=TRANSPORT_CLOSED retryable=true
[1788500155303] MA: session ended kind=TRANSPORT_CLOSED retryable=true
[1788500155823] MA: session ended kind=TRANSPORT_CLOSED retryable=true
[1788500156350] MA: session ended kind=TRANSPORT_CLOSED retryable=true
[1788500156844] MA: session ended kind=TRANSPORT_CLOSED retryable=true
[1788500157433] MA: session ended kind=TRANSPORT_CLOSED retryable=true
[1788500157890] MA: session ended kind=TRANSPORT_CLOSED retryable=true
[1788500158323] MA: session ended kind=TRANSPORT_CLOSED retryable=true
[1788500158862] MA: session ended kind=TRANSPORT_CLOSED retryable=true
[1788500159451] MA: session ended kind=TRANSPORT_CLOSED retryable=true
[1788500160058] MA: session ended kind=TRANSPORT_CLOSED retryable=true
[1788500160574] MA: session ended kind=TRANSPORT_CLOSED retryable=true
[1788500161096] MA: session ended kind=TRANSPORT_CLOSED retryable=true
[1788500161515] MA: session ended kind=TRANSPORT_CLOSED retryable=true
[1788500162092] MA: session ended kind=TRANSPORT_CLOSED retryable=true
[1788500162624] MA: session ended kind=TRANSPORT_CLOSED retryable=true
[1788500163156] MA: session ended kind=TRANSPORT_CLOSED retryable=true
[1788500163645] MA: session ended kind=TRANSPORT_CLOSED retryable=true
[1788500164262] MA: session ended kind=TRANSPORT_CLOSED retryable=true
[1788500164855] MA: session ended kind=TRANSPORT_CLOSED retryable=true
[1788500165460] MA: session ended kind=TRANSPORT_CLOSED retryable=true
[1788500165979] MA: session ended kind=TRANSPORT_CLOSED retryable=true
[1788500166548] MA: session ended kind=TRANSPORT_CLOSED retryable=true
[1788500167123] MA: session ended kind=TRANSPORT_CLOSED retryable=true
[1788500167721] MA: session ended kind=TRANSPORT_CLOSED retryable=true
[1788500168170] MA: session ended kind=TRANSPORT_CLOSED retryable=true
[1788500168656] MA: session ended kind=TRANSPORT_CLOSED retryable=true
[1788500169256] MA: session ended kind=TRANSPORT_CLOSED retryable=true
[1788500169761] MA: session ended kind=TRANSPORT_CLOSED retryable=true
[1788500170251] MA: session ended kind=TRANSPORT_CLOSED retryable=true
[1788500170768] MA: session ended kind=TRANSPORT_CLOSED retryable=true
[1788500171192] MA: session ended kind=TRANSPORT_CLOSED retryable=true
[1788500171763] MA: session ended kind=TRANSPORT_CLOSED retryable=true
[1788500172181] MA: session ended kind=TRANSPORT_CLOSED retryable=true
[1788500172688] MA: session ended kind=TRANSPORT_CLOSED retryable=true
[1788500173203] MA: session ended kind=TRANSPORT_CLOSED retryable=true
[1788500173796] MA: session ended kind=TRANSPORT_CLOSED retryable=true
[1788500174371] MA: session ended kind=TRANSPORT_CLOSED retryable=true
[1788500174954] MA: session ended kind=TRANSPORT_CLOSED retryable=true
[1788500175550] MA: session ended kind=TRANSPORT_CLOSED retryable=true
[1788500176155] MA: session ended kind=TRANSPORT_CLOSED retryable=true
[1788500176680] MA: session ended kind=TRANSPORT_CLOSED retryable=true
[1788500177191] MA: session ended kind=TRANSPORT_CLOSED retryable=true
[1788500177621] MA: session ended kind=TRANSPORT_CLOSED retryable=true
[1788500178130] MA: session ended kind=TRANSPORT_CLOSED retryable=true
[1788500178756] MA: session ended kind=TRANSPORT_CLOSED retryable=true
[1788500179171] MA: session ended kind=TRANSPORT_CLOSED retryable=true
[1788500179621] MA: session ended kind=TRANSPORT_CLOSED retryable=true
[1788500180190] MA: session ended kind=TRANSPORT_CLOSED retryable=true
[1788500180648] MA: session ended kind=TRANSPORT_CLOSED retryable=true
[1788500181228] MA: session ended kind=TRANSPORT_CLOSED retryable=true
[1788500181691] MA: session ended kind=TRANSPORT_CLOSED retryable=true
[1788500182111] MA: session ended kind=TRANSPORT_CLOSED retryable=true
[1788500182580] MA: session ended kind=TRANSPORT_CLOSED retryable=true
[1788500183155] MA: session ended kind=TRANSPORT_CLOSED retryable=true
[1788500183665] MA: session ended kind=TRANSPORT_CLOSED retryable=true
[1788500184214] MA: session ended kind=TRANSPORT_CLOSED retryable=true
[1788500184706] MA: session ended kind=TRANSPORT_CLOSED retryable=true
[1788500185239] MA: session ended kind=TRANSPORT_CLOSED retryable=true
[1788500185678] MA: session ended kind=TRANSPORT_CLOSED retryable=true
[1788500186216] MA: session ended kind=TRANSPORT_CLOSED retryable=true
[1788500186826] MA: session ended kind=TRANSPORT_CLOSED retryable=true
[1788500187406] MA: session ended kind=TRANSPORT_CLOSED retryable=true
[1788500187883] MA: session ended kind=TRANSPORT_CLOSED retryable=true
[1788500188466] MA: session ended kind=TRANSPORT_CLOSED retryable=true
[1788500189074] MA: session ended kind=TRANSPORT_CLOSED retryable=true
[1788500189605] MA: session ended kind=TRANSPORT_CLOSED retryable=true
[1788500190169] MA: session ended kind=TRANSPORT_CLOSED retryable=true
[1788500190636] MA: session ended kind=TRANSPORT_CLOSED retryable=true
[1788500191203] MA: session ended kind=TRANSPORT_CLOSED retryable=true
[1788500191624] MA: session ended kind=TRANSPORT_CLOSED retryable=true
[1788500192050] MA: session ended kind=TRANSPORT_CLOSED retryable=true
[1788500192474] MA: session ended kind=TRANSPORT_CLOSED retryable=true
[1788500193070] MA: session ended kind=TRANSPORT_CLOSED retryable=true
[1788500193678] MA: session ended kind=TRANSPORT_CLOSED retryable=true
[1788500194123] MA: session ended kind=TRANSPORT_CLOSED retryable=true
[1788500194578] MA: session ended kind=TRANSPORT_CLOSED retryable=true
[1788500195133] MA: session ended kind=TRANSPORT_CLOSED retryable=true
[1788500195584] MA: session ended kind=TRANSPORT_CLOSED retryable=true
[1788500196149] MA: session ended kind=TRANSPORT_CLOSED retryable=true
[1788500196758] MA: session ended kind=TRANSPORT_CLOSED retryable=true
[1788500197182] MA: session ended kind=TRANSPORT_CLOSED retryable=true
[1788500197607] MA: session ended kind=TRANSPORT_CLOSED retryable=true
[1788500198194] MA: session ended kind=TRANSPORT_CLOSED retryable=true
[1788500198766] MA: session ended kind=TRANSPORT_CLOSED retryable=true
[1788500199203] MA: session ended kind=TRANSPORT_CLOSED retryable=true
[1788500199669] MA: session ended kind=TRANSPORT_CLOSED retryable=true
[1788500200102] MA: session ended kind=TRANSPORT_CLOSED retryable=true
[1788500200675] MA: session ended kind=TRANSPORT_CLOSED retryable=true
[1788500201104] MA: session ended kind=TRANSPORT_CLOSED retryable=true
[1788500201684] MA: session ended kind=TRANSPORT_CLOSED retryable=true
[1788500202184] MA: session ended kind=TRANSPORT_CLOSED retryable=true
[1788500202658] MA: session ended kind=TRANSPORT_CLOSED retryable=true
[1788500203129] MA: session ended kind=TRANSPORT_CLOSED retryable=true
[1788500203603] MA: session ended kind=TRANSPORT_CLOSED retryable=true
[1788500204075] MA: session ended kind=TRANSPORT_CLOSED retryable=true
[1788500204633] MA: session ended kind=TRANSPORT_CLOSED retryable=true
[1788500205111] MA: session ended kind=TRANSPORT_CLOSED retryable=true
[1788500205675] MA: session ended kind=TRANSPORT_CLOSED retryable=true
[1788500206155] MA: session ended kind=TRANSPORT_CLOSED retryable=true
[1788500206580] MA: session ended kind=TRANSPORT_CLOSED retryable=true
[1788500207057] MA: session ended kind=TRANSPORT_CLOSED retryable=true
[1788500207628] MA: session ended kind=TRANSPORT_CLOSED retryable=true
[1788500208245] MA: session ended kind=TRANSPORT_CLOSED retryable=true
[1788500208803] MA: session ended kind=TRANSPORT_CLOSED retryable=true
[1788500209291] MA: session ended kind=TRANSPORT_CLOSED retryable=true
[1788500209852] MA: session ended kind=TRANSPORT_CLOSED retryable=true
[1788500210454] MA: session ended kind=TRANSPORT_CLOSED retryable=true
[1788500211014] MA: session ended kind=TRANSPORT_CLOSED retryable=true
[1788500211543] MA: session ended kind=TRANSPORT_CLOSED retryable=true
[1788500211994] MA: session ended kind=TRANSPORT_CLOSED retryable=true
[1788500212565] MA: session ended kind=TRANSPORT_CLOSED retryable=true
[1788500213051] MA: session ended kind=TRANSPORT_CLOSED retryable=true
[1788500213609] MA: session ended kind=TRANSPORT_CLOSED retryable=true
[1788500214091] MA: session ended kind=TRANSPORT_CLOSED retryable=true
[1788500214632] MA: session ended kind=TRANSPORT_CLOSED retryable=true
[1788500215191] MA: session ended kind=TRANSPORT_CLOSED retryable=true
[1788500215664] MA: session ended kind=TRANSPORT_CLOSED retryable=true
[1788500216251] MA: session ended kind=TRANSPORT_CLOSED retryable=true
[1788500216738] MA: session ended kind=TRANSPORT_CLOSED retryable=true
[1788500217287] MA: session ended kind=TRANSPORT_CLOSED retryable=true
[1788500217722] MA: session ended kind=TRANSPORT_CLOSED retryable=true
[1788500218217] MA: session ended kind=TRANSPORT_CLOSED retryable=true
[1788500218795] MA: session ended kind=TRANSPORT_CLOSED retryable=true
[1788500219260] MA: session ended kind=TRANSPORT_CLOSED retryable=true
[1788500219840] MA: session ended kind=TRANSPORT_CLOSED retryable=true
[1788500220357] MA: session ended kind=TRANSPORT_CLOSED retryable=true
[1788500220959] MA: session ended kind=TRANSPORT_CLOSED retryable=true
[1788500221512] MA: session ended kind=TRANSPORT_CLOSED retryable=true
[1788500222108] MA: session ended kind=TRANSPORT_CLOSED retryable=true
[1788500222664] MA: session ended kind=TRANSPORT_CLOSED retryable=true
[1788500223216] MA: session ended kind=TRANSPORT_CLOSED retryable=true
[1788500223636] MA: session ended kind=TRANSPORT_CLOSED retryable=true
[1788500224196] MA: session ended kind=TRANSPORT_CLOSED retryable=true
[1788500224646] MA: session ended kind=TRANSPORT_CLOSED retryable=true
[1788500225184] MA: session ended kind=TRANSPORT_CLOSED retryable=true
[1788500225634] MA: session ended kind=TRANSPORT_CLOSED retryable=true
[1788500226228] MA: session ended kind=TRANSPORT_CLOSED retryable=true
[1788500226779] MA: session ended kind=TRANSPORT_CLOSED retryable=true
[1788500227325] MA: session ended kind=TRANSPORT_CLOSED retryable=true
[1788500227864] MA: session ended kind=TRANSPORT_CLOSED retryable=true
[1788500228307] MA: session ended kind=TRANSPORT_CLOSED retryable=true
[1788500228923] MA: session ended kind=TRANSPORT_CLOSED retryable=true
[1788500229475] MA: session ended kind=TRANSPORT_CLOSED retryable=true
[1788500230049] MA: session ended kind=TRANSPORT_CLOSED retryable=true
[1788500230511] MA: session ended kind=TRANSPORT_CLOSED retryable=true
[1788500231075] MA: session ended kind=TRANSPORT_CLOSED retryable=true
[1788500231510] MA: session ended kind=TRANSPORT_CLOSED retryable=true
[1788500232101] MA: session ended kind=TRANSPORT_CLOSED retryable=true
[1788500232634] MA: session ended kind=TRANSPORT_CLOSED retryable=true
[1788500233184] MA: session ended kind=TRANSPORT_CLOSED retryable=true
[1788500233691] MA: session ended kind=TRANSPORT_CLOSED retryable=true
[1788500234284] MA: session ended kind=TRANSPORT_CLOSED retryable=true
[1788500234864] MA: session ended kind=TRANSPORT_CLOSED retryable=true
[1788500235331] MA: session ended kind=TRANSPORT_CLOSED retryable=true
[1788500235871] MA: session ended kind=TRANSPORT_CLOSED retryable=true
[1788500236352] MA: session ended kind=TRANSPORT_CLOSED retryable=true
[1788500236815] MA: session ended kind=TRANSPORT_CLOSED retryable=true
[1788500237363] MA: session ended kind=TRANSPORT_CLOSED retryable=true
[1788500237874] MA: session ended kind=TRANSPORT_CLOSED retryable=true
[1788500238504] MA: session ended kind=TRANSPORT_CLOSED retryable=true
[1788500238974] MA: session ended kind=TRANSPORT_CLOSED retryable=true
[1788500239537] MA: session ended kind=TRANSPORT_CLOSED retryable=true
[1788500239997] MA: session ended kind=TRANSPORT_CLOSED retryable=true
[1788500240531] MA: session ended kind=TRANSPORT_CLOSED retryable=true
[1788500241029] MA: session ended kind=TRANSPORT_CLOSED retryable=true
[1788500241497] MA: session ended kind=TRANSPORT_CLOSED retryable=true
[1788500241966] MA: session ended kind=TRANSPORT_CLOSED retryable=true
[1788500242467] MA: session ended kind=TRANSPORT_CLOSED retryable=true
[1788500242940] MA: session ended kind=TRANSPORT_CLOSED retryable=true
[1788500243488] MA: session ended kind=TRANSPORT_CLOSED retryable=true
[1788500244059] MA: session ended kind=TRANSPORT_CLOSED retryable=true
[1788500244652] MA: session ended kind=TRANSPORT_CLOSED retryable=true
[1788500245180] MA: session ended kind=TRANSPORT_CLOSED retryable=true
[1788500245696] MA: session ended kind=TRANSPORT_CLOSED retryable=true
[1788500246128] MA: session ended kind=TRANSPORT_CLOSED retryable=true
[1788500246637] MA: session ended kind=TRANSPORT_CLOSED retryable=true
[1788500247165] MA: session ended kind=TRANSPORT_CLOSED retryable=true
[1788500247661] MA: session ended kind=TRANSPORT_CLOSED retryable=true
[1788500248235] MA: session ended kind=TRANSPORT_CLOSED retryable=true
[1788500248731] MA: session ended kind=TRANSPORT_CLOSED retryable=true
[1788500249323] MA: session ended kind=TRANSPORT_CLOSED retryable=true
[1788500249883] MA: session ended kind=TRANSPORT_CLOSED retryable=true
[1788500250315] MA: session ended kind=TRANSPORT_CLOSED retryable=true
[1788500250812] MA: session ended kind=TRANSPORT_CLOSED retryable=true
[1788500251261] MA: session ended kind=TRANSPORT_CLOSED retryable=true
[1788500251816] MA: session ended kind=TRANSPORT_CLOSED retryable=true
[1788500252329] MA: session ended kind=TRANSPORT_CLOSED retryable=true
[1788500252840] MA: session ended kind=TRANSPORT_CLOSED retryable=true
[1788500253379] MA: session ended kind=TRANSPORT_CLOSED retryable=true
[1788500253862] MA: session ended kind=TRANSPORT_CLOSED retryable=true
[1788500254460] MA: session ended kind=TRANSPORT_CLOSED retryable=true
[1788500254989] MA: session ended kind=TRANSPORT_CLOSED retryable=true
[1788500255547] MA: session ended kind=TRANSPORT_CLOSED retryable=true
[1788500255988] MA: session ended kind=TRANSPORT_CLOSED retryable=true
[1788500256532] MA: session ended kind=TRANSPORT_CLOSED retryable=true
[1788500257122] MA: session ended kind=TRANSPORT_CLOSED retryable=true
[1788500257567] MA: session ended kind=TRANSPORT_CLOSED retryable=true
[1788500258036] MA: session ended kind=TRANSPORT_CLOSED retryable=true
[1788500258526] MA: session ended kind=TRANSPORT_CLOSED retryable=true
[1788500259015] MA: session ended kind=TRANSPORT_CLOSED retryable=true
[1788500259595] MA: session ended kind=TRANSPORT_CLOSED retryable=true
[1788500260049] MA: session ended kind=TRANSPORT_CLOSED retryable=true
[1788500260499] MA: session ended kind=TRANSPORT_CLOSED retryable=true
[1788500261106] MA: session ended kind=TRANSPORT_CLOSED retryable=true
[1788500261658] MA: session ended kind=TRANSPORT_CLOSED retryable=true
[1788500262171] MA: session ended kind=TRANSPORT_CLOSED retryable=true
[1788500262756] MA: session ended kind=TRANSPORT_CLOSED retryable=true
[1788500263309] MA: session ended kind=TRANSPORT_CLOSED retryable=true
[1788500263874] MA: session ended kind=TRANSPORT_CLOSED retryable=true
[1788500264395] MA: session ended kind=TRANSPORT_CLOSED retryable=true
[1788500264924] MA: session ended kind=TRANSPORT_CLOSED retryable=true
[1788500265386] MA: session ended kind=TRANSPORT_CLOSED retryable=true
[1788500265895] MA: session ended kind=TRANSPORT_CLOSED retryable=true
[1788500266416] MA: session ended kind=TRANSPORT_CLOSED retryable=true
[1788500267027] MA: session ended kind=TRANSPORT_CLOSED retryable=true
[1788500267539] MA: session ended kind=TRANSPORT_CLOSED retryable=true
[1788500268076] MA: session ended kind=TRANSPORT_CLOSED retryable=true
[1788500268556] MA: session ended kind=TRANSPORT_CLOSED retryable=true
[1788500269023] MA: session ended kind=TRANSPORT_CLOSED retryable=true
[1788500269473] MA: session ended kind=TRANSPORT_CLOSED retryable=true
[1788500270080] MA: session ended kind=TRANSPORT_CLOSED retryable=true
[1788500270690] MA: session ended kind=TRANSPORT_CLOSED retryable=true
[1788500271278] MA: session ended kind=TRANSPORT_CLOSED retryable=true
[1788500271914] MA: session ended kind=TRANSPORT_CLOSED retryable=true
[1788500272338] MA: session ended kind=TRANSPORT_CLOSED retryable=true
[1788500272782] MA: session ended kind=TRANSPORT_CLOSED retryable=true
[1788500273361] MA: session ended kind=TRANSPORT_CLOSED retryable=true
[1788500273853] MA: session ended kind=TRANSPORT_CLOSED retryable=true
[1788500274421] MA: session ended kind=TRANSPORT_CLOSED retryable=true
[1788500274971] MA: session ended kind=TRANSPORT_CLOSED retryable=true
[1788500275411] MA: session ended kind=TRANSPORT_CLOSED retryable=true
[1788500275949] MA: session ended kind=TRANSPORT_CLOSED retryable=true
[1788500276412] MA: session ended kind=TRANSPORT_CLOSED retryable=true
[1788500277027] MA: session ended kind=TRANSPORT_CLOSED retryable=true
[1788500277555] MA: session ended kind=TRANSPORT_CLOSED retryable=true
[1788500278185] MA: session ended kind=TRANSPORT_CLOSED retryable=true
[1788500278664] MA: session ended kind=TRANSPORT_CLOSED retryable=true
[1788500279189] MA: session ended kind=TRANSPORT_CLOSED retryable=true
[1788500279613] MA: session ended kind=TRANSPORT_CLOSED retryable=true
[1788500280047] MA: session ended kind=TRANSPORT_CLOSED retryable=true
[1788500280567] MA: session ended kind=TRANSPORT_CLOSED retryable=true
[1788500281048] MA: session ended kind=TRANSPORT_CLOSED retryable=true
[1788500281540] MA: session ended kind=TRANSPORT_CLOSED retryable=true
[1788500282090] MA: session ended kind=TRANSPORT_CLOSED retryable=true
[1788500282617] MA: session ended kind=TRANSPORT_CLOSED retryable=true
[1788500283224] MA: session ended kind=TRANSPORT_CLOSED retryable=true
[1788500283807] MA: session ended kind=TRANSPORT_CLOSED retryable=true
[1788500284297] MA: session ended kind=TRANSPORT_CLOSED retryable=true
[1788500284805] MA: session ended kind=TRANSPORT_CLOSED retryable=true
[1788500285267] MA: session ended kind=TRANSPORT_CLOSED retryable=true
[1788500285739] MA: session ended kind=TRANSPORT_CLOSED retryable=true
[1788500286240] MA: session ended kind=TRANSPORT_CLOSED retryable=true
[1788500286788] MA: session ended kind=TRANSPORT_CLOSED retryable=true
[1788500287284] MA: session ended kind=TRANSPORT_CLOSED retryable=true
[1788500287795] MA: session ended kind=TRANSPORT_CLOSED retryable=true
[1788500288372] MA: session ended kind=TRANSPORT_CLOSED retryable=true
[1788500288828] MA: session ended kind=TRANSPORT_CLOSED retryable=true
[1788500289393] MA: session ended kind=TRANSPORT_CLOSED retryable=true
[1788500290008] MA: session ended kind=TRANSPORT_CLOSED retryable=true
[1788500290435] MA: session ended kind=TRANSPORT_CLOSED retryable=true
[1788500290908] MA: session ended kind=TRANSPORT_CLOSED retryable=true
[1788500291409] MA: session ended kind=TRANSPORT_CLOSED retryable=true
[1788500291999] MA: session ended kind=TRANSPORT_CLOSED retryable=true
[1788500292560] MA: session ended kind=TRANSPORT_CLOSED retryable=true
[1788500293070] MA: session ended kind=TRANSPORT_CLOSED retryable=true
[1788500293571] MA: session ended kind=TRANSPORT_CLOSED retryable=true
[1788500294087] MA: session ended kind=TRANSPORT_CLOSED retryable=true
[1788500294581] MA: session ended kind=TRANSPORT_CLOSED retryable=true
[1788500295154] MA: session ended kind=TRANSPORT_CLOSED retryable=true
[1788500295696] MA: session ended kind=TRANSPORT_CLOSED retryable=true
[1788500296158] MA: session ended kind=TRANSPORT_CLOSED retryable=true
[1788500296769] MA: session ended kind=TRANSPORT_CLOSED retryable=true
[1788500297377] MA: session ended kind=TRANSPORT_CLOSED retryable=true
[1788500297891] MA: session ended kind=TRANSPORT_CLOSED retryable=true
[1788500298451] MA: session ended kind=TRANSPORT_CLOSED retryable=true
[1788500299027] MA: session ended kind=TRANSPORT_CLOSED retryable=true
[1788500299465] MA: session ended kind=TRANSPORT_CLOSED retryable=true
[1788500299957] MA: session ended kind=TRANSPORT_CLOSED retryable=true
[1788500300393] MA: session ended kind=TRANSPORT_CLOSED retryable=true
[1788500300838] MA: session ended kind=TRANSPORT_CLOSED retryable=true
[1788500301355] MA: session ended kind=TRANSPORT_CLOSED retryable=true
[1788500301836] MA: session ended kind=TRANSPORT_CLOSED retryable=true
[1788500302362] MA: session ended kind=TRANSPORT_CLOSED retryable=true
[1788500302976] MA: session ended kind=TRANSPORT_CLOSED retryable=true
[1788500303561] MA: session ended kind=TRANSPORT_CLOSED retryable=true
[1788500304004] MA: session ended kind=TRANSPORT_CLOSED retryable=true
[1788500304477] MA: session ended kind=TRANSPORT_CLOSED retryable=true
[1788500304914] MA: session ended kind=TRANSPORT_CLOSED retryable=true
[1788500305549] MA: session ended kind=TRANSPORT_CLOSED retryable=true
[1788500306020] MA: session ended kind=TRANSPORT_CLOSED retryable=true
[1788500306554] MA: session ended kind=TRANSPORT_CLOSED retryable=true
[1788500307047] MA: session ended kind=TRANSPORT_CLOSED retryable=true
[1788500307647] MA: session ended kind=TRANSPORT_CLOSED retryable=true
[1788500308195] MA: session ended kind=TRANSPORT_CLOSED retryable=true
[1788500308740] MA: session ended kind=TRANSPORT_CLOSED retryable=true
[1788500309166] MA: session ended kind=TRANSPORT_CLOSED retryable=true
[1788500309727] MA: session ended kind=TRANSPORT_CLOSED retryable=true
[1788500310155] MA: session ended kind=TRANSPORT_CLOSED retryable=true
[1788500310774] MA: session ended kind=TRANSPORT_CLOSED retryable=true
[1788500311218] MA: session ended kind=TRANSPORT_CLOSED retryable=true
[1788500311662] MA: session ended kind=TRANSPORT_CLOSED retryable=true
[1788500312261] MA: session ended kind=TRANSPORT_CLOSED retryable=true
[1788500312835] MA: session ended kind=TRANSPORT_CLOSED retryable=true
[1788500313363] MA: session ended kind=TRANSPORT_CLOSED retryable=true
[1788500313779] MA: session ended kind=TRANSPORT_CLOSED retryable=true
[1788500314369] MA: session ended kind=TRANSPORT_CLOSED retryable=true
[1788500314792] MA: session ended kind=TRANSPORT_CLOSED retryable=true
[1788500315244] MA: session ended kind=TRANSPORT_CLOSED retryable=true
[1788500315674] MA: session ended kind=TRANSPORT_CLOSED retryable=true
[1788500316112] MA: session ended kind=TRANSPORT_CLOSED retryable=true
[1788500316612] MA: session ended kind=TRANSPORT_CLOSED retryable=true
[1788500317165] MA: session ended kind=TRANSPORT_CLOSED retryable=true
[1788500317715] MA: session ended kind=TRANSPORT_CLOSED retryable=true
[1788500318186] MA: session ended kind=TRANSPORT_CLOSED retryable=true
[1788500318733] MA: session ended kind=TRANSPORT_CLOSED retryable=true
[1788500319325] MA: session ended kind=TRANSPORT_CLOSED retryable=true
[1788500319878] MA: session ended kind=TRANSPORT_CLOSED retryable=true
[1788500320446] MA: session ended kind=TRANSPORT_CLOSED retryable=true
[1788500321055] MA: session ended kind=TRANSPORT_CLOSED retryable=true
[1788500321611] MA: session ended kind=TRANSPORT_CLOSED retryable=true
[1788500322115] MA: session ended kind=TRANSPORT_CLOSED retryable=true
[1788500322665] MA: session ended kind=TRANSPORT_CLOSED retryable=true
[1788500323134] MA: session ended kind=TRANSPORT_CLOSED retryable=true
[1788500323579] MA: session ended kind=TRANSPORT_CLOSED retryable=true
[1788500324191] MA: session ended kind=TRANSPORT_CLOSED retryable=true
[1788500324710] MA: session ended kind=TRANSPORT_CLOSED retryable=true
[1788500325299] MA: session ended kind=TRANSPORT_CLOSED retryable=true
[1788500325766] MA: session ended kind=TRANSPORT_CLOSED retryable=true
[1788500326361] MA: session ended kind=TRANSPORT_CLOSED retryable=true
[1788500326925] MA: session ended kind=TRANSPORT_CLOSED retryable=true
[1788500327552] MA: session ended kind=TRANSPORT_CLOSED retryable=true
[1788500328145] MA: session ended kind=TRANSPORT_CLOSED retryable=true
[1788500328693] MA: session ended kind=TRANSPORT_CLOSED retryable=true
[1788500329190] MA: session ended kind=TRANSPORT_CLOSED retryable=true
[1788500329792] MA: session ended kind=TRANSPORT_CLOSED retryable=true
[1788500330297] MA: session ended kind=TRANSPORT_CLOSED retryable=true
[1788500330773] MA: session ended kind=TRANSPORT_CLOSED retryable=true
[1788500331384] MA: session ended kind=TRANSPORT_CLOSED retryable=true
[1788500331924] MA: session ended kind=TRANSPORT_CLOSED retryable=true
[1788500332470] MA: session ended kind=TRANSPORT_CLOSED retryable=true
[1788500333008] MA: session ended kind=TRANSPORT_CLOSED retryable=true
[1788500333459] MA: session ended kind=TRANSPORT_CLOSED retryable=true
[1788500334076] MA: session ended kind=TRANSPORT_CLOSED retryable=true
[1788500334585] MA: session ended kind=TRANSPORT_CLOSED retryable=true
[1788500335005] MA: session ended kind=TRANSPORT_CLOSED retryable=true
[1788500335442] MA: session ended kind=TRANSPORT_CLOSED retryable=true
[1788500335877] MA: session ended kind=TRANSPORT_CLOSED retryable=true
[1788500336457] MA: session ended kind=TRANSPORT_CLOSED retryable=true
[1788500336883] MA: session ended kind=TRANSPORT_CLOSED retryable=true
[1788500337478] MA: session ended kind=TRANSPORT_CLOSED retryable=true
[1788500337947] MA: session ended kind=TRANSPORT_CLOSED retryable=true
[1788500338537] MA: session ended kind=TRANSPORT_CLOSED retryable=true
[1788500339036] MA: session ended kind=TRANSPORT_CLOSED retryable=true
[1788500339663] MA: session ended kind=TRANSPORT_CLOSED retryable=true
[1788500340143] MA: session ended kind=TRANSPORT_CLOSED retryable=true
[1788500340756] MA: session ended kind=TRANSPORT_CLOSED retryable=true
[1788500341375] MA: session ended kind=TRANSPORT_CLOSED retryable=true
[1788500341987] MA: session ended kind=TRANSPORT_CLOSED retryable=true
[1788500342624] MA: session ended kind=TRANSPORT_CLOSED retryable=true
[1788500343146] MA: session ended kind=TRANSPORT_CLOSED retryable=true
[1788500343726] MA: session ended kind=TRANSPORT_CLOSED retryable=true
[1788500344353] MA: session ended kind=TRANSPORT_CLOSED retryable=true
[1788500344907] MA: session ended kind=TRANSPORT_CLOSED retryable=true
[1788500345439] MA: session ended kind=TRANSPORT_CLOSED retryable=true
[1788500346059] MA: session ended kind=TRANSPORT_CLOSED retryable=true
[1788500346517] MA: session ended kind=TRANSPORT_CLOSED retryable=true
[1788500347127] MA: session ended kind=TRANSPORT_CLOSED retryable=true
[1788500347619] MA: session ended kind=TRANSPORT_CLOSED retryable=true
[1788500348053] MA: session ended kind=TRANSPORT_CLOSED retryable=true
[1788500348660] MA: session ended kind=TRANSPORT_CLOSED retryable=true
[1788500349172] MA: session ended kind=TRANSPORT_CLOSED retryable=true
[1788500349612] MA: session ended kind=TRANSPORT_CLOSED retryable=true
[1788500350030] MA: session ended kind=TRANSPORT_CLOSED retryable=true
[1788500350477] MA: session ended kind=TRANSPORT_CLOSED retryable=true
[1788500350993] MA: session ended kind=TRANSPORT_CLOSED retryable=true
[1788500351406] MA: session ended kind=TRANSPORT_CLOSED retryable=true
[1788500352011] MA: session ended kind=TRANSPORT_CLOSED retryable=true
[1788500352591] MA: session ended kind=TRANSPORT_CLOSED retryable=true
[1788500353090] MA: session ended kind=TRANSPORT_CLOSED retryable=true
[1788500353643] MA: session ended kind=TRANSPORT_CLOSED retryable=true
[1788500354096] MA: session ended kind=TRANSPORT_CLOSED retryable=true
[1788500354664] MA: session ended kind=TRANSPORT_CLOSED retryable=true
[1788500355152] MA: session ended kind=TRANSPORT_CLOSED retryable=true
[1788500355579] MA: session ended kind=TRANSPORT_CLOSED retryable=true
[1788500356193] MA: session ended kind=TRANSPORT_CLOSED retryable=true
[1788500356727] MA: session ended kind=TRANSPORT_CLOSED retryable=true
[1788500357276] MA: session ended kind=TRANSPORT_CLOSED retryable=true
[1788500357742] MA: session ended kind=TRANSPORT_CLOSED retryable=true
[1788500358239] MA: session ended kind=TRANSPORT_CLOSED retryable=true
[1788500358828] MA: session ended kind=TRANSPORT_CLOSED retryable=true
[1788500359316] MA: session ended kind=TRANSPORT_CLOSED retryable=true
[1788500359899] MA: session ended kind=TRANSPORT_CLOSED retryable=true
[1788500360391] MA: session ended kind=TRANSPORT_CLOSED retryable=true
[1788500360830] MA: session ended kind=TRANSPORT_CLOSED retryable=true
[1788500361440] MA: session ended kind=TRANSPORT_CLOSED retryable=true
[1788500361987] MA: session ended kind=TRANSPORT_CLOSED retryable=true
[1788500362530] MA: session ended kind=TRANSPORT_CLOSED retryable=true
[1788500363019] MA: session ended kind=TRANSPORT_CLOSED retryable=true
[1788500363545] MA: session ended kind=TRANSPORT_CLOSED retryable=true
[1788500364116] MA: session ended kind=TRANSPORT_CLOSED retryable=true
[1788500364734] MA: session ended kind=TRANSPORT_CLOSED retryable=true
[1788500365353] MA: session ended kind=TRANSPORT_CLOSED retryable=true
[1788500365969] MA: session ended kind=TRANSPORT_CLOSED retryable=true
[1788500366547] MA: session ended kind=TRANSPORT_CLOSED retryable=true
[1788500366983] MA: session ended kind=TRANSPORT_CLOSED retryable=true
[1788500367416] MA: session ended kind=TRANSPORT_CLOSED retryable=true
[1788500367987] MA: session ended kind=TRANSPORT_CLOSED retryable=true
[1788500368569] MA: session ended kind=TRANSPORT_CLOSED retryable=true
[1788500369020] MA: session ended kind=TRANSPORT_CLOSED retryable=true
[1788500369502] MA: session ended kind=TRANSPORT_CLOSED retryable=true
[1788500369985] MA: session ended kind=TRANSPORT_CLOSED retryable=true
[1788500370424] MA: session ended kind=TRANSPORT_CLOSED retryable=true
[1788500370888] MA: session ended kind=TRANSPORT_CLOSED retryable=true
[1788500371507] MA: session ended kind=TRANSPORT_CLOSED retryable=true
[1788500372083] MA: session ended kind=TRANSPORT_CLOSED retryable=true
[1788500372689] MA: session ended kind=TRANSPORT_CLOSED retryable=true
[1788500373252] MA: session ended kind=TRANSPORT_CLOSED retryable=true
[1788500373712] MA: session ended kind=TRANSPORT_CLOSED retryable=true
[1788500374209] MA: session ended kind=TRANSPORT_CLOSED retryable=true
[1788500374827] MA: session ended kind=TRANSPORT_CLOSED retryable=true
[1788500375277] MA: session ended kind=TRANSPORT_CLOSED retryable=true
[1788500375732] MA: session ended kind=TRANSPORT_CLOSED retryable=true
[1788500376203] MA: session ended kind=TRANSPORT_CLOSED retryable=true
[1788500376675] MA: session ended kind=TRANSPORT_CLOSED retryable=true
[1788500377114] MA: session ended kind=TRANSPORT_CLOSED retryable=true
[1788500377578] MA: session ended kind=TRANSPORT_CLOSED retryable=true
[1788500377995] MA: session ended kind=TRANSPORT_CLOSED retryable=true
[1788500378440] MA: session ended kind=TRANSPORT_CLOSED retryable=true
[1788500378859] MA: session ended kind=TRANSPORT_CLOSED retryable=true
[1788500379462] MA: session ended kind=TRANSPORT_CLOSED retryable=true
[1788500380049] MA: session ended kind=TRANSPORT_CLOSED retryable=true
[1788500380660] MA: session ended kind=TRANSPORT_CLOSED retryable=true
[1788500381079] MA: session ended kind=TRANSPORT_CLOSED retryable=true
[1788500381624] MA: session ended kind=TRANSPORT_CLOSED retryable=true
[1788500382142] MA: session ended kind=TRANSPORT_CLOSED retryable=true
[1788500382700] MA: session ended kind=TRANSPORT_CLOSED retryable=true
[1788500383286] MA: session ended kind=TRANSPORT_CLOSED retryable=true
[1788500383779] MA: session ended kind=TRANSPORT_CLOSED retryable=true
[1788500384344] MA: session ended kind=TRANSPORT_CLOSED retryable=true
[1788500384844] MA: session ended kind=TRANSPORT_CLOSED retryable=true
[1788500385422] MA: session ended kind=TRANSPORT_CLOSED retryable=true
[1788500385942] MA: session ended kind=TRANSPORT_CLOSED retryable=true
[1788500386407] MA: session ended kind=TRANSPORT_CLOSED retryable=true
[1788500386932] MA: session ended kind=TRANSPORT_CLOSED retryable=true
[1788500387548] MA: session ended kind=TRANSPORT_CLOSED retryable=true
[1788500388043] MA: session ended kind=TRANSPORT_CLOSED retryable=true
[1788500388551] MA: session ended kind=TRANSPORT_CLOSED retryable=true
[1788500389131] MA: session ended kind=TRANSPORT_CLOSED retryable=true
[1788500389735] MA: session ended kind=TRANSPORT_CLOSED retryable=true
[1788500390184] MA: session ended kind=TRANSPORT_CLOSED retryable=true
[1788500390677] MA: session ended kind=TRANSPORT_CLOSED retryable=true
[1788500391205] MA: session ended kind=TRANSPORT_CLOSED retryable=true
[1788500391645] MA: session ended kind=TRANSPORT_CLOSED retryable=true
[1788500392144] MA: session ended kind=TRANSPORT_CLOSED retryable=true
[1788500392622] MA: session ended kind=TRANSPORT_CLOSED retryable=true
[1788500393121] MA: session ended kind=TRANSPORT_CLOSED retryable=true
[1788500393572] MA: session ended kind=TRANSPORT_CLOSED retryable=true
[1788500394100] MA: session ended kind=TRANSPORT_CLOSED retryable=true
[1788500394568] MA: session ended kind=TRANSPORT_CLOSED retryable=true
[1788500395122] MA: session ended kind=TRANSPORT_CLOSED retryable=true
[1788500395730] MA: session ended kind=TRANSPORT_CLOSED retryable=true
[1788500396184] MA: session ended kind=TRANSPORT_CLOSED retryable=true
[1788500396763] MA: session ended kind=TRANSPORT_CLOSED retryable=true
[1788500397307] MA: session ended kind=TRANSPORT_CLOSED retryable=true
[1788500397744] MA: session ended kind=TRANSPORT_CLOSED retryable=true
[1788500398199] MA: session ended kind=TRANSPORT_CLOSED retryable=true
[1788500398702] MA: session ended kind=TRANSPORT_CLOSED retryable=true
[1788500399138] MA: session ended kind=TRANSPORT_CLOSED retryable=true
[1788500399605] MA: session ended kind=TRANSPORT_CLOSED retryable=true
[1788500400205] MA: session ended kind=TRANSPORT_CLOSED retryable=true
[1788500400804] MA: session ended kind=TRANSPORT_CLOSED retryable=true
[1788500401281] MA: session ended kind=TRANSPORT_CLOSED retryable=true
[1788500401906] MA: session ended kind=TRANSPORT_CLOSED retryable=true
[1788500402339] MA: session ended kind=TRANSPORT_CLOSED retryable=true
[1788500402924] MA: session ended kind=TRANSPORT_CLOSED retryable=true
[1788500403390] MA: session ended kind=TRANSPORT_CLOSED retryable=true
[1788500403882] MA: session ended kind=TRANSPORT_CLOSED retryable=true
[1788500404395] MA: session ended kind=TRANSPORT_CLOSED retryable=true
[1788500404979] MA: session ended kind=TRANSPORT_CLOSED retryable=true
[1788500405547] MA: session ended kind=TRANSPORT_CLOSED retryable=true
[1788500406027] MA: session ended kind=TRANSPORT_CLOSED retryable=true
[1788500406473] MA: session ended kind=TRANSPORT_CLOSED retryable=true
[1788500406926] MA: session ended kind=TRANSPORT_CLOSED retryable=true
[1788500407371] MA: session ended kind=TRANSPORT_CLOSED retryable=true
[1788500407792] MA: session ended kind=TRANSPORT_CLOSED retryable=true
[1788500408260] MA: session ended kind=TRANSPORT_CLOSED retryable=true
[1788500408741] MA: session ended kind=TRANSPORT_CLOSED retryable=true
[1788500409248] MA: session ended kind=TRANSPORT_CLOSED retryable=true
[1788500409812] MA: session ended kind=TRANSPORT_CLOSED retryable=true
[1788500410328] MA: session ended kind=TRANSPORT_CLOSED retryable=true
[1788500410778] MA: session ended kind=TRANSPORT_CLOSED retryable=true
[1788500411346] MA: session ended kind=TRANSPORT_CLOSED retryable=true
[1788500411942] MA: session ended kind=TRANSPORT_CLOSED retryable=true
[1788500412464] MA: session ended kind=TRANSPORT_CLOSED retryable=true
[1788500413047] MA: session ended kind=TRANSPORT_CLOSED retryable=true
[1788500413521] MA: session ended kind=TRANSPORT_CLOSED retryable=true
[1788500413988] MA: session ended kind=TRANSPORT_CLOSED retryable=true
[1788500414451] MA: session ended kind=TRANSPORT_CLOSED retryable=true
[1788500414902] MA: session ended kind=TRANSPORT_CLOSED retryable=true
[1788500415403] MA: session ended kind=TRANSPORT_CLOSED retryable=true
[1788500415915] MA: session ended kind=TRANSPORT_CLOSED retryable=true
[1788500416406] MA: session ended kind=TRANSPORT_CLOSED retryable=true
[1788500416859] MA: session ended kind=TRANSPORT_CLOSED retryable=true
[1788500417463] MA: session ended kind=TRANSPORT_CLOSED retryable=true
[1788500417969] MA: session ended kind=TRANSPORT_CLOSED retryable=true
[1788500418547] MA: session ended kind=TRANSPORT_CLOSED retryable=true
[1788500419130] MA: session ended kind=TRANSPORT_CLOSED retryable=true
[1788500419602] MA: session ended kind=TRANSPORT_CLOSED retryable=true
[1788500420188] MA: session ended kind=TRANSPORT_CLOSED retryable=true
[1788500420703] MA: session ended kind=TRANSPORT_CLOSED retryable=true
[1788500421133] MA: session ended kind=TRANSPORT_CLOSED retryable=true
[1788500421716] MA: session ended kind=TRANSPORT_CLOSED retryable=true
[1788500422219] MA: session ended kind=TRANSPORT_CLOSED retryable=true
[1788500422758] MA: session ended kind=TRANSPORT_CLOSED retryable=true
[1788500423227] MA: session ended kind=TRANSPORT_CLOSED retryable=true
[1788500423868] MA: session ended kind=TRANSPORT_CLOSED retryable=true
[1788500424373] MA: session ended kind=TRANSPORT_CLOSED retryable=true
[1788500424910] MA: session ended kind=TRANSPORT_CLOSED retryable=true
[1788500425425] MA: session ended kind=TRANSPORT_CLOSED retryable=true
[1788500425960] MA: session ended kind=TRANSPORT_CLOSED retryable=true
[1788500426421] MA: session ended kind=TRANSPORT_CLOSED retryable=true
[1788500426877] MA: session ended kind=TRANSPORT_CLOSED retryable=true
[1788500427427] MA: session ended kind=TRANSPORT_CLOSED retryable=true
[1788500427946] MA: session ended kind=TRANSPORT_CLOSED retryable=true
[1788500428400] MA: session ended kind=TRANSPORT_CLOSED retryable=true
[1788500428995] MA: session ended kind=TRANSPORT_CLOSED retryable=true
[1788500429447] MA: session ended kind=TRANSPORT_CLOSED retryable=true
[1788500430071] MA: session ended kind=TRANSPORT_CLOSED retryable=true
[1788500430685] MA: session ended kind=TRANSPORT_CLOSED retryable=true
[1788500431238] MA: session ended kind=TRANSPORT_CLOSED retryable=true
[1788500431675] MA: session ended kind=TRANSPORT_CLOSED retryable=true
[1788500432248] MA: session ended kind=TRANSPORT_CLOSED retryable=true
[1788500432706] MA: session ended kind=TRANSPORT_CLOSED retryable=true
[1788500433184] MA: session ended kind=TRANSPORT_CLOSED retryable=true
[1788500433649] MA: session ended kind=TRANSPORT_CLOSED retryable=true
[1788500434243] MA: session ended kind=TRANSPORT_CLOSED retryable=true
[1788500434734] MA: session ended kind=TRANSPORT_CLOSED retryable=true
[1788500435257] MA: session ended kind=TRANSPORT_CLOSED retryable=true
[1788500435733] MA: session ended kind=TRANSPORT_CLOSED retryable=true
[1788500436170] MA: session ended kind=TRANSPORT_CLOSED retryable=true
[1788500436671] MA: session ended kind=TRANSPORT_CLOSED retryable=true
[1788500437147] MA: session ended kind=TRANSPORT_CLOSED retryable=true
[1788500437700] MA: session ended kind=TRANSPORT_CLOSED retryable=true
[1788500438234] MA: session ended kind=TRANSPORT_CLOSED retryable=true
[1788500438707] MA: session ended kind=TRANSPORT_CLOSED retryable=true
[1788500439130] MA: session ended kind=TRANSPORT_CLOSED retryable=true
[1788500439707] MA: session ended kind=TRANSPORT_CLOSED retryable=true
[1788500440247] MA: session ended kind=TRANSPORT_CLOSED retryable=true
[1788500440660] MA: session ended kind=TRANSPORT_CLOSED retryable=true
[1788500441084] MA: session ended kind=TRANSPORT_CLOSED retryable=true
[1788500441657] MA: session ended kind=TRANSPORT_CLOSED retryable=true
[1788500442239] MA: session ended kind=TRANSPORT_CLOSED retryable=true
[1788500442818] MA: session ended kind=TRANSPORT_CLOSED retryable=true
[1788500443323] MA: session ended kind=TRANSPORT_CLOSED retryable=true
[1788500443862] MA: session ended kind=TRANSPORT_CLOSED retryable=true
[1788500444475] MA: session ended kind=TRANSPORT_CLOSED retryable=true
[1788500445074] MA: session ended kind=TRANSPORT_CLOSED retryable=true
[1788500445670] MA: session ended kind=TRANSPORT_CLOSED retryable=true
[1788500446197] MA: session ended kind=TRANSPORT_CLOSED retryable=true
[1788500446651] MA: session ended kind=TRANSPORT_CLOSED retryable=true
[1788500447270] MA: session ended kind=TRANSPORT_CLOSED retryable=true
[1788500447839] MA: session ended kind=TRANSPORT_CLOSED retryable=true
[1788500448420] MA: session ended kind=TRANSPORT_CLOSED retryable=true
[1788500448896] MA: session ended kind=TRANSPORT_CLOSED retryable=true
[1788500449352] MA: session ended kind=TRANSPORT_CLOSED retryable=true
[1788500449821] MA: session ended kind=TRANSPORT_CLOSED retryable=true
[1788500450425] MA: session ended kind=TRANSPORT_CLOSED retryable=true
[1788500450928] MA: session ended kind=TRANSPORT_CLOSED retryable=true
[1788500451445] MA: session ended kind=TRANSPORT_CLOSED retryable=true
[1788500451991] MA: session ended kind=TRANSPORT_CLOSED retryable=true
[1788500452487] MA: session ended kind=TRANSPORT_CLOSED retryable=true
[1788500452944] MA: session ended kind=TRANSPORT_CLOSED retryable=true
[1788500453523] MA: session ended kind=TRANSPORT_CLOSED retryable=true
[1788500454106] MA: session ended kind=TRANSPORT_CLOSED retryable=true
[1788500454590] MA: session ended kind=TRANSPORT_CLOSED retryable=true
[1788500455122] MA: session ended kind=TRANSPORT_CLOSED retryable=true
[1788500455702] MA: session ended kind=TRANSPORT_CLOSED retryable=true
[1788500456141] MA: session ended kind=TRANSPORT_CLOSED retryable=true
[1788500456628] MA: session ended kind=TRANSPORT_CLOSED retryable=true
[1788500457173] MA: session ended kind=TRANSPORT_CLOSED retryable=true
[1788500457712] MA: session ended kind=TRANSPORT_CLOSED retryable=true
[1788500458206] MA: session ended kind=TRANSPORT_CLOSED retryable=true
[1788500458849] MA: session ended kind=TRANSPORT_CLOSED retryable=true
[1788500459364] MA: session ended kind=TRANSPORT_CLOSED retryable=true
[1788500459797] MA: session ended kind=TRANSPORT_CLOSED retryable=true
[1788500460320] MA: session ended kind=TRANSPORT_CLOSED retryable=true
[1788500460811] MA: session ended kind=TRANSPORT_CLOSED retryable=true
[1788500461262] MA: session ended kind=TRANSPORT_CLOSED retryable=true
[1788500461830] MA: session ended kind=TRANSPORT_CLOSED retryable=true
[1788500462284] MA: session ended kind=TRANSPORT_CLOSED retryable=true
[1788500462890] MA: session ended kind=TRANSPORT_CLOSED retryable=true
[1788500463339] MA: session ended kind=TRANSPORT_CLOSED retryable=true
[1788500463862] MA: session ended kind=TRANSPORT_CLOSED retryable=true
[1788500464348] MA: session ended kind=TRANSPORT_CLOSED retryable=true
[1788500464891] MA: session ended kind=TRANSPORT_CLOSED retryable=true
[1788500465391] MA: session ended kind=TRANSPORT_CLOSED retryable=true
[1788500465874] MA: session ended kind=TRANSPORT_CLOSED retryable=true
[1788500466467] MA: session ended kind=TRANSPORT_CLOSED retryable=true
[1788500467040] MA: session ended kind=TRANSPORT_CLOSED retryable=true
[1788500467562] MA: session ended kind=TRANSPORT_CLOSED retryable=true
[1788500468108] MA: session ended kind=TRANSPORT_CLOSED retryable=true
[1788500468587] MA: session ended kind=TRANSPORT_CLOSED retryable=true
[1788500469098] MA: session ended kind=TRANSPORT_CLOSED retryable=true
[1788500469640] MA: session ended kind=TRANSPORT_CLOSED retryable=true
[1788500470240] MA: session ended kind=TRANSPORT_CLOSED retryable=true
[1788500470807] MA: session ended kind=TRANSPORT_CLOSED retryable=true
[1788500471408] MA: session ended kind=TRANSPORT_CLOSED retryable=true
[1788500471924] MA: session ended kind=TRANSPORT_CLOSED retryable=true
[1788500472540] MA: session ended kind=TRANSPORT_CLOSED retryable=true
[1788500472980] MA: session ended kind=TRANSPORT_CLOSED retryable=true
[1788500473463] MA: session ended kind=TRANSPORT_CLOSED retryable=true
[1788500473996] MA: session ended kind=TRANSPORT_CLOSED retryable=true
[1788500474420] MA: session ended kind=TRANSPORT_CLOSED retryable=true
[1788500475019] MA: session ended kind=TRANSPORT_CLOSED retryable=true
[1788500475483] MA: session ended kind=TRANSPORT_CLOSED retryable=true
[1788500476036] MA: session ended kind=TRANSPORT_CLOSED retryable=true
[1788500476552] MA: session ended kind=TRANSPORT_CLOSED retryable=true
[1788500477034] MA: session ended kind=TRANSPORT_CLOSED retryable=true
[1788500477485] MA: session ended kind=TRANSPORT_CLOSED retryable=true
[1788500477980] MA: session ended kind=TRANSPORT_CLOSED retryable=true
[1788500478467] MA: session ended kind=TRANSPORT_CLOSED retryable=true
[1788500478971] MA: session ended kind=TRANSPORT_CLOSED retryable=true
[1788500479427] MA: session ended kind=TRANSPORT_CLOSED retryable=true
[1788500479850] MA: session ended kind=TRANSPORT_CLOSED retryable=true
[1788500480300] MA: session ended kind=TRANSPORT_CLOSED retryable=true
[1788500480873] MA: session ended kind=TRANSPORT_CLOSED retryable=true
[1788500481436] MA: session ended kind=TRANSPORT_CLOSED retryable=true
[1788500481923] MA: session ended kind=TRANSPORT_CLOSED retryable=true
[1788500482446] MA: session ended kind=TRANSPORT_CLOSED retryable=true
[1788500482967] MA: session ended kind=TRANSPORT_CLOSED retryable=true
[1788500483531] MA: session ended kind=TRANSPORT_CLOSED retryable=true
[1788500484034] MA: session ended kind=TRANSPORT_CLOSED retryable=true
[1788500484620] MA: session ended kind=TRANSPORT_CLOSED retryable=true
[1788500485040] MA: session ended kind=TRANSPORT_CLOSED retryable=true
[1788500485492] MA: session ended kind=TRANSPORT_CLOSED retryable=true
[1788500486030] MA: session ended kind=TRANSPORT_CLOSED retryable=true
[1788500486533] MA: session ended kind=TRANSPORT_CLOSED retryable=true
[1788500487136] MA: session ended kind=TRANSPORT_CLOSED retryable=true
[1788500487582] MA: session ended kind=TRANSPORT_CLOSED retryable=true
[1788500488211] MA: session ended kind=TRANSPORT_CLOSED retryable=true
[1788500488785] MA: session ended kind=TRANSPORT_CLOSED retryable=true
[1788500489298] MA: session ended kind=TRANSPORT_CLOSED retryable=true
[1788500489785] MA: session ended kind=TRANSPORT_CLOSED retryable=true
[1788500490251] MA: session ended kind=TRANSPORT_CLOSED retryable=true
[1788500490749] MA: session ended kind=TRANSPORT_CLOSED retryable=true
[1788500491172] MA: session ended kind=TRANSPORT_CLOSED retryable=true
[1788500491683] MA: session ended kind=TRANSPORT_CLOSED retryable=true
[1788500492274] MA: session ended kind=TRANSPORT_CLOSED retryable=true
[1788500492818] MA: session ended kind=TRANSPORT_CLOSED retryable=true
[1788500493347] MA: session ended kind=TRANSPORT_CLOSED retryable=true
[1788500493867] MA: session ended kind=TRANSPORT_CLOSED retryable=true
[1788500494403] MA: session ended kind=TRANSPORT_CLOSED retryable=true
[1788500494908] MA: session ended kind=TRANSPORT_CLOSED retryable=true
[1788500495528] MA: session ended kind=TRANSPORT_CLOSED retryable=true
[1788500496109] MA: session ended kind=TRANSPORT_CLOSED retryable=true
[1788500496701] MA: session ended kind=TRANSPORT_CLOSED retryable=true
[1788500497219] MA: session ended kind=TRANSPORT_CLOSED retryable=true
[1788500497743] MA: session ended kind=TRANSPORT_CLOSED retryable=true
[1788500498266] MA: session ended kind=TRANSPORT_CLOSED retryable=true
[1788500498835] MA: session ended kind=TRANSPORT_CLOSED retryable=true
[1788500499443] MA: session ended kind=TRANSPORT_CLOSED retryable=true
[1788500499926] MA: session ended kind=TRANSPORT_CLOSED retryable=true
[1788500500397] MA: session ended kind=TRANSPORT_CLOSED retryable=true
[1788500501007] MA: session ended kind=TRANSPORT_CLOSED retryable=true
[1788500501497] MA: session ended kind=TRANSPORT_CLOSED retryable=true
[1788500502108] MA: session ended kind=TRANSPORT_CLOSED retryable=true
[1788500502644] MA: session ended kind=TRANSPORT_CLOSED retryable=true
[1788500503131] MA: session ended kind=TRANSPORT_CLOSED retryable=true
[1788500503634] MA: session ended kind=TRANSPORT_CLOSED retryable=true
[1788500504114] MA: session ended kind=TRANSPORT_CLOSED retryable=true
[1788500504574] MA: session ended kind=TRANSPORT_CLOSED retryable=true
[1788500505144] MA: session ended kind=TRANSPORT_CLOSED retryable=true
[1788500505619] MA: session ended kind=TRANSPORT_CLOSED retryable=true
[1788500506212] MA: session ended kind=TRANSPORT_CLOSED retryable=true
[1788500506667] MA: session ended kind=TRANSPORT_CLOSED retryable=true
[1788500507224] MA: session ended kind=TRANSPORT_CLOSED retryable=true
[1788500507750] MA: session ended kind=TRANSPORT_CLOSED retryable=true
[1788500508338] MA: session ended kind=TRANSPORT_CLOSED retryable=true
[1788500508881] MA: session ended kind=TRANSPORT_CLOSED retryable=true
[1788500509428] MA: session ended kind=TRANSPORT_CLOSED retryable=true
[1788500509916] MA: session ended kind=TRANSPORT_CLOSED retryable=true
[1788500510458] MA: session ended kind=TRANSPORT_CLOSED retryable=true
[1788500510938] MA: session ended kind=TRANSPORT_CLOSED retryable=true
[1788500511443] MA: session ended kind=TRANSPORT_CLOSED retryable=true
[1788500512014] MA: session ended kind=TRANSPORT_CLOSED retryable=true
[1788500512450] MA: session ended kind=TRANSPORT_CLOSED retryable=true
[1788500513004] MA: session ended kind=TRANSPORT_CLOSED retryable=true
[1788500513473] MA: session ended kind=TRANSPORT_CLOSED retryable=true
[1788500513914] MA: session ended kind=TRANSPORT_CLOSED retryable=true
[1788500514459] MA: session ended kind=TRANSPORT_CLOSED retryable=true
[1788500514883] MA: session ended kind=TRANSPORT_CLOSED retryable=true
[1788500515356] MA: session ended kind=TRANSPORT_CLOSED retryable=true
[1788500515861] MA: session ended kind=TRANSPORT_CLOSED retryable=true
[1788500516501] MA: session ended kind=TRANSPORT_CLOSED retryable=true
[1788500517053] MA: session ended kind=TRANSPORT_CLOSED retryable=true
[1788500517552] MA: session ended kind=TRANSPORT_CLOSED retryable=true
[1788500518117] MA: session ended kind=TRANSPORT_CLOSED retryable=true
[1788500518666] MA: session ended kind=TRANSPORT_CLOSED retryable=true
[1788500519118] MA: session ended kind=TRANSPORT_CLOSED retryable=true
[1788500519680] MA: session ended kind=TRANSPORT_CLOSED retryable=true
[1788500520235] MA: session ended kind=TRANSPORT_CLOSED retryable=true
[1788500520681] MA: session ended kind=TRANSPORT_CLOSED retryable=true
[1788500521292] MA: session ended kind=TRANSPORT_CLOSED retryable=true
[1788500521834] MA: session ended kind=TRANSPORT_CLOSED retryable=true
[1788500522435] MA: session ended kind=TRANSPORT_CLOSED retryable=true
[1788500523009] MA: session ended kind=TRANSPORT_CLOSED retryable=true
[1788500523632] MA: session ended kind=TRANSPORT_CLOSED retryable=true
[1788500524253] MA: session ended kind=TRANSPORT_CLOSED retryable=true
[1788500524830] MA: session ended kind=TRANSPORT_CLOSED retryable=true
[1788500525433] MA: session ended kind=TRANSPORT_CLOSED retryable=true
[1788500525924] MA: session ended kind=TRANSPORT_CLOSED retryable=true
[1788500526492] MA: session ended kind=TRANSPORT_CLOSED retryable=true
[1788500527086] MA: session ended kind=TRANSPORT_CLOSED retryable=true
[1788500527511] MA: session ended kind=TRANSPORT_CLOSED retryable=true
[1788500528024] MA: session ended kind=TRANSPORT_CLOSED retryable=true
[1788500528506] MA: session ended kind=TRANSPORT_CLOSED retryable=true
[1788500529112] MA: session ended kind=TRANSPORT_CLOSED retryable=true
[1788500529630] MA: session ended kind=TRANSPORT_CLOSED retryable=true
[1788500530217] MA: session ended kind=TRANSPORT_CLOSED retryable=true
[1788500530652] MA: session ended kind=TRANSPORT_CLOSED retryable=true
[1788500531158] MA: session ended kind=TRANSPORT_CLOSED retryable=true
[1788500531689] MA: session ended kind=TRANSPORT_CLOSED retryable=true
[1788500532152] MA: session ended kind=TRANSPORT_CLOSED retryable=true
[1788500532747] MA: session ended kind=TRANSPORT_CLOSED retryable=true
[1788500533248] MA: session ended kind=TRANSPORT_CLOSED retryable=true
[1788500533698] MA: session ended kind=TRANSPORT_CLOSED retryable=true
[1788500534163] MA: session ended kind=TRANSPORT_CLOSED retryable=true
[1788500534631] MA: session ended kind=TRANSPORT_CLOSED retryable=true
[1788500535213] MA: session ended kind=TRANSPORT_CLOSED retryable=true
[1788500535809] MA: session ended kind=TRANSPORT_CLOSED retryable=true
[1788500536282] MA: session ended kind=TRANSPORT_CLOSED retryable=true
[1788500536798] MA: session ended kind=TRANSPORT_CLOSED retryable=true
[1788500537298] MA: session ended kind=TRANSPORT_CLOSED retryable=true
[1788500537843] MA: session ended kind=TRANSPORT_CLOSED retryable=true
[1788500538452] MA: session ended kind=TRANSPORT_CLOSED retryable=true
[1788500538905] MA: session ended kind=TRANSPORT_CLOSED retryable=true
[1788500539476] MA: session ended kind=TRANSPORT_CLOSED retryable=true
[1788500539930] MA: session ended kind=TRANSPORT_CLOSED retryable=true
[1788500540516] MA: session ended kind=TRANSPORT_CLOSED retryable=true
[1788500541024] MA: session ended kind=TRANSPORT_CLOSED retryable=true
[1788500541476] MA: session ended kind=TRANSPORT_CLOSED retryable=true
[1788500542048] MA: session ended kind=TRANSPORT_CLOSED retryable=true
[1788500542646] MA: session ended kind=TRANSPORT_CLOSED retryable=true
[1788500543248] MA: session ended kind=TRANSPORT_CLOSED retryable=true
[1788500543859] MA: session ended kind=TRANSPORT_CLOSED retryable=true
[1788500544460] MA: session ended kind=TRANSPORT_CLOSED retryable=true
[1788500545047] MA: session ended kind=TRANSPORT_CLOSED retryable=true
[1788500545627] MA: session ended kind=TRANSPORT_CLOSED retryable=true
[1788500546140] MA: session ended kind=TRANSPORT_CLOSED retryable=true
[1788500546563] MA: session ended kind=TRANSPORT_CLOSED retryable=true
[1788500547037] MA: session ended kind=TRANSPORT_CLOSED retryable=true
[1788500547651] MA: session ended kind=TRANSPORT_CLOSED retryable=true
[1788500548168] MA: session ended kind=TRANSPORT_CLOSED retryable=true
[1788500548642] MA: session ended kind=TRANSPORT_CLOSED retryable=true
[1788500549119] MA: session ended kind=TRANSPORT_CLOSED retryable=true
[1788500549729] MA: session ended kind=TRANSPORT_CLOSED retryable=true
[1788500550171] MA: session ended kind=TRANSPORT_CLOSED retryable=true
[1788500550633] MA: session ended kind=TRANSPORT_CLOSED retryable=true
[1788500551133] MA: session ended kind=TRANSPORT_CLOSED retryable=true
[1788500551755] MA: session ended kind=TRANSPORT_CLOSED retryable=true
[1788500552344] MA: session ended kind=TRANSPORT_CLOSED retryable=true
[1788500552763] MA: session ended kind=TRANSPORT_CLOSED retryable=true
[1788500553336] MA: session ended kind=TRANSPORT_CLOSED retryable=true
[1788500553938] MA: session ended kind=TRANSPORT_CLOSED retryable=true
[1788500554507] MA: session ended kind=TRANSPORT_CLOSED retryable=true
[1788500555118] MA: session ended kind=TRANSPORT_CLOSED retryable=true
[1788500555545] MA: session ended kind=TRANSPORT_CLOSED retryable=true
[1788500556010] MA: session ended kind=TRANSPORT_CLOSED retryable=true
[1788500556528] MA: session ended kind=TRANSPORT_CLOSED retryable=true
[1788500557017] MA: session ended kind=TRANSPORT_CLOSED retryable=true
[1788500557494] MA: session ended kind=TRANSPORT_CLOSED retryable=true
[1788500558014] MA: session ended kind=TRANSPORT_CLOSED retryable=true
[1788500558465] MA: session ended kind=TRANSPORT_CLOSED retryable=true
[1788500559007] MA: session ended kind=TRANSPORT_CLOSED retryable=true
[1788500559434] MA: session ended kind=TRANSPORT_CLOSED retryable=true
[1788500559879] MA: session ended kind=TRANSPORT_CLOSED retryable=true
[1788500560419] MA: session ended kind=TRANSPORT_CLOSED retryable=true
[1788500560985] MA: session ended kind=TRANSPORT_CLOSED retryable=true
[1788500561465] MA: session ended kind=TRANSPORT_CLOSED retryable=true
[1788500561983] MA: session ended kind=TRANSPORT_CLOSED retryable=true
[1788500562577] MA: session ended kind=TRANSPORT_CLOSED retryable=true
[1788500563040] MA: session ended kind=TRANSPORT_CLOSED retryable=true
[1788500563588] MA: session ended kind=TRANSPORT_CLOSED retryable=true
[1788500564071] MA: session ended kind=TRANSPORT_CLOSED retryable=true
[1788500564578] MA: session ended kind=TRANSPORT_CLOSED retryable=true
[1788500565027] MA: session ended kind=TRANSPORT_CLOSED retryable=true
[1788500565507] MA: session ended kind=TRANSPORT_CLOSED retryable=true
[1788500566008] MA: session ended kind=TRANSPORT_CLOSED retryable=true
[1788500566620] MA: session ended kind=TRANSPORT_CLOSED retryable=true
[1788500567214] MA: session ended kind=TRANSPORT_CLOSED retryable=true
[1788500567745] MA: session ended kind=TRANSPORT_CLOSED retryable=true
[1788500568293] MA: session ended kind=TRANSPORT_CLOSED retryable=true
[1788500568759] MA: session ended kind=TRANSPORT_CLOSED retryable=true
[1788500569228] MA: session ended kind=TRANSPORT_CLOSED retryable=true
[1788500569799] MA: session ended kind=TRANSPORT_CLOSED retryable=true
[1788500570307] MA: session ended kind=TRANSPORT_CLOSED retryable=true
[1788500570869] MA: session ended kind=TRANSPORT_CLOSED retryable=true
[1788500571406] MA: session ended kind=TRANSPORT_CLOSED retryable=true
[1788500571845] MA: session ended kind=TRANSPORT_CLOSED retryable=true
[1788500572342] MA: session ended kind=TRANSPORT_CLOSED retryable=true
[1788500572783] MA: session ended kind=TRANSPORT_CLOSED retryable=true
[1788500573370] MA: session ended kind=TRANSPORT_CLOSED retryable=true
[1788500573817] MA: session ended kind=TRANSPORT_CLOSED retryable=true
[1788500574283] MA: session ended kind=TRANSPORT_CLOSED retryable=true
[1788500574831] MA: session ended kind=TRANSPORT_CLOSED retryable=true
[1788500575323] MA: session ended kind=TRANSPORT_CLOSED retryable=true
[1788500575807] MA: session ended kind=TRANSPORT_CLOSED retryable=true
[1788500576270] MA: session ended kind=TRANSPORT_CLOSED retryable=true
[1788500576850] MA: session ended kind=TRANSPORT_CLOSED retryable=true
[1788500577395] MA: session ended kind=TRANSPORT_CLOSED retryable=true
[1788500577939] MA: session ended kind=TRANSPORT_CLOSED retryable=true
[1788500578439] MA: session ended kind=TRANSPORT_CLOSED retryable=true
[1788500578968] MA: session ended kind=TRANSPORT_CLOSED retryable=true
[1788500579436] MA: session ended kind=TRANSPORT_CLOSED retryable=true
[1788500579988] MA: session ended kind=TRANSPORT_CLOSED retryable=true
[1788500580422] MA: session ended kind=TRANSPORT_CLOSED retryable=true
[1788500580983] MA: session ended kind=TRANSPORT_CLOSED retryable=true
[1788500581519] MA: session ended kind=TRANSPORT_CLOSED retryable=true
[1788500582043] MA: session ended kind=TRANSPORT_CLOSED retryable=true
[1788500582650] MA: session ended kind=TRANSPORT_CLOSED retryable=true
[1788500583251] MA: session ended kind=TRANSPORT_CLOSED retryable=true
[1788500583683] MA: session ended kind=TRANSPORT_CLOSED retryable=true
[1788500584187] MA: session ended kind=TRANSPORT_CLOSED retryable=true
[1788500584654] MA: session ended kind=TRANSPORT_CLOSED retryable=true
[1788500585205] MA: session ended kind=TRANSPORT_CLOSED retryable=true
[1788500585748] MA: session ended kind=TRANSPORT_CLOSED retryable=true
[1788500586172] MA: session ended kind=TRANSPORT_CLOSED retryable=true
[1788500586780] MA: session ended kind=TRANSPORT_CLOSED retryable=true
[1788500587228] MA: session ended kind=TRANSPORT_CLOSED retryable=true
[1788500587766] MA: session ended kind=TRANSPORT_CLOSED retryable=true
[1788500588324] MA: session ended kind=TRANSPORT_CLOSED retryable=true
[1788500588866] MA: session ended kind=TRANSPORT_CLOSED retryable=true
[1788500589338] MA: session ended kind=TRANSPORT_CLOSED retryable=true
[1788500589907] MA: session ended kind=TRANSPORT_CLOSED retryable=true
[1788500590499] MA: session ended kind=TRANSPORT_CLOSED retryable=true
[1788500590975] MA: session ended kind=TRANSPORT_CLOSED retryable=true
[1788500591482] MA: session ended kind=TRANSPORT_CLOSED retryable=true
[1788500592063] MA: session ended kind=TRANSPORT_CLOSED retryable=true
[1788500592632] MA: session ended kind=TRANSPORT_CLOSED retryable=true
[1788500593075] MA: session ended kind=TRANSPORT_CLOSED retryable=true
[1788500593531] MA: session ended kind=TRANSPORT_CLOSED retryable=true
[1788500593994] MA: session ended kind=TRANSPORT_CLOSED retryable=true
[1788500594432] MA: session ended kind=TRANSPORT_CLOSED retryable=true
[1788500594909] MA: session ended kind=TRANSPORT_CLOSED retryable=true
[1788500595453] MA: session ended kind=TRANSPORT_CLOSED retryable=true
[1788500595899] MA: session ended kind=TRANSPORT_CLOSED retryable=true
[1788500596383] MA: session ended kind=TRANSPORT_CLOSED retryable=true
[1788500596898] MA: session ended kind=TRANSPORT_CLOSED retryable=true
[1788500597377] MA: session ended kind=TRANSPORT_CLOSED retryable=true
[1788500597798] MA: session ended kind=TRANSPORT_CLOSED retryable=true
[1788500598315] MA: session ended kind=TRANSPORT_CLOSED retryable=true
[1788500598906] MA: session ended kind=TRANSPORT_CLOSED retryable=true
[1788500599544] MA: session ended kind=TRANSPORT_CLOSED retryable=true
[1788500599981] MA: session ended kind=TRANSPORT_CLOSED retryable=true
[1788500600464] MA: session ended kind=TRANSPORT_CLOSED retryable=true
[1788500600963] MA: session ended kind=TRANSPORT_CLOSED retryable=true
[1788500601466] MA: session ended kind=TRANSPORT_CLOSED retryable=true
[1788500601914] MA: session ended kind=TRANSPORT_CLOSED retryable=true
[1788500602500] MA: session ended kind=TRANSPORT_CLOSED retryable=true
[1788500603001] MA: session ended kind=TRANSPORT_CLOSED retryable=true
[1788500603484] MA: session ended kind=TRANSPORT_CLOSED retryable=true
[1788500604006] MA: session ended kind=TRANSPORT_CLOSED retryable=true
[1788500604453] MA: session ended kind=TRANSPORT_CLOSED retryable=true
[1788500604892] MA: session ended kind=TRANSPORT_CLOSED retryable=true
[1788500605387] MA: session ended kind=TRANSPORT_CLOSED retryable=true
[1788500605891] MA: session ended kind=TRANSPORT_CLOSED retryable=true
[1788500606376] MA: session ended kind=TRANSPORT_CLOSED retryable=true
[1788500606819] MA: session ended kind=TRANSPORT_CLOSED retryable=true
[1788500607307] MA: session ended kind=TRANSPORT_CLOSED retryable=true
[1788500607902] MA: session ended kind=TRANSPORT_CLOSED retryable=true
[1788500608455] MA: session ended kind=TRANSPORT_CLOSED retryable=true
[1788500609066] MA: session ended kind=TRANSPORT_CLOSED retryable=true
[1788500609566] MA: session ended kind=TRANSPORT_CLOSED retryable=true
[1788500610134] MA: session ended kind=TRANSPORT_CLOSED retryable=true
[1788500610595] MA: session ended kind=TRANSPORT_CLOSED retryable=true
[1788500611068] MA: session ended kind=TRANSPORT_CLOSED retryable=true
[1788500611513] MA: session ended kind=TRANSPORT_CLOSED retryable=true
[1788500611940] MA: session ended kind=TRANSPORT_CLOSED retryable=true
[1788500612543] MA: session ended kind=TRANSPORT_CLOSED retryable=true
[1788500613028] MA: session ended kind=TRANSPORT_CLOSED retryable=true
[1788500613626] MA: session ended kind=TRANSPORT_CLOSED retryable=true
[1788500614047] MA: session ended kind=TRANSPORT_CLOSED retryable=true
[1788500614623] MA: session ended kind=TRANSPORT_CLOSED retryable=true
[1788500615244] MA: session ended kind=TRANSPORT_CLOSED retryable=true
[1788500615729] MA: session ended kind=TRANSPORT_CLOSED retryable=true
[1788500616163] MA: session ended kind=TRANSPORT_CLOSED retryable=true
[1788500616623] MA: session ended kind=TRANSPORT_CLOSED retryable=true
[1788500617077] MA: session ended kind=TRANSPORT_CLOSED retryable=true
[1788500617562] MA: session ended kind=TRANSPORT_CLOSED retryable=true
[1788500618079] MA: session ended kind=TRANSPORT_CLOSED retryable=true
[1788500618520] MA: session ended kind=TRANSPORT_CLOSED retryable=true
[1788500618970] MA: session ended kind=TRANSPORT_CLOSED retryable=true
[1788500619388] MA: session ended kind=TRANSPORT_CLOSED retryable=true
[1788500619823] MA: session ended kind=TRANSPORT_CLOSED retryable=true
[1788500620250] MA: session ended kind=TRANSPORT_CLOSED retryable=true
[1788500620802] MA: session ended kind=TRANSPORT_CLOSED retryable=true
[1788500621250] MA: session ended kind=TRANSPORT_CLOSED retryable=true
[1788500621828] MA: session ended kind=TRANSPORT_CLOSED retryable=true
[1788500622345] MA: session ended kind=TRANSPORT_CLOSED retryable=true
[1788500622955] MA: session ended kind=TRANSPORT_CLOSED retryable=true
[1788500623461] MA: session ended kind=TRANSPORT_CLOSED retryable=true
[1788500624066] MA: session ended kind=TRANSPORT_CLOSED retryable=true
[1788500624520] MA: session ended kind=TRANSPORT_CLOSED retryable=true
[1788500624989] MA: session ended kind=TRANSPORT_CLOSED retryable=true
[1788500625553] MA: session ended kind=TRANSPORT_CLOSED retryable=true
[1788500626138] MA: session ended kind=TRANSPORT_CLOSED retryable=true
[1788500626589] MA: session ended kind=TRANSPORT_CLOSED retryable=true
[1788500627110] MA: session ended kind=TRANSPORT_CLOSED retryable=true
[1788500627708] MA: session ended kind=TRANSPORT_CLOSED retryable=true
[1788500628259] MA: session ended kind=TRANSPORT_CLOSED retryable=true
[1788500628733] MA: session ended kind=TRANSPORT_CLOSED retryable=true
[1788500629166] MA: session ended kind=TRANSPORT_CLOSED retryable=true
[1788500629708] MA: session ended kind=TRANSPORT_CLOSED retryable=true
[1788500630247] MA: session ended kind=TRANSPORT_CLOSED retryable=true
[1788500630779] MA: session ended kind=TRANSPORT_CLOSED retryable=true
[1788500631285] MA: session ended kind=TRANSPORT_CLOSED retryable=true
[1788500631809] MA: session ended kind=TRANSPORT_CLOSED retryable=true
[1788500632330] MA: session ended kind=TRANSPORT_CLOSED retryable=true
[1788500632883] MA: session ended kind=TRANSPORT_CLOSED retryable=true
[1788500633299] MA: session ended kind=TRANSPORT_CLOSED retryable=true
[1788500633787] MA: session ended kind=TRANSPORT_CLOSED retryable=true
[1788500634341] MA: session ended kind=TRANSPORT_CLOSED retryable=true
[1788500634845] MA: session ended kind=TRANSPORT_CLOSED retryable=true
[1788500635357] MA: session ended kind=TRANSPORT_CLOSED retryable=true
[1788500635891] MA: session ended kind=TRANSPORT_CLOSED retryable=true
[1788500636477] MA: session ended kind=TRANSPORT_CLOSED retryable=true
[1788500637001] MA: session ended kind=TRANSPORT_CLOSED retryable=true
[1788500637518] MA: session ended kind=TRANSPORT_CLOSED retryable=true
[1788500638129] MA: session ended kind=TRANSPORT_CLOSED retryable=true
[1788500638651] MA: session ended kind=TRANSPORT_CLOSED retryable=true
[1788500639210] MA: session ended kind=TRANSPORT_CLOSED retryable=true
[1788500639672] MA: session ended kind=TRANSPORT_CLOSED retryable=true
[1788500640160] MA: session ended kind=TRANSPORT_CLOSED retryable=true
[1788500640705] MA: session ended kind=TRANSPORT_CLOSED retryable=true
[1788500641224] MA: session ended kind=TRANSPORT_CLOSED retryable=true
[1788500641810] MA: session ended kind=TRANSPORT_CLOSED retryable=true
[1788500642293] MA: session ended kind=TRANSPORT_CLOSED retryable=true
[1788500642875] MA: session ended kind=TRANSPORT_CLOSED retryable=true
[1788500643459] MA: session ended kind=TRANSPORT_CLOSED retryable=true
[1788500643995] MA: session ended kind=TRANSPORT_CLOSED retryable=true
[1788500644565] MA: session ended kind=TRANSPORT_CLOSED retryable=true
[1788500645064] MA: session ended kind=TRANSPORT_CLOSED retryable=true
[1788500645544] MA: session ended kind=TRANSPORT_CLOSED retryable=true
[1788500646137] MA: session ended kind=TRANSPORT_CLOSED retryable=true
[1788500646619] MA: session ended kind=TRANSPORT_CLOSED retryable=true
[1788500647225] MA: session ended kind=TRANSPORT_CLOSED retryable=true
[1788500647672] MA: session ended kind=TRANSPORT_CLOSED retryable=true
[1788500648206] MA: session ended kind=TRANSPORT_CLOSED retryable=true
[1788500648642] MA: session ended kind=TRANSPORT_CLOSED retryable=true
[1788500649139] MA: session ended kind=TRANSPORT_CLOSED retryable=true
[1788500649719] MA: session ended kind=TRANSPORT_CLOSED retryable=true
[1788500650264] MA: session ended kind=TRANSPORT_CLOSED retryable=true
[1788500650829] MA: session ended kind=TRANSPORT_CLOSED retryable=true
[1788500651293] MA: session ended kind=TRANSPORT_CLOSED retryable=true
[1788500651907] MA: session ended kind=TRANSPORT_CLOSED retryable=true
[1788500652484] MA: session ended kind=TRANSPORT_CLOSED retryable=true
[1788500652898] MA: session ended kind=TRANSPORT_CLOSED retryable=true
[1788500653355] MA: session ended kind=TRANSPORT_CLOSED retryable=true
[1788500653843] MA: session ended kind=TRANSPORT_CLOSED retryable=true
[1788500654361] MA: session ended kind=TRANSPORT_CLOSED retryable=true
[1788500654937] MA: session ended kind=TRANSPORT_CLOSED retryable=true
[1788500655514] MA: session ended kind=TRANSPORT_CLOSED retryable=true
[1788500656049] MA: session ended kind=TRANSPORT_CLOSED retryable=true
[1788500656534] MA: session ended kind=TRANSPORT_CLOSED retryable=true
[1788500657051] MA: session ended kind=TRANSPORT_CLOSED retryable=true
[1788500657508] MA: session ended kind=TRANSPORT_CLOSED retryable=true
[1788500658042] MA: session ended kind=TRANSPORT_CLOSED retryable=true
[1788500658464] MA: session ended kind=TRANSPORT_CLOSED retryable=true
[1788500658945] MA: session ended kind=TRANSPORT_CLOSED retryable=true
[1788500659374] MA: session ended kind=TRANSPORT_CLOSED retryable=true
[1788500659848] MA: session ended kind=TRANSPORT_CLOSED retryable=true
[1788500660371] MA: session ended kind=TRANSPORT_CLOSED retryable=true
[1788500660883] MA: session ended kind=TRANSPORT_CLOSED retryable=true
[1788500661327] MA: session ended kind=TRANSPORT_CLOSED retryable=true
[1788500661928] MA: session ended kind=TRANSPORT_CLOSED retryable=true
[1788500662523] MA: session ended kind=TRANSPORT_CLOSED retryable=true
[1788500662967] MA: session ended kind=TRANSPORT_CLOSED retryable=true
[1788500663416] MA: session ended kind=TRANSPORT_CLOSED retryable=true
[1788500663972] MA: session ended kind=TRANSPORT_CLOSED retryable=true
[1788500664435] MA: session ended kind=TRANSPORT_CLOSED retryable=true
[1788500664967] MA: session ended kind=TRANSPORT_CLOSED retryable=true
[1788500665564] MA: session ended kind=TRANSPORT_CLOSED retryable=true
[1788500666086] MA: session ended kind=TRANSPORT_CLOSED retryable=true
[1788500666635] MA: session ended kind=TRANSPORT_CLOSED retryable=true
[1788500667177] MA: session ended kind=TRANSPORT_CLOSED retryable=true
[1788500667736] MA: session ended kind=TRANSPORT_CLOSED retryable=true
[1788500668280] MA: session ended kind=TRANSPORT_CLOSED retryable=true
[1788500668858] MA: session ended kind=TRANSPORT_CLOSED retryable=true
[1788500669410] MA: session ended kind=TRANSPORT_CLOSED retryable=true
[1788500669938] MA: session ended kind=TRANSPORT_CLOSED retryable=true
[1788500670522] MA: session ended kind=TRANSPORT_CLOSED retryable=true
[1788500671142] MA: session ended kind=TRANSPORT_CLOSED retryable=true
[1788500671654] MA: session ended kind=TRANSPORT_CLOSED retryable=true
[1788500672245] MA: session ended kind=TRANSPORT_CLOSED retryable=true
[1788500672693] MA: session ended kind=TRANSPORT_CLOSED retryable=true
[1788500673182] MA: session ended kind=TRANSPORT_CLOSED retryable=true
[1788500673818] MA: session ended kind=TRANSPORT_CLOSED retryable=true
[1788500674364] MA: session ended kind=TRANSPORT_CLOSED retryable=true
[1788500674863] MA: session ended kind=TRANSPORT_CLOSED retryable=true
[1788500675394] MA: session ended kind=TRANSPORT_CLOSED retryable=true
[1788500675915] MA: session ended kind=TRANSPORT_CLOSED retryable=true
[1788500676487] MA: session ended kind=TRANSPORT_CLOSED retryable=true
[1788500676926] MA: session ended kind=TRANSPORT_CLOSED retryable=true
[1788500677378] MA: session ended kind=TRANSPORT_CLOSED retryable=true
[1788500677937] MA: session ended kind=TRANSPORT_CLOSED retryable=true
[1788500678543] MA: session ended kind=TRANSPORT_CLOSED retryable=true
[1788500679080] MA: session ended kind=TRANSPORT_CLOSED retryable=true
[1788500679714] MA: session ended kind=TRANSPORT_CLOSED retryable=true
[1788500680317] MA: session ended kind=TRANSPORT_CLOSED retryable=true
[1788500680830] MA: session ended kind=TRANSPORT_CLOSED retryable=true
[1788500681272] MA: session ended kind=TRANSPORT_CLOSED retryable=true
[1788500681795] MA: session ended kind=TRANSPORT_CLOSED retryable=true
[1788500682311] MA: session ended kind=TRANSPORT_CLOSED retryable=true
[1788500682846] MA: session ended kind=TRANSPORT_CLOSED retryable=true
[1788500683441] MA: session ended kind=TRANSPORT_CLOSED retryable=true
[1788500683914] MA: session ended kind=TRANSPORT_CLOSED retryable=true
[1788500684501] MA: session ended kind=TRANSPORT_CLOSED retryable=true
[1788500685041] MA: session ended kind=TRANSPORT_CLOSED retryable=true
[1788500685542] MA: session ended kind=TRANSPORT_CLOSED retryable=true
[1788500686083] MA: session ended kind=TRANSPORT_CLOSED retryable=true
[1788500686620] MA: session ended kind=TRANSPORT_CLOSED retryable=true
[1788500687194] MA: session ended kind=TRANSPORT_CLOSED retryable=true
[1788500687656] MA: session ended kind=TRANSPORT_CLOSED retryable=true
[1788500688087] MA: session ended kind=TRANSPORT_CLOSED retryable=true
[1788500688652] MA: session ended kind=TRANSPORT_CLOSED retryable=true
[1788500689098] MA: session ended kind=TRANSPORT_CLOSED retryable=true
[1788500689676] MA: session ended kind=TRANSPORT_CLOSED retryable=true
[1788500690203] MA: session ended kind=TRANSPORT_CLOSED retryable=true
[1788500690753] MA: session ended kind=TRANSPORT_CLOSED retryable=true
[1788500691326] MA: session ended kind=TRANSPORT_CLOSED retryable=true
[1788500691757] MA: session ended kind=TRANSPORT_CLOSED retryable=true
[1788500692208] MA: session ended kind=TRANSPORT_CLOSED retryable=true
[1788500692651] MA: session ended kind=TRANSPORT_CLOSED retryable=true
[1788500693127] MA: session ended kind=TRANSPORT_CLOSED retryable=true
[1788500693746] MA: session ended kind=TRANSPORT_CLOSED retryable=true
[1788500694176] MA: session ended kind=TRANSPORT_CLOSED retryable=true
[1788500694762] MA: session ended kind=TRANSPORT_CLOSED retryable=true
[1788500695213] MA: session ended kind=TRANSPORT_CLOSED retryable=true
[1788500695698] MA: session ended kind=TRANSPORT_CLOSED retryable=true
[1788500696219] MA: session ended kind=TRANSPORT_CLOSED retryable=true
[1788500696707] MA: session ended kind=TRANSPORT_CLOSED retryable=true
[1788500697261] MA: session ended kind=TRANSPORT_CLOSED retryable=true
[1788500697843] MA: session ended kind=TRANSPORT_CLOSED retryable=true
[1788500698378] MA: session ended kind=TRANSPORT_CLOSED retryable=true
[1788500698976] MA: session ended kind=TRANSPORT_CLOSED retryable=true
[1788500699428] MA: session ended kind=TRANSPORT_CLOSED retryable=true
[1788500699850] MA: session ended kind=TRANSPORT_CLOSED retryable=true
[1788500700282] MA: session ended kind=TRANSPORT_CLOSED retryable=true
[1788500700707] MA: session ended kind=TRANSPORT_CLOSED retryable=true
[1788500701165] MA: session ended kind=TRANSPORT_CLOSED retryable=true
[1788500701676] MA: session ended kind=TRANSPORT_CLOSED retryable=true
[1788500702099] MA: session ended kind=TRANSPORT_CLOSED retryable=true
[1788500702628] MA: session ended kind=TRANSPORT_CLOSED retryable=true
[1788500703223] MA: session ended kind=TRANSPORT_CLOSED retryable=true
[1788500703671] MA: session ended kind=TRANSPORT_CLOSED retryable=true
[1788500704257] MA: session ended kind=TRANSPORT_CLOSED retryable=true
[1788500704804] MA: session ended kind=TRANSPORT_CLOSED retryable=true
[1788500705287] MA: session ended kind=TRANSPORT_CLOSED retryable=true
[1788500705851] MA: session ended kind=TRANSPORT_CLOSED retryable=true
[1788500706364] MA: session ended kind=TRANSPORT_CLOSED retryable=true
[1788500706938] MA: session ended kind=TRANSPORT_CLOSED retryable=true
[1788500707537] MA: session ended kind=TRANSPORT_CLOSED retryable=true
[1788500708084] MA: session ended kind=TRANSPORT_CLOSED retryable=true
[1788500708524] MA: session ended kind=TRANSPORT_CLOSED retryable=true
[1788500709029] MA: session ended kind=TRANSPORT_CLOSED retryable=true
[1788500709595] MA: session ended kind=TRANSPORT_CLOSED retryable=true
[1788500710209] MA: session ended kind=TRANSPORT_CLOSED retryable=true
[1788500710736] MA: session ended kind=TRANSPORT_CLOSED retryable=true
[1788500711205] MA: session ended kind=TRANSPORT_CLOSED retryable=true
[1788500711840] MA: session ended kind=TRANSPORT_CLOSED retryable=true
[1788500712338] MA: session ended kind=TRANSPORT_CLOSED retryable=true
[1788500712838] MA: session ended kind=TRANSPORT_CLOSED retryable=true
[1788500713285] MA: session ended kind=TRANSPORT_CLOSED retryable=true
[1788500713844] MA: session ended kind=TRANSPORT_CLOSED retryable=true
[1788500714467] MA: session ended kind=TRANSPORT_CLOSED retryable=true
[1788500714960] MA: session ended kind=TRANSPORT_CLOSED retryable=true
[1788500715515] MA: session ended kind=TRANSPORT_CLOSED retryable=true
[1788500715960] MA: session ended kind=TRANSPORT_CLOSED retryable=true
[1788500716555] MA: session ended kind=TRANSPORT_CLOSED retryable=true
[1788500717072] MA: session ended kind=TRANSPORT_CLOSED retryable=true
[1788500717665] MA: session ended kind=TRANSPORT_CLOSED retryable=true
[1788500718123] MA: session ended kind=TRANSPORT_CLOSED retryable=true
[1788500718649] MA: session ended kind=TRANSPORT_CLOSED retryable=true
[1788500719102] MA: session ended kind=TRANSPORT_CLOSED retryable=true
[1788500719639] MA: session ended kind=TRANSPORT_CLOSED retryable=true
[1788500720111] MA: session ended kind=TRANSPORT_CLOSED retryable=true
[1788500720681] MA: session ended kind=TRANSPORT_CLOSED retryable=true
[1788500721284] MA: session ended kind=TRANSPORT_CLOSED retryable=true
[1788500721724] MA: session ended kind=TRANSPORT_CLOSED retryable=true
[1788500722271] MA: session ended kind=TRANSPORT_CLOSED retryable=true
[1788500722818] MA: session ended kind=TRANSPORT_CLOSED retryable=true
[1788500723290] MA: session ended kind=TRANSPORT_CLOSED retryable=true
[1788500723852] MA: session ended kind=TRANSPORT_CLOSED retryable=true
[1788500724459] MA: session ended kind=TRANSPORT_CLOSED retryable=true
[1788500725054] MA: session ended kind=TRANSPORT_CLOSED retryable=true
[1788500725616] MA: session ended kind=TRANSPORT_CLOSED retryable=true
[1788500726215] MA: session ended kind=TRANSPORT_CLOSED retryable=true
[1788500726841] MA: session ended kind=TRANSPORT_CLOSED retryable=true
[1788500727433] MA: session ended kind=TRANSPORT_CLOSED retryable=true
[1788500727959] MA: session ended kind=TRANSPORT_CLOSED retryable=true
[1788500728555] MA: session ended kind=TRANSPORT_CLOSED retryable=true
[1788500729052] MA: session ended kind=TRANSPORT_CLOSED retryable=true
[1788500729508] MA: session ended kind=TRANSPORT_CLOSED retryable=true
[1788500730084] MA: session ended kind=TRANSPORT_CLOSED retryable=true
[1788500730675] MA: session ended kind=TRANSPORT_CLOSED retryable=true
[1788500731135] MA: session ended kind=TRANSPORT_CLOSED retryable=true
[1788500731601] MA: session ended kind=TRANSPORT_CLOSED retryable=true
[1788500732123] MA: session ended kind=TRANSPORT_CLOSED retryable=true
[1788500732699] MA: session ended kind=TRANSPORT_CLOSED retryable=true
[1788500733187] MA: session ended kind=TRANSPORT_CLOSED retryable=true
[1788500733658] MA: session ended kind=TRANSPORT_CLOSED retryable=true
[1788500734226] MA: session ended kind=TRANSPORT_CLOSED retryable=true
[1788500734743] MA: session ended kind=TRANSPORT_CLOSED retryable=true
[1788500735179] MA: session ended kind=TRANSPORT_CLOSED retryable=true
[1788500735708] MA: session ended kind=TRANSPORT_CLOSED retryable=true
[1788500736275] MA: session ended kind=TRANSPORT_CLOSED retryable=true
[1788500736867] MA: session ended kind=TRANSPORT_CLOSED retryable=true
[1788500737403] MA: session ended kind=TRANSPORT_CLOSED retryable=true
[1788500737873] MA: session ended kind=TRANSPORT_CLOSED retryable=true
[1788500738309] MA: session ended kind=TRANSPORT_CLOSED retryable=true
[1788500738775] MA: session ended kind=TRANSPORT_CLOSED retryable=true
[1788500739288] MA: session ended kind=TRANSPORT_CLOSED retryable=true
[1788500739806] MA: session ended kind=TRANSPORT_CLOSED retryable=true
[1788500740289] MA: session ended kind=TRANSPORT_CLOSED retryable=true
[1788500740892] MA: session ended kind=TRANSPORT_CLOSED retryable=true
[1788500741408] MA: session ended kind=TRANSPORT_CLOSED retryable=true
[1788500742009] MA: session ended kind=TRANSPORT_CLOSED retryable=true
[1788500742520] MA: session ended kind=TRANSPORT_CLOSED retryable=true
[1788500743131] MA: session ended kind=TRANSPORT_CLOSED retryable=true
[1788500743734] MA: session ended kind=TRANSPORT_CLOSED retryable=true
[1788500744168] MA: session ended kind=TRANSPORT_CLOSED retryable=true
[1788500744745] MA: session ended kind=TRANSPORT_CLOSED retryable=true
[1788500745339] MA: session ended kind=TRANSPORT_CLOSED retryable=true
[1788500745785] MA: session ended kind=TRANSPORT_CLOSED retryable=true
[1788500746392] MA: session ended kind=TRANSPORT_CLOSED retryable=true
[1788500746867] MA: session ended kind=TRANSPORT_CLOSED retryable=true
[1788500747300] MA: session ended kind=TRANSPORT_CLOSED retryable=true
[1788500747814] MA: session ended kind=TRANSPORT_CLOSED retryable=true
[1788500748228] MA: session ended kind=TRANSPORT_CLOSED retryable=true
[1788500748679] MA: session ended kind=TRANSPORT_CLOSED retryable=true
[1788500749251] MA: session ended kind=TRANSPORT_CLOSED retryable=true
[1788500749674] MA: session ended kind=TRANSPORT_CLOSED retryable=true
[1788500750227] MA: session ended kind=TRANSPORT_CLOSED retryable=true
[1788500750827] MA: session ended kind=TRANSPORT_CLOSED retryable=true
[1788500751417] MA: session ended kind=TRANSPORT_CLOSED retryable=true
[1788500752029] MA: session ended kind=TRANSPORT_CLOSED retryable=true
[1788500752473] MA: session ended kind=TRANSPORT_CLOSED retryable=true
[1788500753089] MA: session ended kind=TRANSPORT_CLOSED retryable=true
[1788500753676] MA: session ended kind=TRANSPORT_CLOSED retryable=true
[1788500754186] MA: session ended kind=TRANSPORT_CLOSED retryable=true
[1788500754803] MA: session ended kind=TRANSPORT_CLOSED retryable=true
[1788500755389] MA: session ended kind=TRANSPORT_CLOSED retryable=true
[1788500755975] MA: session ended kind=TRANSPORT_CLOSED retryable=true
[1788500756561] MA: session ended kind=TRANSPORT_CLOSED retryable=true
[1788500757022] MA: session ended kind=TRANSPORT_CLOSED retryable=true
[1788500757498] MA: session ended kind=TRANSPORT_CLOSED retryable=true
[1788500758098] MA: session ended kind=TRANSPORT_CLOSED retryable=true
[1788500758598] MA: session ended kind=TRANSPORT_CLOSED retryable=true
[1788500759070] MA: session ended kind=TRANSPORT_CLOSED retryable=true
[1788500759499] MA: session ended kind=TRANSPORT_CLOSED retryable=true
[1788500760008] MA: session ended kind=TRANSPORT_CLOSED retryable=true
[1788500760500] MA: session ended kind=TRANSPORT_CLOSED retryable=true
[1788500761116] MA: session ended kind=TRANSPORT_CLOSED retryable=true
[1788500761720] MA: session ended kind=TRANSPORT_CLOSED retryable=true
[1788500762235] MA: session ended kind=TRANSPORT_CLOSED retryable=true
[1788500762791] MA: session ended kind=TRANSPORT_CLOSED retryable=true
[1788500763234] MA: session ended kind=TRANSPORT_CLOSED retryable=true
[1788500763764] MA: session ended kind=TRANSPORT_CLOSED retryable=true
[1788500764234] MA: session ended kind=TRANSPORT_CLOSED retryable=true
[1788500764825] MA: session ended kind=TRANSPORT_CLOSED retryable=true
[1788500765483] MA: session ended kind=TRANSPORT_CLOSED retryable=true
[1788500765955] MA: session ended kind=TRANSPORT_CLOSED retryable=true
[1788500766419] MA: session ended kind=TRANSPORT_CLOSED retryable=true
[1788500766991] MA: session ended kind=TRANSPORT_CLOSED retryable=true
[1788500767425] MA: session ended kind=TRANSPORT_CLOSED retryable=true
[1788500767979] MA: session ended kind=TRANSPORT_CLOSED retryable=true
[1788500768438] MA: session ended kind=TRANSPORT_CLOSED retryable=true
[1788500768926] MA: session ended kind=TRANSPORT_CLOSED retryable=true
[1788500769539] MA: session ended kind=TRANSPORT_CLOSED retryable=true
[1788500770047] MA: session ended kind=TRANSPORT_CLOSED retryable=true
[1788500770603] MA: session ended kind=TRANSPORT_CLOSED retryable=true
[1788500771167] MA: session ended kind=TRANSPORT_CLOSED retryable=true
[1788500771611] MA: session ended kind=TRANSPORT_CLOSED retryable=true
[1788500772023] MA: session ended kind=TRANSPORT_CLOSED retryable=true
[1788500772543] MA: session ended kind=TRANSPORT_CLOSED retryable=true
[1788500773030] MA: session ended kind=TRANSPORT_CLOSED retryable=true
[1788500773625] MA: session ended kind=TRANSPORT_CLOSED retryable=true
[1788500774193] MA: session ended kind=TRANSPORT_CLOSED retryable=true
[1788500774771] MA: session ended kind=TRANSPORT_CLOSED retryable=true
[1788500775323] MA: session ended kind=TRANSPORT_CLOSED retryable=true
[1788500775840] MA: session ended kind=TRANSPORT_CLOSED retryable=true
[1788500776341] MA: session ended kind=TRANSPORT_CLOSED retryable=true
[1788500776782] MA: session ended kind=TRANSPORT_CLOSED retryable=true
[1788500777308] MA: session ended kind=TRANSPORT_CLOSED retryable=true
[1788500777912] MA: session ended kind=TRANSPORT_CLOSED retryable=true
[1788500778509] MA: session ended kind=TRANSPORT_CLOSED retryable=true
[1788500779042] MA: session ended kind=TRANSPORT_CLOSED retryable=true
[1788500779525] MA: session ended kind=TRANSPORT_CLOSED retryable=true
[1788500779963] MA: session ended kind=TRANSPORT_CLOSED retryable=true
[1788500780516] MA: session ended kind=TRANSPORT_CLOSED retryable=true
[1788500781097] MA: session ended kind=TRANSPORT_CLOSED retryable=true
[1788500781638] MA: session ended kind=TRANSPORT_CLOSED retryable=true
[1788500782184] MA: session ended kind=TRANSPORT_CLOSED retryable=true
[1788500782755] MA: session ended kind=TRANSPORT_CLOSED retryable=true
[1788500783248] MA: session ended kind=TRANSPORT_CLOSED retryable=true
[1788500783666] MA: session ended kind=TRANSPORT_CLOSED retryable=true
[1788500784178] MA: session ended kind=TRANSPORT_CLOSED retryable=true
[1788500784727] MA: session ended kind=TRANSPORT_CLOSED retryable=true
[1788500785242] MA: session ended kind=TRANSPORT_CLOSED retryable=true
[1788500785719] MA: session ended kind=TRANSPORT_CLOSED retryable=true
[1788500786235] MA: session ended kind=TRANSPORT_CLOSED retryable=true
[1788500786669] MA: session ended kind=TRANSPORT_CLOSED retryable=true
[1788500787256] MA: session ended kind=TRANSPORT_CLOSED retryable=true
[1788500787779] MA: session ended kind=TRANSPORT_CLOSED retryable=true
[1788500788228] MA: session ended kind=TRANSPORT_CLOSED retryable=true
[1788500788661] MA: session ended kind=TRANSPORT_CLOSED retryable=true
[1788500789086] MA: session ended kind=TRANSPORT_CLOSED retryable=true
[1788500789704] MA: session ended kind=TRANSPORT_CLOSED retryable=true
[1788500790235] MA: session ended kind=TRANSPORT_CLOSED retryable=true
[1788500790838] MA: session ended kind=TRANSPORT_CLOSED retryable=true
[1788500791254] MA: session ended kind=TRANSPORT_CLOSED retryable=true
[1788500791690] MA: session ended kind=TRANSPORT_CLOSED retryable=true
[1788500792168] MA: session ended kind=TRANSPORT_CLOSED retryable=true
[1788500792744] MA: session ended kind=TRANSPORT_CLOSED retryable=true
[1788500793251] MA: session ended kind=TRANSPORT_CLOSED retryable=true
[1788500793841] MA: session ended kind=TRANSPORT_CLOSED retryable=true
[1788500794443] MA: session ended kind=TRANSPORT_CLOSED retryable=true
[1788500795022] MA: session ended kind=TRANSPORT_CLOSED retryable=true
[1788500795508] MA: session ended kind=TRANSPORT_CLOSED retryable=true
[1788500795980] MA: session ended kind=TRANSPORT_CLOSED retryable=true
[1788500796623] MA: session ended kind=TRANSPORT_CLOSED retryable=true
[1788500797244] MA: session ended kind=TRANSPORT_CLOSED retryable=true
[1788500797754] MA: session ended kind=TRANSPORT_CLOSED retryable=true
[1788500798344] MA: session ended kind=TRANSPORT_CLOSED retryable=true
[1788500798912] MA: session ended kind=TRANSPORT_CLOSED retryable=true
[1788500799373] MA: session ended kind=TRANSPORT_CLOSED retryable=true
[1788500799857] MA: session ended kind=TRANSPORT_CLOSED retryable=true
[1788500800437] MA: session ended kind=TRANSPORT_CLOSED retryable=true
[1788500800883] MA: session ended kind=TRANSPORT_CLOSED retryable=true
[1788500801413] MA: session ended kind=TRANSPORT_CLOSED retryable=true
[1788500801934] MA: session ended kind=TRANSPORT_CLOSED retryable=true
[1788500802377] MA: session ended kind=TRANSPORT_CLOSED retryable=true
[1788500802943] MA: session ended kind=TRANSPORT_CLOSED retryable=true
[1788500803522] MA: session ended kind=TRANSPORT_CLOSED retryable=true
[1788500804079] MA: session ended kind=TRANSPORT_CLOSED retryable=true
[1788500804516] MA: session ended kind=TRANSPORT_CLOSED retryable=true
[1788500805083] MA: session ended kind=TRANSPORT_CLOSED retryable=true
[1788500805639] MA: session ended kind=TRANSPORT_CLOSED retryable=true
[1788500806092] MA: session ended kind=TRANSPORT_CLOSED retryable=true
[1788500806565] MA: session ended kind=TRANSPORT_CLOSED retryable=true
[1788500807010] MA: session ended kind=TRANSPORT_CLOSED retryable=true
[1788500807526] MA: session ended kind=TRANSPORT_CLOSED retryable=true
[1788500808071] MA: session ended kind=TRANSPORT_CLOSED retryable=true
[1788500808708] MA: session ended kind=TRANSPORT_CLOSED retryable=true
[1788500809256] MA: session ended kind=TRANSPORT_CLOSED retryable=true
[1788500809863] MA: session ended kind=TRANSPORT_CLOSED retryable=true
[1788500810417] MA: session ended kind=TRANSPORT_CLOSED retryable=true
[1788500810992] MA: session ended kind=TRANSPORT_CLOSED retryable=true
[1788500811528] MA: session ended kind=TRANSPORT_CLOSED retryable=true
[1788500811961] MA: session ended kind=TRANSPORT_CLOSED retryable=true
[1788500812435] MA: session ended kind=TRANSPORT_CLOSED retryable=true
[1788500813015] MA: session ended kind=TRANSPORT_CLOSED retryable=true
[1788500813467] MA: session ended kind=TRANSPORT_CLOSED retryable=true
[1788500814012] MA: session ended kind=TRANSPORT_CLOSED retryable=true
[1788500814504] MA: session ended kind=TRANSPORT_CLOSED retryable=true
[1788500814940] MA: session ended kind=TRANSPORT_CLOSED retryable=true
[1788500815369] MA: session ended kind=TRANSPORT_CLOSED retryable=true
[1788500815804] MA: session ended kind=TRANSPORT_CLOSED retryable=true
[1788500816388] MA: session ended kind=TRANSPORT_CLOSED retryable=true
[1788500816947] MA: session ended kind=TRANSPORT_CLOSED retryable=true
[1788500817467] MA: session ended kind=TRANSPORT_CLOSED retryable=true
[1788500817942] MA: session ended kind=TRANSPORT_CLOSED retryable=true
[1788500818545] MA: session ended kind=TRANSPORT_CLOSED retryable=true
[1788500819084] MA: session ended kind=TRANSPORT_CLOSED retryable=true
[1788500819555] MA: session ended kind=TRANSPORT_CLOSED retryable=true
[1788500820116] MA: session ended kind=TRANSPORT_CLOSED retryable=true
[1788500820632] MA: session ended kind=TRANSPORT_CLOSED retryable=true
[1788500821097] MA: session ended kind=TRANSPORT_CLOSED retryable=true
[1788500821700] MA: session ended kind=TRANSPORT_CLOSED retryable=true
[1788500822212] MA: session ended kind=TRANSPORT_CLOSED retryable=true
[1788500822718] MA: session ended kind=TRANSPORT_CLOSED retryable=true
[1788500823292] MA: session ended kind=TRANSPORT_CLOSED retryable=true
[1788500823839] MA: session ended kind=TRANSPORT_CLOSED retryable=true
[1788500824324] MA: session ended kind=TRANSPORT_CLOSED retryable=true
[1788500824792] MA: session ended kind=TRANSPORT_CLOSED retryable=true
[1788500825243] MA: session ended kind=TRANSPORT_CLOSED retryable=true
[1788500825797] MA: session ended kind=TRANSPORT_CLOSED retryable=true
[1788500826400] MA: session ended kind=TRANSPORT_CLOSED retryable=true
[1788500826992] MA: session ended kind=TRANSPORT_CLOSED retryable=true
[1788500827477] MA: session ended kind=TRANSPORT_CLOSED retryable=true
[1788500827920] MA: session ended kind=TRANSPORT_CLOSED retryable=true
[1788500828368] MA: session ended kind=TRANSPORT_CLOSED retryable=true
[1788500828976] MA: session ended kind=TRANSPORT_CLOSED retryable=true
[1788500829466] MA: session ended kind=TRANSPORT_CLOSED retryable=true
[1788500829928] MA: session ended kind=TRANSPORT_CLOSED retryable=true
[1788500830389] MA: session ended kind=TRANSPORT_CLOSED retryable=true
[1788500830989] MA: session ended kind=TRANSPORT_CLOSED retryable=true
[1788500831528] MA: session ended kind=TRANSPORT_CLOSED retryable=true
[1788500832133] MA: session ended kind=TRANSPORT_CLOSED retryable=true
[1788500832640] MA: session ended kind=TRANSPORT_CLOSED retryable=true
[1788500833192] MA: session ended kind=TRANSPORT_CLOSED retryable=true
[1788500833676] MA: session ended kind=TRANSPORT_CLOSED retryable=true
[1788500834113] MA: session ended kind=TRANSPORT_CLOSED retryable=true
[1788500834587] MA: session ended kind=TRANSPORT_CLOSED retryable=true
[1788500835122] MA: session ended kind=TRANSPORT_CLOSED retryable=true
[1788500835627] MA: session ended kind=TRANSPORT_CLOSED retryable=true
[1788500836247] MA: session ended kind=TRANSPORT_CLOSED retryable=true
[1788500836844] MA: session ended kind=TRANSPORT_CLOSED retryable=true
[1788500837280] MA: session ended kind=TRANSPORT_CLOSED retryable=true
[1788500837886] MA: session ended kind=TRANSPORT_CLOSED retryable=true
[1788500838489] MA: session ended kind=TRANSPORT_CLOSED retryable=true
[1788500839007] MA: session ended kind=TRANSPORT_CLOSED retryable=true
[1788500839469] MA: session ended kind=TRANSPORT_CLOSED retryable=true
[1788500839971] MA: session ended kind=TRANSPORT_CLOSED retryable=true
[1788500840494] MA: session ended kind=TRANSPORT_CLOSED retryable=true
[1788500841009] MA: session ended kind=TRANSPORT_CLOSED retryable=true
[1788500841523] MA: session ended kind=TRANSPORT_CLOSED retryable=true
[1788500842138] MA: session ended kind=TRANSPORT_CLOSED retryable=true
[1788500842696] MA: session ended kind=TRANSPORT_CLOSED retryable=true
[1788500843140] MA: session ended kind=TRANSPORT_CLOSED retryable=true
[1788500843634] MA: session ended kind=TRANSPORT_CLOSED retryable=true
[1788500844235] MA: session ended kind=TRANSPORT_CLOSED retryable=true
[1788500844760] MA: session ended kind=TRANSPORT_CLOSED retryable=true
[1788500845371] MA: session ended kind=TRANSPORT_CLOSED retryable=true
[1788500845959] MA: session ended kind=TRANSPORT_CLOSED retryable=true
[1788500846501] MA: session ended kind=TRANSPORT_CLOSED retryable=true
[1788500846956] MA: session ended kind=TRANSPORT_CLOSED retryable=true
[1788500847458] MA: session ended kind=TRANSPORT_CLOSED retryable=true
[1788500848008] MA: session ended kind=TRANSPORT_CLOSED retryable=true
[1788500848569] MA: session ended kind=TRANSPORT_CLOSED retryable=true
[1788500849002] MA: session ended kind=TRANSPORT_CLOSED retryable=true
[1788500849535] MA: session ended kind=TRANSPORT_CLOSED retryable=true
[1788500850002] MA: session ended kind=TRANSPORT_CLOSED retryable=true
[1788500850618] MA: session ended kind=TRANSPORT_CLOSED retryable=true
[1788500851220] MA: session ended kind=TRANSPORT_CLOSED retryable=true
[1788500851838] MA: session ended kind=TRANSPORT_CLOSED retryable=true
[1788500852362] MA: session ended kind=TRANSPORT_CLOSED retryable=true
[1788500852811] MA: session ended kind=TRANSPORT_CLOSED retryable=true
[1788500853314] MA: session ended kind=TRANSPORT_CLOSED retryable=true
[1788500853851] MA: session ended kind=TRANSPORT_CLOSED retryable=true
[1788500854356] MA: session ended kind=TRANSPORT_CLOSED retryable=true
[1788500854801] MA: session ended kind=TRANSPORT_CLOSED retryable=true
[1788500855369] MA: session ended kind=TRANSPORT_CLOSED retryable=true
[1788500855987] MA: session ended kind=TRANSPORT_CLOSED retryable=true
[1788500856411] MA: session ended kind=TRANSPORT_CLOSED retryable=true
[1788500856927] MA: session ended kind=TRANSPORT_CLOSED retryable=true
[1788500857418] MA: session ended kind=TRANSPORT_CLOSED retryable=true
[1788500857938] MA: session ended kind=TRANSPORT_CLOSED retryable=true
[1788500858543] MA: session ended kind=TRANSPORT_CLOSED retryable=true
[1788500859105] MA: session ended kind=TRANSPORT_CLOSED retryable=true
[1788500859664] MA: session ended kind=TRANSPORT_CLOSED retryable=true
[1788500860276] MA: session ended kind=TRANSPORT_CLOSED retryable=true
[1788500860822] MA: session ended kind=TRANSPORT_CLOSED retryable=true
[1788500861282] MA: session ended kind=TRANSPORT_CLOSED retryable=true
[1788500861782] MA: session ended kind=TRANSPORT_CLOSED retryable=true
[1788500862277] MA: session ended kind=TRANSPORT_CLOSED retryable=true
[1788500862895] MA: session ended kind=TRANSPORT_CLOSED retryable=true
[1788500863435] MA: session ended kind=TRANSPORT_CLOSED retryable=true
[1788500864036] MA: session ended kind=TRANSPORT_CLOSED retryable=true
[1788500864549] MA: session ended kind=TRANSPORT_CLOSED retryable=true
[1788500865009] MA: session ended kind=TRANSPORT_CLOSED retryable=true
[1788500865579] MA: session ended kind=TRANSPORT_CLOSED retryable=true
[1788500866155] MA: session ended kind=TRANSPORT_CLOSED retryable=true
[1788500866658] MA: session ended kind=TRANSPORT_CLOSED retryable=true
[1788500867222] MA: session ended kind=TRANSPORT_CLOSED retryable=true
[1788500867692] MA: session ended kind=TRANSPORT_CLOSED retryable=true
[1788500868243] MA: session ended kind=TRANSPORT_CLOSED retryable=true
[1788500868762] MA: session ended kind=TRANSPORT_CLOSED retryable=true
[1788500869198] MA: session ended kind=TRANSPORT_CLOSED retryable=true
[1788500869750] MA: session ended kind=TRANSPORT_CLOSED retryable=true
[1788500870178] MA: session ended kind=TRANSPORT_CLOSED retryable=true
[1788500870621] MA: session ended kind=TRANSPORT_CLOSED retryable=true
[1788500871138] MA: session ended kind=TRANSPORT_CLOSED retryable=true
[1788500871616] MA: session ended kind=TRANSPORT_CLOSED retryable=true
[1788500872098] MA: session ended kind=TRANSPORT_CLOSED retryable=true
[1788500872611] MA: session ended kind=TRANSPORT_CLOSED retryable=true
[1788500873152] MA: session ended kind=TRANSPORT_CLOSED retryable=true
[1788500873741] MA: session ended kind=TRANSPORT_CLOSED retryable=true
[1788500874315] MA: session ended kind=TRANSPORT_CLOSED retryable=true
[1788500874853] MA: session ended kind=TRANSPORT_CLOSED retryable=true
[1788500875492] MA: session ended kind=TRANSPORT_CLOSED retryable=true
[1788500876006] MA: session ended kind=TRANSPORT_CLOSED retryable=true
[1788500876562] MA: session ended kind=TRANSPORT_CLOSED retryable=true
[1788500877069] MA: session ended kind=TRANSPORT_CLOSED retryable=true
[1788500877548] MA: session ended kind=TRANSPORT_CLOSED retryable=true
[1788500878098] MA: session ended kind=TRANSPORT_CLOSED retryable=true
[1788500878663] MA: session ended kind=TRANSPORT_CLOSED retryable=true
[1788500879146] MA: session ended kind=TRANSPORT_CLOSED retryable=true
[1788500879727] MA: session ended kind=TRANSPORT_CLOSED retryable=true
[1788500880310] MA: session ended kind=TRANSPORT_CLOSED retryable=true
[1788500880933] MA: session ended kind=TRANSPORT_CLOSED retryable=true
[1788500881470] MA: session ended kind=TRANSPORT_CLOSED retryable=true
[1788500881947] MA: session ended kind=TRANSPORT_CLOSED retryable=true
[1788500882572] MA: session ended kind=TRANSPORT_CLOSED retryable=true
[1788500883144] MA: session ended kind=TRANSPORT_CLOSED retryable=true
[1788500883736] MA: session ended kind=TRANSPORT_CLOSED retryable=true
[1788500884164] MA: session ended kind=TRANSPORT_CLOSED retryable=true
[1788500884659] MA: session ended kind=TRANSPORT_CLOSED retryable=true
[1788500885116] MA: session ended kind=TRANSPORT_CLOSED retryable=true
[1788500885556] MA: session ended kind=TRANSPORT_CLOSED retryable=true
[1788500886059] MA: session ended kind=TRANSPORT_CLOSED retryable=true
[1788500886623] MA: session ended kind=TRANSPORT_CLOSED retryable=true
[1788500887093] MA: session ended kind=TRANSPORT_CLOSED retryable=true
[1788500887654] MA: session ended kind=TRANSPORT_CLOSED retryable=true
[1788500888211] MA: session ended kind=TRANSPORT_CLOSED retryable=true
[1788500888774] MA: session ended kind=TRANSPORT_CLOSED retryable=true
[1788500889383] MA: session ended kind=TRANSPORT_CLOSED retryable=true
[1788500889965] MA: session ended kind=TRANSPORT_CLOSED retryable=true
[1788500890419] MA: session ended kind=TRANSPORT_CLOSED retryable=true
[1788500890951] MA: session ended kind=TRANSPORT_CLOSED retryable=true
[1788500891419] MA: session ended kind=TRANSPORT_CLOSED retryable=true
[1788500891923] MA: session ended kind=TRANSPORT_CLOSED retryable=true
[1788500892398] MA: session ended kind=TRANSPORT_CLOSED retryable=true
[1788500892858] MA: session ended kind=TRANSPORT_CLOSED retryable=true
[1788500893315] MA: session ended kind=TRANSPORT_CLOSED retryable=true
[1788500893816] MA: session ended kind=TRANSPORT_CLOSED retryable=true
[1788500894300] MA: session ended kind=TRANSPORT_CLOSED retryable=true
[1788500894819] MA: session ended kind=TRANSPORT_CLOSED retryable=true
[1788500895435] MA: session ended kind=TRANSPORT_CLOSED retryable=true
[1788500895973] MA: session ended kind=TRANSPORT_CLOSED retryable=true
[1788500896389] MA: session ended kind=TRANSPORT_CLOSED retryable=true
[1788500896823] MA: session ended kind=TRANSPORT_CLOSED retryable=true
[1788500897326] MA: session ended kind=TRANSPORT_CLOSED retryable=true
[1788500897860] MA: session ended kind=TRANSPORT_CLOSED retryable=true
[1788500898386] MA: session ended kind=TRANSPORT_CLOSED retryable=true
[1788500898971] MA: session ended kind=TRANSPORT_CLOSED retryable=true
[1788500899563] MA: session ended kind=TRANSPORT_CLOSED retryable=true
[1788500900011] MA: session ended kind=TRANSPORT_CLOSED retryable=true
[1788500900460] MA: session ended kind=TRANSPORT_CLOSED retryable=true
[1788500900879] MA: session ended kind=TRANSPORT_CLOSED retryable=true
[1788500901352] MA: session ended kind=TRANSPORT_CLOSED retryable=true
[1788500901932] MA: session ended kind=TRANSPORT_CLOSED retryable=true
[1788500902404] MA: session ended kind=TRANSPORT_CLOSED retryable=true
[1788500902876] MA: session ended kind=TRANSPORT_CLOSED retryable=true
[1788500903310] MA: session ended kind=TRANSPORT_CLOSED retryable=true
[1788500903771] MA: session ended kind=TRANSPORT_CLOSED retryable=true
[1788500904412] MA: session ended kind=TRANSPORT_CLOSED retryable=true
[1788500904877] MA: session ended kind=TRANSPORT_CLOSED retryable=true
[1788500905435] MA: session ended kind=TRANSPORT_CLOSED retryable=true
[1788500905914] MA: session ended kind=TRANSPORT_CLOSED retryable=true
[1788500906490] MA: session ended kind=TRANSPORT_CLOSED retryable=true
[1788500907089] MA: session ended kind=TRANSPORT_CLOSED retryable=true
[1788500907661] MA: session ended kind=TRANSPORT_CLOSED retryable=true
[1788500908089] MA: session ended kind=TRANSPORT_CLOSED retryable=true
[1788500908700] MA: session ended kind=TRANSPORT_CLOSED retryable=true
[1788500909187] MA: session ended kind=TRANSPORT_CLOSED retryable=true
[1788500909780] MA: session ended kind=TRANSPORT_CLOSED retryable=true
[1788500910229] MA: session ended kind=TRANSPORT_CLOSED retryable=true
[1788500910789] MA: session ended kind=TRANSPORT_CLOSED retryable=true
[1788500911355] MA: session ended kind=TRANSPORT_CLOSED retryable=true
[1788500911958] MA: session ended kind=TRANSPORT_CLOSED retryable=true
[1788500912413] MA: session ended kind=TRANSPORT_CLOSED retryable=true
[1788500913003] MA: session ended kind=TRANSPORT_CLOSED retryable=true
[1788500913467] MA: session ended kind=TRANSPORT_CLOSED retryable=true
[1788500914091] MA: session ended kind=TRANSPORT_CLOSED retryable=true
[1788500914629] MA: session ended kind=TRANSPORT_CLOSED retryable=true
[1788500915126] MA: session ended kind=TRANSPORT_CLOSED retryable=true
[1788500915562] MA: session ended kind=TRANSPORT_CLOSED retryable=true
[1788500916099] MA: session ended kind=TRANSPORT_CLOSED retryable=true
[1788500916573] MA: session ended kind=TRANSPORT_CLOSED retryable=true
[1788500917042] MA: session ended kind=TRANSPORT_CLOSED retryable=true
[1788500917543] MA: session ended kind=TRANSPORT_CLOSED retryable=true
[1788500918017] MA: session ended kind=TRANSPORT_CLOSED retryable=true
[1788500918462] MA: session ended kind=TRANSPORT_CLOSED retryable=true
[1788500919067] MA: session ended kind=TRANSPORT_CLOSED retryable=true
[1788500919539] MA: session ended kind=TRANSPORT_CLOSED retryable=true
[1788500920045] MA: session ended kind=TRANSPORT_CLOSED retryable=true
[1788500920594] MA: session ended kind=TRANSPORT_CLOSED retryable=true
[1788500921172] MA: session ended kind=TRANSPORT_CLOSED retryable=true
[1788500921731] MA: session ended kind=TRANSPORT_CLOSED retryable=true
[1788500922207] MA: session ended kind=TRANSPORT_CLOSED retryable=true
[1788500922755] MA: session ended kind=TRANSPORT_CLOSED retryable=true
[1788500923183] MA: session ended kind=TRANSPORT_CLOSED retryable=true
[1788500923743] MA: session ended kind=TRANSPORT_CLOSED retryable=true
[1788500924201] MA: session ended kind=TRANSPORT_CLOSED retryable=true
[1788500924709] MA: session ended kind=TRANSPORT_CLOSED retryable=true
[1788500925211] MA: session ended kind=TRANSPORT_CLOSED retryable=true
[1788500925739] MA: session ended kind=TRANSPORT_CLOSED retryable=true
[1788500926346] MA: session ended kind=TRANSPORT_CLOSED retryable=true
[1788500926945] MA: session ended kind=TRANSPORT_CLOSED retryable=true
[1788500927587] MA: session ended kind=TRANSPORT_CLOSED retryable=true
[1788500928059] MA: session ended kind=TRANSPORT_CLOSED retryable=true
[1788500928564] MA: session ended kind=TRANSPORT_CLOSED retryable=true
[1788500929027] MA: session ended kind=TRANSPORT_CLOSED retryable=true
[1788500929567] MA: session ended kind=TRANSPORT_CLOSED retryable=true
[1788500930177] MA: session ended kind=TRANSPORT_CLOSED retryable=true
[1788500930663] MA: session ended kind=TRANSPORT_CLOSED retryable=true
[1788500931162] MA: session ended kind=TRANSPORT_CLOSED retryable=true
[1788500931653] MA: session ended kind=TRANSPORT_CLOSED retryable=true
[1788500932092] MA: session ended kind=TRANSPORT_CLOSED retryable=true
[1788500932564] MA: session ended kind=TRANSPORT_CLOSED retryable=true
[1788500933162] MA: session ended kind=TRANSPORT_CLOSED retryable=true
[1788500933711] MA: session ended kind=TRANSPORT_CLOSED retryable=true
[1788500934191] MA: session ended kind=TRANSPORT_CLOSED retryable=true
[1788500934782] MA: session ended kind=TRANSPORT_CLOSED retryable=true
[1788500935387] MA: session ended kind=TRANSPORT_CLOSED retryable=true
[1788500935875] MA: session ended kind=TRANSPORT_CLOSED retryable=true
[1788500936461] MA: session ended kind=TRANSPORT_CLOSED retryable=true
[1788500936908] MA: session ended kind=TRANSPORT_CLOSED retryable=true
[1788500937516] MA: session ended kind=TRANSPORT_CLOSED retryable=true
[1788500938110] MA: session ended kind=TRANSPORT_CLOSED retryable=true
[1788500938559] MA: session ended kind=TRANSPORT_CLOSED retryable=true
[1788500939015] MA: session ended kind=TRANSPORT_CLOSED retryable=true
[1788500939521] MA: session ended kind=TRANSPORT_CLOSED retryable=true
[1788500940043] MA: session ended kind=TRANSPORT_CLOSED retryable=true
[1788500940661] MA: session ended kind=TRANSPORT_CLOSED retryable=true
[1788500941229] MA: session ended kind=TRANSPORT_CLOSED retryable=true
[1788500941832] MA: session ended kind=TRANSPORT_CLOSED retryable=true
[1788500942354] MA: session ended kind=TRANSPORT_CLOSED retryable=true
[1788500942975] MA: session ended kind=TRANSPORT_CLOSED retryable=true
[1788500943587] MA: session ended kind=TRANSPORT_CLOSED retryable=true
[1788500944016] MA: session ended kind=TRANSPORT_CLOSED retryable=true
[1788500944582] MA: session ended kind=TRANSPORT_CLOSED retryable=true
[1788500945156] MA: session ended kind=TRANSPORT_CLOSED retryable=true
[1788500945756] MA: session ended kind=TRANSPORT_CLOSED retryable=true
[1788500946215] MA: session ended kind=TRANSPORT_CLOSED retryable=true
[1788500946683] MA: session ended kind=TRANSPORT_CLOSED retryable=true
[1788500947146] MA: session ended kind=TRANSPORT_CLOSED retryable=true
[1788500947668] MA: session ended kind=TRANSPORT_CLOSED retryable=true
[1788500948222] MA: session ended kind=TRANSPORT_CLOSED retryable=true
[1788500948696] MA: session ended kind=TRANSPORT_CLOSED retryable=true
[1788500949328] MA: session ended kind=TRANSPORT_CLOSED retryable=true
[1788500949845] MA: session ended kind=TRANSPORT_CLOSED retryable=true
[1788500950342] MA: session ended kind=TRANSPORT_CLOSED retryable=true
[1788500950887] MA: session ended kind=TRANSPORT_CLOSED retryable=true
[1788500951328] MA: session ended kind=TRANSPORT_CLOSED retryable=true
[1788500951883] MA: session ended kind=TRANSPORT_CLOSED retryable=true
[1788500952436] MA: session ended kind=TRANSPORT_CLOSED retryable=true
[1788500952983] MA: session ended kind=TRANSPORT_CLOSED retryable=true
[1788500953459] MA: session ended kind=TRANSPORT_CLOSED retryable=true
[1788500954061] MA: session ended kind=TRANSPORT_CLOSED retryable=true
[1788500954539] MA: session ended kind=TRANSPORT_CLOSED retryable=true
[1788500955051] MA: session ended kind=TRANSPORT_CLOSED retryable=true
[1788500955651] MA: session ended kind=TRANSPORT_CLOSED retryable=true
[1788500956083] MA: session ended kind=TRANSPORT_CLOSED retryable=true
[1788500956606] MA: session ended kind=TRANSPORT_CLOSED retryable=true
[1788500957274] MA: session ended kind=TRANSPORT_CLOSED retryable=true
[1788500957747] MA: session ended kind=TRANSPORT_CLOSED retryable=true
[1788500958294] MA: session ended kind=TRANSPORT_CLOSED retryable=true
[1788500958813] MA: session ended kind=TRANSPORT_CLOSED retryable=true
[1788500959379] MA: session ended kind=TRANSPORT_CLOSED retryable=true
[1788500959884] MA: session ended kind=TRANSPORT_CLOSED retryable=true
[1788500960403] MA: session ended kind=TRANSPORT_CLOSED retryable=true
[1788500960956] MA: session ended kind=TRANSPORT_CLOSED retryable=true
[1788500961558] MA: session ended kind=TRANSPORT_CLOSED retryable=true
[1788500962094] MA: session ended kind=TRANSPORT_CLOSED retryable=true
[1788500962553] MA: session ended kind=TRANSPORT_CLOSED retryable=true
[1788500963130] MA: session ended kind=TRANSPORT_CLOSED retryable=true
[1788500963746] MA: session ended kind=TRANSPORT_CLOSED retryable=true
[1788500964169] MA: session ended kind=TRANSPORT_CLOSED retryable=true
[1788500964779] MA: session ended kind=TRANSPORT_CLOSED retryable=true
[1788500965217] MA: session ended kind=TRANSPORT_CLOSED retryable=true
[1788500965808] MA: session ended kind=TRANSPORT_CLOSED retryable=true
[1788500966321] MA: session ended kind=TRANSPORT_CLOSED retryable=true
[1788500966924] MA: session ended kind=TRANSPORT_CLOSED retryable=true
[1788500967515] MA: session ended kind=TRANSPORT_CLOSED retryable=true
[1788500968012] MA: session ended kind=TRANSPORT_CLOSED retryable=true
[1788500968494] MA: session ended kind=TRANSPORT_CLOSED retryable=true
[1788500969041] MA: session ended kind=TRANSPORT_CLOSED retryable=true
[1788500969602] MA: session ended kind=TRANSPORT_CLOSED retryable=true
[1788500970118] MA: session ended kind=TRANSPORT_CLOSED retryable=true
[1788500970617] MA: session ended kind=TRANSPORT_CLOSED retryable=true
[1788500971229] MA: session ended kind=TRANSPORT_CLOSED retryable=true
[1788500971711] MA: session ended kind=TRANSPORT_CLOSED retryable=true
[1788500972259] MA: session ended kind=TRANSPORT_CLOSED retryable=true
[1788500972796] MA: session ended kind=TRANSPORT_CLOSED retryable=true
[1788500973393] MA: session ended kind=TRANSPORT_CLOSED retryable=true
[1788500973939] MA: session ended kind=TRANSPORT_CLOSED retryable=true
[1788500974541] MA: session ended kind=TRANSPORT_CLOSED retryable=true
[1788500974994] MA: session ended kind=TRANSPORT_CLOSED retryable=true
[1788500975555] MA: session ended kind=TRANSPORT_CLOSED retryable=true
[1788500976133] MA: session ended kind=TRANSPORT_CLOSED retryable=true
[1788500976628] MA: session ended kind=TRANSPORT_CLOSED retryable=true
[1788500977134] MA: session ended kind=TRANSPORT_CLOSED retryable=true
[1788500977710] MA: session ended kind=TRANSPORT_CLOSED retryable=true
[1788500978323] MA: session ended kind=TRANSPORT_CLOSED retryable=true
[1788500978898] MA: session ended kind=TRANSPORT_CLOSED retryable=true
[1788500979367] MA: session ended kind=TRANSPORT_CLOSED retryable=true
[1788500979954] MA: session ended kind=TRANSPORT_CLOSED retryable=true
[1788500980561] MA: session ended kind=TRANSPORT_CLOSED retryable=true
[1788500981152] MA: session ended kind=TRANSPORT_CLOSED retryable=true
[1788500981624] MA: session ended kind=TRANSPORT_CLOSED retryable=true
[1788500982100] MA: session ended kind=TRANSPORT_CLOSED retryable=true
[1788500982643] MA: session ended kind=TRANSPORT_CLOSED retryable=true
[1788500983077] MA: session ended kind=TRANSPORT_CLOSED retryable=true
[1788500983607] MA: session ended kind=TRANSPORT_CLOSED retryable=true
[1788500984172] MA: session ended kind=TRANSPORT_CLOSED retryable=true
[1788500984791] MA: session ended kind=TRANSPORT_CLOSED retryable=true
[1788500985338] MA: session ended kind=TRANSPORT_CLOSED retryable=true
[1788500985764] MA: session ended kind=TRANSPORT_CLOSED retryable=true
[1788500986251] MA: session ended kind=TRANSPORT_CLOSED retryable=true
[1788500986715] MA: session ended kind=TRANSPORT_CLOSED retryable=true
[1788500987260] MA: session ended kind=TRANSPORT_CLOSED retryable=true
[1788500987802] MA: session ended kind=TRANSPORT_CLOSED retryable=true
[1788500988315] MA: session ended kind=TRANSPORT_CLOSED retryable=true
[1788500988813] MA: session ended kind=TRANSPORT_CLOSED retryable=true
[1788500989259] MA: session ended kind=TRANSPORT_CLOSED retryable=true
[1788500989755] MA: session ended kind=TRANSPORT_CLOSED retryable=true
[1788500990276] MA: session ended kind=TRANSPORT_CLOSED retryable=true
[1788500990746] MA: session ended kind=TRANSPORT_CLOSED retryable=true
[1788500991246] MA: session ended kind=TRANSPORT_CLOSED retryable=true
[1788500991708] MA: session ended kind=TRANSPORT_CLOSED retryable=true
[1788500992324] MA: session ended kind=TRANSPORT_CLOSED retryable=true
[1788500992929] MA: session ended kind=TRANSPORT_CLOSED retryable=true
[1788500993491] MA: session ended kind=TRANSPORT_CLOSED retryable=true
[1788500994071] MA: session ended kind=TRANSPORT_CLOSED retryable=true
[1788500994612] MA: session ended kind=TRANSPORT_CLOSED retryable=true
[1788500995114] MA: session ended kind=TRANSPORT_CLOSED retryable=true
[1788500995617] MA: session ended kind=TRANSPORT_CLOSED retryable=true
[1788500996066] MA: session ended kind=TRANSPORT_CLOSED retryable=true
[1788500996570] MA: session ended kind=TRANSPORT_CLOSED retryable=true
[1788500997093] MA: session ended kind=TRANSPORT_CLOSED retryable=true
[1788500997584] MA: session ended kind=TRANSPORT_CLOSED retryable=true
[1788500998070] MA: session ended kind=TRANSPORT_CLOSED retryable=true
[1788500998602] MA: session ended kind=TRANSPORT_CLOSED retryable=true
[1788500999062] MA: session ended kind=TRANSPORT_CLOSED retryable=true
[1788500999523] MA: session ended kind=TRANSPORT_CLOSED retryable=true
[1788500999956] MA: session ended kind=TRANSPORT_CLOSED retryable=true
[1788501000572] MA: session ended kind=TRANSPORT_CLOSED retryable=true
[1788501001063] MA: session ended kind=TRANSPORT_CLOSED retryable=true
[1788501001561] MA: session ended kind=TRANSPORT_CLOSED retryable=true
[1788501002019] MA: session ended kind=TRANSPORT_CLOSED retryable=true
[1788501002478] MA: session ended kind=TRANSPORT_CLOSED retryable=true
[1788501003027] MA: session ended kind=TRANSPORT_CLOSED retryable=true
[1788501003594] MA: session ended kind=TRANSPORT_CLOSED retryable=true
[1788501004214] MA: session ended kind=TRANSPORT_CLOSED retryable=true
[1788501004739] MA: session ended kind=TRANSPORT_CLOSED retryable=true
[1788501005297] MA: session ended kind=TRANSPORT_CLOSED retryable=true
[1788501005775] MA: session ended kind=TRANSPORT_CLOSED retryable=true
[1788501006376] MA: session ended kind=TRANSPORT_CLOSED retryable=true
[1788501006931] MA: session ended kind=TRANSPORT_CLOSED retryable=true
[1788501007547] MA: session ended kind=TRANSPORT_CLOSED retryable=true
[1788501008139] MA: session ended kind=TRANSPORT_CLOSED retryable=true
[1788501008635] MA: session ended kind=TRANSPORT_CLOSED retryable=true
[1788501009116] MA: session ended kind=TRANSPORT_CLOSED retryable=true
[1788501009762] MA: session ended kind=TRANSPORT_CLOSED retryable=true
[1788501010184] MA: session ended kind=TRANSPORT_CLOSED retryable=true
[1788501010622] MA: session ended kind=TRANSPORT_CLOSED retryable=true
[1788501011218] MA: session ended kind=TRANSPORT_CLOSED retryable=true
[1788501011668] MA: session ended kind=TRANSPORT_CLOSED retryable=true
[1788501012168] MA: session ended kind=TRANSPORT_CLOSED retryable=true
[1788501012635] MA: session ended kind=TRANSPORT_CLOSED retryable=true
[1788501013128] MA: session ended kind=TRANSPORT_CLOSED retryable=true
[1788501013719] MA: session ended kind=TRANSPORT_CLOSED retryable=true
[1788501014261] MA: session ended kind=TRANSPORT_CLOSED retryable=true
[1788501014702] MA: session ended kind=TRANSPORT_CLOSED retryable=true
[1788501015300] MA: session ended kind=TRANSPORT_CLOSED retryable=true
[1788501015747] MA: session ended kind=TRANSPORT_CLOSED retryable=true
[1788501016275] MA: session ended kind=TRANSPORT_CLOSED retryable=true
[1788501016739] MA: session ended kind=TRANSPORT_CLOSED retryable=true
[1788501017267] MA: session ended kind=TRANSPORT_CLOSED retryable=true
[1788501017723] MA: session ended kind=TRANSPORT_CLOSED retryable=true
[1788501018307] MA: session ended kind=TRANSPORT_CLOSED retryable=true
[1788501018895] MA: session ended kind=TRANSPORT_CLOSED retryable=true
[1788501019351] MA: session ended kind=TRANSPORT_CLOSED retryable=true
[1788501019889] MA: session ended kind=TRANSPORT_CLOSED retryable=true
[1788501020518] MA: session ended kind=TRANSPORT_CLOSED retryable=true
[1788501021023] MA: session ended kind=TRANSPORT_CLOSED retryable=true
[1788501021499] MA: session ended kind=TRANSPORT_CLOSED retryable=true
[1788501022043] MA: session ended kind=TRANSPORT_CLOSED retryable=true
[1788501022476] MA: session ended kind=TRANSPORT_CLOSED retryable=true
[1788501023083] MA: session ended kind=TRANSPORT_CLOSED retryable=true
[1788501023622] MA: session ended kind=TRANSPORT_CLOSED retryable=true
[1788501024125] MA: session ended kind=TRANSPORT_CLOSED retryable=true
[1788501024626] MA: session ended kind=TRANSPORT_CLOSED retryable=true
[1788501025084] MA: session ended kind=TRANSPORT_CLOSED retryable=true
[1788501025538] MA: session ended kind=TRANSPORT_CLOSED retryable=true
[1788501026012] MA: session ended kind=TRANSPORT_CLOSED retryable=true
[1788501026522] MA: session ended kind=TRANSPORT_CLOSED retryable=true
[1788501027083] MA: session ended kind=TRANSPORT_CLOSED retryable=true
[1788501027688] MA: session ended kind=TRANSPORT_CLOSED retryable=true
[1788501028244] MA: session ended kind=TRANSPORT_CLOSED retryable=true
[1788501028819] MA: session ended kind=TRANSPORT_CLOSED retryable=true
[1788501029369] MA: session ended kind=TRANSPORT_CLOSED retryable=true
[1788501029948] MA: session ended kind=TRANSPORT_CLOSED retryable=true
[1788501030452] MA: session ended kind=TRANSPORT_CLOSED retryable=true
[1788501030980] MA: session ended kind=TRANSPORT_CLOSED retryable=true
[1788501031492] MA: session ended kind=TRANSPORT_CLOSED retryable=true
[1788501032027] MA: session ended kind=TRANSPORT_CLOSED retryable=true
[1788501032543] MA: session ended kind=TRANSPORT_CLOSED retryable=true
[1788501032980] MA: session ended kind=TRANSPORT_CLOSED retryable=true
[1788501033449] MA: session ended kind=TRANSPORT_CLOSED retryable=true
[1788501033997] MA: session ended kind=TRANSPORT_CLOSED retryable=true
[1788501034589] MA: session ended kind=TRANSPORT_CLOSED retryable=true
[1788501035042] MA: session ended kind=TRANSPORT_CLOSED retryable=true
[1788501035503] MA: session ended kind=TRANSPORT_CLOSED retryable=true
[1788501035997] MA: session ended kind=TRANSPORT_CLOSED retryable=true
[1788501036523] MA: session ended kind=TRANSPORT_CLOSED retryable=true
[1788501037060] MA: session ended kind=TRANSPORT_CLOSED retryable=true
[1788501037488] MA: session ended kind=TRANSPORT_CLOSED retryable=true
[1788501037939] MA: session ended kind=TRANSPORT_CLOSED retryable=true
[1788501038491] MA: session ended kind=TRANSPORT_CLOSED retryable=true
[1788501039085] MA: session ended kind=TRANSPORT_CLOSED retryable=true
[1788501039703] MA: session ended kind=TRANSPORT_CLOSED retryable=true
[1788501040243] MA: session ended kind=TRANSPORT_CLOSED retryable=true
[1788501040765] MA: session ended kind=TRANSPORT_CLOSED retryable=true
[1788501041228] MA: session ended kind=TRANSPORT_CLOSED retryable=true
[1788501041689] MA: session ended kind=TRANSPORT_CLOSED retryable=true
[1788501042228] MA: session ended kind=TRANSPORT_CLOSED retryable=true
[1788501042771] MA: session ended kind=TRANSPORT_CLOSED retryable=true
[1788501043299] MA: session ended kind=TRANSPORT_CLOSED retryable=true
[1788501043835] MA: session ended kind=TRANSPORT_CLOSED retryable=true
[1788501044321] MA: session ended kind=TRANSPORT_CLOSED retryable=true
[1788501044930] MA: session ended kind=TRANSPORT_CLOSED retryable=true
[1788501045498] MA: session ended kind=TRANSPORT_CLOSED retryable=true
[1788501046056] MA: session ended kind=TRANSPORT_CLOSED retryable=true
[1788501046527] MA: session ended kind=TRANSPORT_CLOSED retryable=true
[1788501047020] MA: session ended kind=TRANSPORT_CLOSED retryable=true
[1788501047596] MA: session ended kind=TRANSPORT_CLOSED retryable=true
[1788501048042] MA: session ended kind=TRANSPORT_CLOSED retryable=true
[1788501048664] MA: session ended kind=TRANSPORT_CLOSED retryable=true
[1788501049175] MA: session ended kind=TRANSPORT_CLOSED retryable=true
[1788501049786] MA: session ended kind=TRANSPORT_CLOSED retryable=true
[1788501050233] MA: session ended kind=TRANSPORT_CLOSED retryable=true
[1788501050779] MA: session ended kind=TRANSPORT_CLOSED retryable=true
[1788501051357] MA: session ended kind=TRANSPORT_CLOSED retryable=true
[1788501051941] MA: session ended kind=TRANSPORT_CLOSED retryable=true
[1788501052550] MA: session ended kind=TRANSPORT_CLOSED retryable=true
[1788501053113] MA: session ended kind=TRANSPORT_CLOSED retryable=true
[1788501053717] MA: session ended kind=TRANSPORT_CLOSED retryable=true
[1788501054243] MA: session ended kind=TRANSPORT_CLOSED retryable=true
[1788501054803] MA: session ended kind=TRANSPORT_CLOSED retryable=true
[1788501055323] MA: session ended kind=TRANSPORT_CLOSED retryable=true
[1788501055963] MA: session ended kind=TRANSPORT_CLOSED retryable=true
[1788501056407] MA: session ended kind=TRANSPORT_CLOSED retryable=true
[1788501056885] MA: session ended kind=TRANSPORT_CLOSED retryable=true
[1788501057360] MA: session ended kind=TRANSPORT_CLOSED retryable=true
[1788501057791] MA: session ended kind=TRANSPORT_CLOSED retryable=true
[1788501058226] MA: session ended kind=TRANSPORT_CLOSED retryable=true
[1788501058756] MA: session ended kind=TRANSPORT_CLOSED retryable=true
[1788501059186] MA: session ended kind=TRANSPORT_CLOSED retryable=true
[1788501059687] MA: session ended kind=TRANSPORT_CLOSED retryable=true
[1788501060178] MA: session ended kind=TRANSPORT_CLOSED retryable=true
[1788501060663] MA: session ended kind=TRANSPORT_CLOSED retryable=true
[1788501061153] MA: session ended kind=TRANSPORT_CLOSED retryable=true
[1788501061750] MA: session ended kind=TRANSPORT_CLOSED retryable=true
[1788501062286] MA: session ended kind=TRANSPORT_CLOSED retryable=true
[1788501062759] MA: session ended kind=TRANSPORT_CLOSED retryable=true
[1788501063231] MA: session ended kind=TRANSPORT_CLOSED retryable=true
[1788501063772] MA: session ended kind=TRANSPORT_CLOSED retryable=true
[1788501064347] MA: session ended kind=TRANSPORT_CLOSED retryable=true
[1788501064837] MA: session ended kind=TRANSPORT_CLOSED retryable=true
[1788501065390] MA: session ended kind=TRANSPORT_CLOSED retryable=true
[1788501065892] MA: session ended kind=TRANSPORT_CLOSED retryable=true
[1788501066392] MA: session ended kind=TRANSPORT_CLOSED retryable=true
[1788501066903] MA: session ended kind=TRANSPORT_CLOSED retryable=true
[1788501067352] MA: session ended kind=TRANSPORT_CLOSED retryable=true
[1788501067947] MA: session ended kind=TRANSPORT_CLOSED retryable=true
[1788501068476] MA: session ended kind=TRANSPORT_CLOSED retryable=true
[1788501069043] MA: session ended kind=TRANSPORT_CLOSED retryable=true
[1788501069529] MA: session ended kind=TRANSPORT_CLOSED retryable=true
[1788501070095] MA: session ended kind=TRANSPORT_CLOSED retryable=true
[1788501070650] MA: session ended kind=TRANSPORT_CLOSED retryable=true
[1788501071137] MA: session ended kind=TRANSPORT_CLOSED retryable=true
[1788501071751] MA: session ended kind=TRANSPORT_CLOSED retryable=true
[1788501072198] MA: session ended kind=TRANSPORT_CLOSED retryable=true
[1788501072645] MA: session ended kind=TRANSPORT_CLOSED retryable=true
[1788501073078] MA: session ended kind=TRANSPORT_CLOSED retryable=true
[1788501073631] MA: session ended kind=TRANSPORT_CLOSED retryable=true
[1788501074199] MA: session ended kind=TRANSPORT_CLOSED retryable=true
[1788501074811] MA: session ended kind=TRANSPORT_CLOSED retryable=true
[1788501075363] MA: session ended kind=TRANSPORT_CLOSED retryable=true
[1788501075828] MA: session ended kind=TRANSPORT_CLOSED retryable=true
[1788501076376] MA: session ended kind=TRANSPORT_CLOSED retryable=true
[1788501076843] MA: session ended kind=TRANSPORT_CLOSED retryable=true
[1788501077405] MA: session ended kind=TRANSPORT_CLOSED retryable=true
[1788501077995] MA: session ended kind=TRANSPORT_CLOSED retryable=true
[1788501078493] MA: session ended kind=TRANSPORT_CLOSED retryable=true
[1788501078957] MA: session ended kind=TRANSPORT_CLOSED retryable=true
[1788501079475] MA: session ended kind=TRANSPORT_CLOSED retryable=true
[1788501080014] MA: session ended kind=TRANSPORT_CLOSED retryable=true
[1788501080586] MA: session ended kind=TRANSPORT_CLOSED retryable=true
[1788501081179] MA: session ended kind=TRANSPORT_CLOSED retryable=true
[1788501081661] MA: session ended kind=TRANSPORT_CLOSED retryable=true
[1788501082134] MA: session ended kind=TRANSPORT_CLOSED retryable=true
[1788501082563] MA: session ended kind=TRANSPORT_CLOSED retryable=true
[1788501083097] MA: session ended kind=TRANSPORT_CLOSED retryable=true
[1788501083537] MA: session ended kind=TRANSPORT_CLOSED retryable=true
[1788501084127] MA: session ended kind=TRANSPORT_CLOSED retryable=true
[1788501084627] MA: session ended kind=TRANSPORT_CLOSED retryable=true
[1788501085110] MA: session ended kind=TRANSPORT_CLOSED retryable=true
[1788501085533] MA: session ended kind=TRANSPORT_CLOSED retryable=true
[1788501086010] MA: session ended kind=TRANSPORT_CLOSED retryable=true
[1788501086476] MA: session ended kind=TRANSPORT_CLOSED retryable=true
[1788501086974] MA: session ended kind=TRANSPORT_CLOSED retryable=true
[1788501087526] MA: session ended kind=TRANSPORT_CLOSED retryable=true
[1788501088027] MA: session ended kind=TRANSPORT_CLOSED retryable=true
[1788501088492] MA: session ended kind=TRANSPORT_CLOSED retryable=true
[1788501088968] MA: session ended kind=TRANSPORT_CLOSED retryable=true
[1788501089573] MA: session ended kind=TRANSPORT_CLOSED retryable=true
[1788501090188] MA: session ended kind=TRANSPORT_CLOSED retryable=true
[1788501090736] MA: session ended kind=TRANSPORT_CLOSED retryable=true
[1788501091248] MA: session ended kind=TRANSPORT_CLOSED retryable=true
[1788501091740] MA: session ended kind=TRANSPORT_CLOSED retryable=true
[1788501092310] MA: session ended kind=TRANSPORT_CLOSED retryable=true
[1788501092835] MA: session ended kind=TRANSPORT_CLOSED retryable=true
[1788501093400] MA: session ended kind=TRANSPORT_CLOSED retryable=true
[1788501093956] MA: session ended kind=TRANSPORT_CLOSED retryable=true
[1788501094491] MA: session ended kind=TRANSPORT_CLOSED retryable=true
[1788501095076] MA: session ended kind=TRANSPORT_CLOSED retryable=true
[1788501095707] MA: session ended kind=TRANSPORT_CLOSED retryable=true
[1788501096237] MA: session ended kind=TRANSPORT_CLOSED retryable=true
[1788501096796] MA: session ended kind=TRANSPORT_CLOSED retryable=true
[1788501097377] MA: session ended kind=TRANSPORT_CLOSED retryable=true
[1788501097940] MA: session ended kind=TRANSPORT_CLOSED retryable=true
[1788501098496] MA: session ended kind=TRANSPORT_CLOSED retryable=true
[1788501099083] MA: session ended kind=TRANSPORT_CLOSED retryable=true
[1788501099578] MA: session ended kind=TRANSPORT_CLOSED retryable=true
[1788501100037] MA: session ended kind=TRANSPORT_CLOSED retryable=true
[1788501100535] MA: session ended kind=TRANSPORT_CLOSED retryable=true
[1788501101024] MA: session ended kind=TRANSPORT_CLOSED retryable=true
[1788501101466] MA: session ended kind=TRANSPORT_CLOSED retryable=true
[1788501101940] MA: session ended kind=TRANSPORT_CLOSED retryable=true
[1788501102490] MA: session ended kind=TRANSPORT_CLOSED retryable=true
[1788501102963] MA: session ended kind=TRANSPORT_CLOSED retryable=true
[1788501103580] MA: session ended kind=TRANSPORT_CLOSED retryable=true
[1788501104004] MA: session ended kind=TRANSPORT_CLOSED retryable=true
[1788501104618] MA: session ended kind=TRANSPORT_CLOSED retryable=true
[1788501105228] MA: session ended kind=TRANSPORT_CLOSED retryable=true
[1788501105740] MA: session ended kind=TRANSPORT_CLOSED retryable=true
[1788501106300] MA: session ended kind=TRANSPORT_CLOSED retryable=true
[1788501106899] MA: session ended kind=TRANSPORT_CLOSED retryable=true
[1788501107355] MA: session ended kind=TRANSPORT_CLOSED retryable=true
[1788501107864] MA: session ended kind=TRANSPORT_CLOSED retryable=true
[1788501108435] MA: session ended kind=TRANSPORT_CLOSED retryable=true
[1788501108956] MA: session ended kind=TRANSPORT_CLOSED retryable=true
[1788501109439] MA: session ended kind=TRANSPORT_CLOSED retryable=true
[1788501109985] MA: session ended kind=TRANSPORT_CLOSED retryable=true
[1788501110582] MA: session ended kind=TRANSPORT_CLOSED retryable=true
[1788501111130] MA: session ended kind=TRANSPORT_CLOSED retryable=true
[1788501111559] MA: session ended kind=TRANSPORT_CLOSED retryable=true
[1788501112081] MA: session ended kind=TRANSPORT_CLOSED retryable=true
[1788501112676] MA: session ended kind=TRANSPORT_CLOSED retryable=true
[1788501113120] MA: session ended kind=TRANSPORT_CLOSED retryable=true
[1788501113548] MA: session ended kind=TRANSPORT_CLOSED retryable=true
[1788501114083] MA: session ended kind=TRANSPORT_CLOSED retryable=true
[1788501114690] MA: session ended kind=TRANSPORT_CLOSED retryable=true
[1788501115196] MA: session ended kind=TRANSPORT_CLOSED retryable=true
[1788501115631] MA: session ended kind=TRANSPORT_CLOSED retryable=true
[1788501116183] MA: session ended kind=TRANSPORT_CLOSED retryable=true
[1788501116805] MA: session ended kind=TRANSPORT_CLOSED retryable=true
[1788501117402] MA: session ended kind=TRANSPORT_CLOSED retryable=true
[1788501117981] MA: session ended kind=TRANSPORT_CLOSED retryable=true
[1788501118568] MA: session ended kind=TRANSPORT_CLOSED retryable=true
[1788501119036] MA: session ended kind=TRANSPORT_CLOSED retryable=true
[1788501119589] MA: session ended kind=TRANSPORT_CLOSED retryable=true
[1788501120221] MA: session ended kind=TRANSPORT_CLOSED retryable=true
[1788501120651] MA: session ended kind=TRANSPORT_CLOSED retryable=true
[1788501121116] MA: session ended kind=TRANSPORT_CLOSED retryable=true
[1788501121682] MA: session ended kind=TRANSPORT_CLOSED retryable=true
[1788501122116] MA: session ended kind=TRANSPORT_CLOSED retryable=true
[1788501122651] MA: session ended kind=TRANSPORT_CLOSED retryable=true
[1788501123160] MA: session ended kind=TRANSPORT_CLOSED retryable=true
[1788501123724] MA: session ended kind=TRANSPORT_CLOSED retryable=true
[1788501124362] MA: session ended kind=TRANSPORT_CLOSED retryable=true
[1788501124853] MA: session ended kind=TRANSPORT_CLOSED retryable=true
[1788501125308] MA: session ended kind=TRANSPORT_CLOSED retryable=true
[1788501125770] MA: session ended kind=TRANSPORT_CLOSED retryable=true
[1788501126261] MA: session ended kind=TRANSPORT_CLOSED retryable=true
[1788501126734] MA: session ended kind=TRANSPORT_CLOSED retryable=true
[1788501127206] MA: session ended kind=TRANSPORT_CLOSED retryable=true
[1788501127848] MA: session ended kind=TRANSPORT_CLOSED retryable=true
[1788501128302] MA: session ended kind=TRANSPORT_CLOSED retryable=true
[1788501128785] MA: session ended kind=TRANSPORT_CLOSED retryable=true
[1788501129286] MA: session ended kind=TRANSPORT_CLOSED retryable=true
[1788501129907] MA: session ended kind=TRANSPORT_CLOSED retryable=true
[1788501130426] MA: session ended kind=TRANSPORT_CLOSED retryable=true
[1788501131011] MA: session ended kind=TRANSPORT_CLOSED retryable=true
[1788501131504] MA: session ended kind=TRANSPORT_CLOSED retryable=true
[1788501131944] MA: session ended kind=TRANSPORT_CLOSED retryable=true
[1788501132498] MA: session ended kind=TRANSPORT_CLOSED retryable=true
[1788501133068] MA: session ended kind=TRANSPORT_CLOSED retryable=true
[1788501133607] MA: session ended kind=TRANSPORT_CLOSED retryable=true
[1788501134041] MA: session ended kind=TRANSPORT_CLOSED retryable=true
[1788501134644] MA: session ended kind=TRANSPORT_CLOSED retryable=true
[1788501135189] MA: session ended kind=TRANSPORT_CLOSED retryable=true
[1788501135797] MA: session ended kind=TRANSPORT_CLOSED retryable=true
[1788501136316] MA: session ended kind=TRANSPORT_CLOSED retryable=true
[1788501136898] MA: session ended kind=TRANSPORT_CLOSED retryable=true
[1788501137386] MA: session ended kind=TRANSPORT_CLOSED retryable=true
[1788501137860] MA: session ended kind=TRANSPORT_CLOSED retryable=true
[1788501138383] MA: session ended kind=TRANSPORT_CLOSED retryable=true
[1788501138947] MA: session ended kind=TRANSPORT_CLOSED retryable=true
[1788501139452] MA: session ended kind=TRANSPORT_CLOSED retryable=true
[1788501140019] MA: session ended kind=TRANSPORT_CLOSED retryable=true
[1788501140543] MA: session ended kind=TRANSPORT_CLOSED retryable=true
[1788501140990] MA: session ended kind=TRANSPORT_CLOSED retryable=true
[1788501141548] MA: session ended kind=TRANSPORT_CLOSED retryable=true
[1788501142017] MA: session ended kind=TRANSPORT_CLOSED retryable=true
[1788501142593] MA: session ended kind=TRANSPORT_CLOSED retryable=true
[1788501143047] MA: session ended kind=TRANSPORT_CLOSED retryable=true
[1788501143503] MA: session ended kind=TRANSPORT_CLOSED retryable=true
[1788501144093] MA: session ended kind=TRANSPORT_CLOSED retryable=true
[1788501144613] MA: session ended kind=TRANSPORT_CLOSED retryable=true
[1788501145150] MA: session ended kind=TRANSPORT_CLOSED retryable=true
[1788501145770] MA: session ended kind=TRANSPORT_CLOSED retryable=true
[1788501146284] MA: session ended kind=TRANSPORT_CLOSED retryable=true
[1788501146765] MA: session ended kind=TRANSPORT_CLOSED retryable=true
[1788501147223] MA: session ended kind=TRANSPORT_CLOSED retryable=true
[1788501147868] MA: session ended kind=TRANSPORT_CLOSED retryable=true
[1788501148322] MA: session ended kind=TRANSPORT_CLOSED retryable=true
[1788501148919] MA: session ended kind=TRANSPORT_CLOSED retryable=true
[1788501149340] MA: session ended kind=TRANSPORT_CLOSED retryable=true
[1788501149916] MA: session ended kind=TRANSPORT_CLOSED retryable=true
[1788501150387] MA: session ended kind=TRANSPORT_CLOSED retryable=true
[1788501150936] MA: session ended kind=TRANSPORT_CLOSED retryable=true
[1788501151467] MA: session ended kind=TRANSPORT_CLOSED retryable=true
[1788501152022] MA: session ended kind=TRANSPORT_CLOSED retryable=true
[1788501152629] MA: session ended kind=TRANSPORT_CLOSED retryable=true
[1788501153129] MA: session ended kind=TRANSPORT_CLOSED retryable=true
[1788501153574] MA: session ended kind=TRANSPORT_CLOSED retryable=true
[1788501154060] MA: session ended kind=TRANSPORT_CLOSED retryable=true
[1788501154669] MA: session ended kind=TRANSPORT_CLOSED retryable=true
[1788501155307] MA: session ended kind=TRANSPORT_CLOSED retryable=true
[1788501155833] MA: session ended kind=TRANSPORT_CLOSED retryable=true
[1788501156272] MA: session ended kind=TRANSPORT_CLOSED retryable=true
[1788501156811] MA: session ended kind=TRANSPORT_CLOSED retryable=true
[1788501157413] MA: session ended kind=TRANSPORT_CLOSED retryable=true
[1788501158032] MA: session ended kind=TRANSPORT_CLOSED retryable=true
[1788501158644] MA: session ended kind=TRANSPORT_CLOSED retryable=true
[1788501159179] MA: session ended kind=TRANSPORT_CLOSED retryable=true
[1788501159764] MA: session ended kind=TRANSPORT_CLOSED retryable=true
[1788501160199] MA: session ended kind=TRANSPORT_CLOSED retryable=true
[1788501160769] MA: session ended kind=TRANSPORT_CLOSED retryable=true
[1788501161261] MA: session ended kind=TRANSPORT_CLOSED retryable=true
[1788501161694] MA: session ended kind=TRANSPORT_CLOSED retryable=true
[1788501162270] MA: session ended kind=TRANSPORT_CLOSED retryable=true
[1788501162761] MA: session ended kind=TRANSPORT_CLOSED retryable=true
[1788501163340] MA: session ended kind=TRANSPORT_CLOSED retryable=true
[1788501163794] MA: session ended kind=TRANSPORT_CLOSED retryable=true
[1788501164359] MA: session ended kind=TRANSPORT_CLOSED retryable=true
[1788501164807] MA: session ended kind=TRANSPORT_CLOSED retryable=true
[1788501165308] MA: session ended kind=TRANSPORT_CLOSED retryable=true
[1788501165853] MA: session ended kind=TRANSPORT_CLOSED retryable=true
[1788501166321] MA: session ended kind=TRANSPORT_CLOSED retryable=true
[1788501166959] MA: session ended kind=TRANSPORT_CLOSED retryable=true
[1788501167537] MA: session ended kind=TRANSPORT_CLOSED retryable=true
[1788501168117] MA: session ended kind=TRANSPORT_CLOSED retryable=true
[1788501168700] MA: session ended kind=TRANSPORT_CLOSED retryable=true
[1788501169226] MA: session ended kind=TRANSPORT_CLOSED retryable=true
[1788501169835] MA: session ended kind=TRANSPORT_CLOSED retryable=true
[1788501170278] MA: session ended kind=TRANSPORT_CLOSED retryable=true
[1788501170759] MA: session ended kind=TRANSPORT_CLOSED retryable=true
[1788501171369] MA: session ended kind=TRANSPORT_CLOSED retryable=true
[1788501171936] MA: session ended kind=TRANSPORT_CLOSED retryable=true
[1788501172502] MA: session ended kind=TRANSPORT_CLOSED retryable=true
[1788501172967] MA: session ended kind=TRANSPORT_CLOSED retryable=true
[1788501173394] MA: session ended kind=TRANSPORT_CLOSED retryable=true
[1788501173835] MA: session ended kind=TRANSPORT_CLOSED retryable=true
[1788501174434] MA: session ended kind=TRANSPORT_CLOSED retryable=true
[1788501174985] MA: session ended kind=TRANSPORT_CLOSED retryable=true
[1788501175410] MA: session ended kind=TRANSPORT_CLOSED retryable=true
[1788501175984] MA: session ended kind=TRANSPORT_CLOSED retryable=true
[1788501176515] MA: session ended kind=TRANSPORT_CLOSED retryable=true
[1788501177041] MA: session ended kind=TRANSPORT_CLOSED retryable=true
[1788501177561] MA: session ended kind=TRANSPORT_CLOSED retryable=true
[1788501178078] MA: session ended kind=TRANSPORT_CLOSED retryable=true
[1788501178554] MA: session ended kind=TRANSPORT_CLOSED retryable=true
[1788501179171] MA: session ended kind=TRANSPORT_CLOSED retryable=true
[1788501179743] MA: session ended kind=TRANSPORT_CLOSED retryable=true
[1788501180316] MA: session ended kind=TRANSPORT_CLOSED retryable=true
[1788501180794] MA: session ended kind=TRANSPORT_CLOSED retryable=true
[1788501181245] MA: session ended kind=TRANSPORT_CLOSED retryable=true
[1788501181790] MA: session ended kind=TRANSPORT_CLOSED retryable=true
[1788501182251] MA: session ended kind=TRANSPORT_CLOSED retryable=true
[1788501182676] MA: session ended kind=TRANSPORT_CLOSED retryable=true
[1788501183162] MA: session ended kind=TRANSPORT_CLOSED retryable=true
[1788501183742] MA: session ended kind=TRANSPORT_CLOSED retryable=true
[1788501184384] MA: session ended kind=TRANSPORT_CLOSED retryable=true
[1788501184955] MA: session ended kind=TRANSPORT_CLOSED retryable=true
[1788501185566] MA: session ended kind=TRANSPORT_CLOSED retryable=true
[1788501186028] MA: session ended kind=TRANSPORT_CLOSED retryable=true
[1788501186558] MA: session ended kind=TRANSPORT_CLOSED retryable=true
[1788501187152] MA: session ended kind=TRANSPORT_CLOSED retryable=true
[1788501187623] MA: session ended kind=TRANSPORT_CLOSED retryable=true
[1788501188188] MA: session ended kind=TRANSPORT_CLOSED retryable=true
[1788501188737] MA: session ended kind=TRANSPORT_CLOSED retryable=true
[1788501189290] MA: session ended kind=TRANSPORT_CLOSED retryable=true
[1788501189779] MA: session ended kind=TRANSPORT_CLOSED retryable=true
[1788501190274] MA: session ended kind=TRANSPORT_CLOSED retryable=true
[1788501190749] MA: session ended kind=TRANSPORT_CLOSED retryable=true
[1788501191352] MA: session ended kind=TRANSPORT_CLOSED retryable=true
[1788501191819] MA: session ended kind=TRANSPORT_CLOSED retryable=true
[1788501192331] MA: session ended kind=TRANSPORT_CLOSED retryable=true
[1788501192932] MA: session ended kind=TRANSPORT_CLOSED retryable=true
[1788501193482] MA: session ended kind=TRANSPORT_CLOSED retryable=true
[1788501193910] MA: session ended kind=TRANSPORT_CLOSED retryable=true
[1788501194438] MA: session ended kind=TRANSPORT_CLOSED retryable=true
[1788501194872] MA: session ended kind=TRANSPORT_CLOSED retryable=true
[1788501195312] MA: session ended kind=TRANSPORT_CLOSED retryable=true
[1788501195788] MA: session ended kind=TRANSPORT_CLOSED retryable=true
[1788501196238] MA: session ended kind=TRANSPORT_CLOSED retryable=true
[1788501196720] MA: session ended kind=TRANSPORT_CLOSED retryable=true
[1788501197270] MA: session ended kind=TRANSPORT_CLOSED retryable=true
[1788501197782] MA: session ended kind=TRANSPORT_CLOSED retryable=true
[1788501198207] MA: session ended kind=TRANSPORT_CLOSED retryable=true
[1788501198715] MA: session ended kind=TRANSPORT_CLOSED retryable=true
[1788501199208] MA: session ended kind=TRANSPORT_CLOSED retryable=true
[1788501199697] MA: session ended kind=TRANSPORT_CLOSED retryable=true
[1788501200173] MA: session ended kind=TRANSPORT_CLOSED retryable=true
[1788501200633] MA: session ended kind=TRANSPORT_CLOSED retryable=true
[1788501201055] MA: session ended kind=TRANSPORT_CLOSED retryable=true
[1788501201551] MA: session ended kind=TRANSPORT_CLOSED retryable=true
[1788501202030] MA: session ended kind=TRANSPORT_CLOSED retryable=true
[1788501202657] MA: session ended kind=TRANSPORT_CLOSED retryable=true
[1788501203151] MA: session ended kind=TRANSPORT_CLOSED retryable=true
[1788501203587] MA: session ended kind=TRANSPORT_CLOSED retryable=true
[1788501204032] MA: session ended kind=TRANSPORT_CLOSED retryable=true
[1788501204463] MA: session ended kind=TRANSPORT_CLOSED retryable=true
[1788501204904] MA: session ended kind=TRANSPORT_CLOSED retryable=true
[1788501205334] MA: session ended kind=TRANSPORT_CLOSED retryable=true
[1788501205950] MA: session ended kind=TRANSPORT_CLOSED retryable=true
[1788501206452] MA: session ended kind=TRANSPORT_CLOSED retryable=true
[1788501207032] MA: session ended kind=TRANSPORT_CLOSED retryable=true
[1788501207560] MA: session ended kind=TRANSPORT_CLOSED retryable=true
[1788501208016] MA: session ended kind=TRANSPORT_CLOSED retryable=true
[1788501208527] MA: session ended kind=TRANSPORT_CLOSED retryable=true
[1788501209043] MA: session ended kind=TRANSPORT_CLOSED retryable=true
[1788501209575] MA: session ended kind=TRANSPORT_CLOSED retryable=true
[1788501210034] MA: session ended kind=TRANSPORT_CLOSED retryable=true
[1788501210589] MA: session ended kind=TRANSPORT_CLOSED retryable=true
[1788501211008] MA: session ended kind=TRANSPORT_CLOSED retryable=true
[1788501211611] MA: session ended kind=TRANSPORT_CLOSED retryable=true
[1788501212116] MA: session ended kind=TRANSPORT_CLOSED retryable=true
[1788501212570] MA: session ended kind=TRANSPORT_CLOSED retryable=true
[1788501213139] MA: session ended kind=TRANSPORT_CLOSED retryable=true
[1788501213585] MA: session ended kind=TRANSPORT_CLOSED retryable=true
[1788501214163] MA: session ended kind=TRANSPORT_CLOSED retryable=true
[1788501214726] MA: session ended kind=TRANSPORT_CLOSED retryable=true
[1788501215320] MA: session ended kind=TRANSPORT_CLOSED retryable=true
[1788501215867] MA: session ended kind=TRANSPORT_CLOSED retryable=true
[1788501216411] MA: session ended kind=TRANSPORT_CLOSED retryable=true
[1788501216909] MA: session ended kind=TRANSPORT_CLOSED retryable=true
[1788501217332] MA: session ended kind=TRANSPORT_CLOSED retryable=true
[1788501217850] MA: session ended kind=TRANSPORT_CLOSED retryable=true
[1788501218352] MA: session ended kind=TRANSPORT_CLOSED retryable=true
[1788501218825] MA: session ended kind=TRANSPORT_CLOSED retryable=true
[1788501219268] MA: session ended kind=TRANSPORT_CLOSED retryable=true
[1788501219835] MA: session ended kind=TRANSPORT_CLOSED retryable=true
[1788501220447] MA: session ended kind=TRANSPORT_CLOSED retryable=true
[1788501221032] MA: session ended kind=TRANSPORT_CLOSED retryable=true
[1788501221598] MA: session ended kind=TRANSPORT_CLOSED retryable=true
[1788501222155] MA: session ended kind=TRANSPORT_CLOSED retryable=true
[1788501222743] MA: session ended kind=TRANSPORT_CLOSED retryable=true
[1788501223196] MA: session ended kind=TRANSPORT_CLOSED retryable=true
[1788501223723] MA: session ended kind=TRANSPORT_CLOSED retryable=true
[1788501224258] MA: session ended kind=TRANSPORT_CLOSED retryable=true
[1788501224727] MA: session ended kind=TRANSPORT_CLOSED retryable=true
[1788501225288] MA: session ended kind=TRANSPORT_CLOSED retryable=true
[1788501225849] MA: session ended kind=TRANSPORT_CLOSED retryable=true
[1788501226375] MA: session ended kind=TRANSPORT_CLOSED retryable=true
[1788501226963] MA: session ended kind=TRANSPORT_CLOSED retryable=true
[1788501227548] MA: session ended kind=TRANSPORT_CLOSED retryable=true
[1788501227971] MA: session ended kind=TRANSPORT_CLOSED retryable=true
[1788501228545] MA: session ended kind=TRANSPORT_CLOSED retryable=true
[1788501229171] MA: session ended kind=TRANSPORT_CLOSED retryable=true
[1788501229684] MA: session ended kind=TRANSPORT_CLOSED retryable=true
[1788501230212] MA: session ended kind=TRANSPORT_CLOSED retryable=true
[1788501230649] MA: session ended kind=TRANSPORT_CLOSED retryable=true
[1788501231194] MA: session ended kind=TRANSPORT_CLOSED retryable=true
[1788501231770] MA: session ended kind=TRANSPORT_CLOSED retryable=true
[1788501232203] MA: session ended kind=TRANSPORT_CLOSED retryable=true
[1788501232712] MA: session ended kind=TRANSPORT_CLOSED retryable=true
[1788501233185] MA: session ended kind=TRANSPORT_CLOSED retryable=true
[1788501233797] MA: session ended kind=TRANSPORT_CLOSED retryable=true
[1788501234380] MA: session ended kind=TRANSPORT_CLOSED retryable=true
[1788501234946] MA: session ended kind=TRANSPORT_CLOSED retryable=true
[1788501235463] MA: session ended kind=TRANSPORT_CLOSED retryable=true
[1788501236040] MA: session ended kind=TRANSPORT_CLOSED retryable=true
[1788501236537] MA: session ended kind=TRANSPORT_CLOSED retryable=true
[1788501237141] MA: session ended kind=TRANSPORT_CLOSED retryable=true
[1788501237723] MA: session ended kind=TRANSPORT_CLOSED retryable=true
[1788501238216] MA: session ended kind=TRANSPORT_CLOSED retryable=true
[1788501238723] MA: session ended kind=TRANSPORT_CLOSED retryable=true
[1788501239266] MA: session ended kind=TRANSPORT_CLOSED retryable=true
[1788501239742] MA: session ended kind=TRANSPORT_CLOSED retryable=true
[1788501240201] MA: session ended kind=TRANSPORT_CLOSED retryable=true
[1788501240824] MA: session ended kind=TRANSPORT_CLOSED retryable=true
[1788501241321] MA: session ended kind=TRANSPORT_CLOSED retryable=true
[1788501241868] MA: session ended kind=TRANSPORT_CLOSED retryable=true
[1788501242473] MA: session ended kind=TRANSPORT_CLOSED retryable=true
[1788501242989] MA: session ended kind=TRANSPORT_CLOSED retryable=true
[1788501243516] MA: session ended kind=TRANSPORT_CLOSED retryable=true
[1788501244134] MA: session ended kind=TRANSPORT_CLOSED retryable=true
[1788501244627] MA: session ended kind=TRANSPORT_CLOSED retryable=true
[1788501245058] MA: session ended kind=TRANSPORT_CLOSED retryable=true
[1788501245652] MA: session ended kind=TRANSPORT_CLOSED retryable=true
[1788501246239] MA: session ended kind=TRANSPORT_CLOSED retryable=true
[1788501246725] MA: session ended kind=TRANSPORT_CLOSED retryable=true
[1788501247310] MA: session ended kind=TRANSPORT_CLOSED retryable=true
[1788501247742] MA: session ended kind=TRANSPORT_CLOSED retryable=true
[1788501248244] MA: session ended kind=TRANSPORT_CLOSED retryable=true
[1788501248778] MA: session ended kind=TRANSPORT_CLOSED retryable=true
[1788501249327] MA: session ended kind=TRANSPORT_CLOSED retryable=true
[1788501249771] MA: session ended kind=TRANSPORT_CLOSED retryable=true
[1788501250260] MA: session ended kind=TRANSPORT_CLOSED retryable=true
[1788501250819] MA: session ended kind=TRANSPORT_CLOSED retryable=true
[1788501251340] MA: session ended kind=TRANSPORT_CLOSED retryable=true
[1788501251811] MA: session ended kind=TRANSPORT_CLOSED retryable=true
[1788501252448] MA: session ended kind=TRANSPORT_CLOSED retryable=true
[1788501252973] MA: session ended kind=TRANSPORT_CLOSED retryable=true
[1788501253570] MA: session ended kind=TRANSPORT_CLOSED retryable=true
[1788501254117] MA: session ended kind=TRANSPORT_CLOSED retryable=true
[1788501254675] MA: session ended kind=TRANSPORT_CLOSED retryable=true
[1788501255123] MA: session ended kind=TRANSPORT_CLOSED retryable=true
[1788501255639] MA: session ended kind=TRANSPORT_CLOSED retryable=true
[1788501256179] MA: session ended kind=TRANSPORT_CLOSED retryable=true
[1788501256732] MA: session ended kind=TRANSPORT_CLOSED retryable=true
[1788501257243] MA: session ended kind=TRANSPORT_CLOSED retryable=true
[1788501257727] MA: session ended kind=TRANSPORT_CLOSED retryable=true
[1788501258215] MA: session ended kind=TRANSPORT_CLOSED retryable=true
[1788501258825] MA: session ended kind=TRANSPORT_CLOSED retryable=true
[1788501259294] MA: session ended kind=TRANSPORT_CLOSED retryable=true
[1788501259762] MA: session ended kind=TRANSPORT_CLOSED retryable=true
[1788501260216] MA: session ended kind=TRANSPORT_CLOSED retryable=true
[1788501260791] MA: session ended kind=TRANSPORT_CLOSED retryable=true
[1788501261307] MA: session ended kind=TRANSPORT_CLOSED retryable=true
[1788501261766] MA: session ended kind=TRANSPORT_CLOSED retryable=true
[1788501262209] MA: session ended kind=TRANSPORT_CLOSED retryable=true
[1788501262753] MA: session ended kind=TRANSPORT_CLOSED retryable=true
[1788501263363] MA: session ended kind=TRANSPORT_CLOSED retryable=true
[1788501263898] MA: session ended kind=TRANSPORT_CLOSED retryable=true
[1788501264461] MA: session ended kind=TRANSPORT_CLOSED retryable=true
[1788501265100] MA: session ended kind=TRANSPORT_CLOSED retryable=true
[1788501265562] MA: session ended kind=TRANSPORT_CLOSED retryable=true
[1788501266046] MA: session ended kind=TRANSPORT_CLOSED retryable=true
[1788501266530] MA: session ended kind=TRANSPORT_CLOSED retryable=true
[1788501266962] MA: session ended kind=TRANSPORT_CLOSED retryable=true
[1788501267451] MA: session ended kind=TRANSPORT_CLOSED retryable=true
[1788501267944] MA: session ended kind=TRANSPORT_CLOSED retryable=true
[1788501268395] MA: session ended kind=TRANSPORT_CLOSED retryable=true
[1788501268898] MA: session ended kind=TRANSPORT_CLOSED retryable=true
[1788501269365] MA: session ended kind=TRANSPORT_CLOSED retryable=true
[1788501269825] MA: session ended kind=TRANSPORT_CLOSED retryable=true
[1788501270279] MA: session ended kind=TRANSPORT_CLOSED retryable=true
[1788501270889] MA: session ended kind=TRANSPORT_CLOSED retryable=true
[1788501271411] MA: session ended kind=TRANSPORT_CLOSED retryable=true
[1788501271838] MA: session ended kind=TRANSPORT_CLOSED retryable=true
[1788501272280] MA: session ended kind=TRANSPORT_CLOSED retryable=true
[1788501272770] MA: session ended kind=TRANSPORT_CLOSED retryable=true
[1788501273271] MA: session ended kind=TRANSPORT_CLOSED retryable=true
[1788501273722] MA: session ended kind=TRANSPORT_CLOSED retryable=true
[1788501274227] MA: session ended kind=TRANSPORT_CLOSED retryable=true
[1788501274811] MA: session ended kind=TRANSPORT_CLOSED retryable=true
[1788501275372] MA: session ended kind=TRANSPORT_CLOSED retryable=true
[1788501275919] MA: session ended kind=TRANSPORT_CLOSED retryable=true
[1788501276455] MA: session ended kind=TRANSPORT_CLOSED retryable=true
[1788501276961] MA: session ended kind=TRANSPORT_CLOSED retryable=true
[1788501277483] MA: session ended kind=TRANSPORT_CLOSED retryable=true
[1788501277988] MA: session ended kind=TRANSPORT_CLOSED retryable=true
[1788501278422] MA: session ended kind=TRANSPORT_CLOSED retryable=true
[1788501278987] MA: session ended kind=TRANSPORT_CLOSED retryable=true
[1788501279456] MA: session ended kind=TRANSPORT_CLOSED retryable=true
[1788501280092] MA: session ended kind=TRANSPORT_CLOSED retryable=true
[1788501280537] MA: session ended kind=TRANSPORT_CLOSED retryable=true
[1788501280980] MA: session ended kind=TRANSPORT_CLOSED retryable=true
[1788501281555] MA: session ended kind=TRANSPORT_CLOSED retryable=true
[1788501282135] MA: session ended kind=TRANSPORT_CLOSED retryable=true
[1788501282688] MA: session ended kind=TRANSPORT_CLOSED retryable=true
[1788501283200] MA: session ended kind=TRANSPORT_CLOSED retryable=true
[1788501283794] MA: session ended kind=TRANSPORT_CLOSED retryable=true
[1788501284367] MA: session ended kind=TRANSPORT_CLOSED retryable=true
[1788501284879] MA: session ended kind=TRANSPORT_CLOSED retryable=true
[1788501285405] MA: session ended kind=TRANSPORT_CLOSED retryable=true
[1788501285931] MA: session ended kind=TRANSPORT_CLOSED retryable=true
[1788501286479] MA: session ended kind=TRANSPORT_CLOSED retryable=true
[1788501287032] MA: session ended kind=TRANSPORT_CLOSED retryable=true
[1788501287484] MA: session ended kind=TRANSPORT_CLOSED retryable=true
[1788501288068] MA: session ended kind=TRANSPORT_CLOSED retryable=true
[1788501288645] MA: session ended kind=TRANSPORT_CLOSED retryable=true
[1788501289164] MA: session ended kind=TRANSPORT_CLOSED retryable=true
[1788501289737] MA: session ended kind=TRANSPORT_CLOSED retryable=true
[1788501290187] MA: session ended kind=TRANSPORT_CLOSED retryable=true
[1788501290789] MA: session ended kind=TRANSPORT_CLOSED retryable=true
[1788501291397] MA: session ended kind=TRANSPORT_CLOSED retryable=true
[1788501292006] MA: session ended kind=TRANSPORT_CLOSED retryable=true
[1788501292499] MA: session ended kind=TRANSPORT_CLOSED retryable=true
[1788501292964] MA: session ended kind=TRANSPORT_CLOSED retryable=true
[1788501293548] MA: session ended kind=TRANSPORT_CLOSED retryable=true
[1788501294156] MA: session ended kind=TRANSPORT_CLOSED retryable=true
[1788501294675] MA: session ended kind=TRANSPORT_CLOSED retryable=true
[1788501295134] MA: session ended kind=TRANSPORT_CLOSED retryable=true
[1788501295643] MA: session ended kind=TRANSPORT_CLOSED retryable=true
[1788501296092] MA: session ended kind=TRANSPORT_CLOSED retryable=true
[1788501296580] MA: session ended kind=TRANSPORT_CLOSED retryable=true
[1788501297203] MA: session ended kind=TRANSPORT_CLOSED retryable=true
[1788501297764] MA: session ended kind=TRANSPORT_CLOSED retryable=true
[1788501298214] MA: session ended kind=TRANSPORT_CLOSED retryable=true
[1788501298681] MA: session ended kind=TRANSPORT_CLOSED retryable=true
[1788501299149] MA: session ended kind=TRANSPORT_CLOSED retryable=true
[1788501299624] MA: session ended kind=TRANSPORT_CLOSED retryable=true
[1788501300187] MA: session ended kind=TRANSPORT_CLOSED retryable=true
[1788501300706] MA: session ended kind=TRANSPORT_CLOSED retryable=true
[1788501301249] MA: session ended kind=TRANSPORT_CLOSED retryable=true
[1788501301840] MA: session ended kind=TRANSPORT_CLOSED retryable=true
[1788501302322] MA: session ended kind=TRANSPORT_CLOSED retryable=true
[1788501302939] MA: session ended kind=TRANSPORT_CLOSED retryable=true
[1788501303414] MA: session ended kind=TRANSPORT_CLOSED retryable=true
[1788501303839] MA: session ended kind=TRANSPORT_CLOSED retryable=true
[1788501304329] MA: session ended kind=TRANSPORT_CLOSED retryable=true
[1788501304778] MA: session ended kind=TRANSPORT_CLOSED retryable=true
[1788501305386] MA: session ended kind=TRANSPORT_CLOSED retryable=true
[1788501305890] MA: session ended kind=TRANSPORT_CLOSED retryable=true
[1788501306419] MA: session ended kind=TRANSPORT_CLOSED retryable=true
[1788501306943] MA: session ended kind=TRANSPORT_CLOSED retryable=true
[1788501307523] MA: session ended kind=TRANSPORT_CLOSED retryable=true
[1788501307985] MA: session ended kind=TRANSPORT_CLOSED retryable=true
[1788501308459] MA: session ended kind=TRANSPORT_CLOSED retryable=true
[1788501309011] MA: session ended kind=TRANSPORT_CLOSED retryable=true
[1788501309623] MA: session ended kind=TRANSPORT_CLOSED retryable=true
[1788501310158] MA: session ended kind=TRANSPORT_CLOSED retryable=true
[1788501310674] MA: session ended kind=TRANSPORT_CLOSED retryable=true
[1788501311226] MA: session ended kind=TRANSPORT_CLOSED retryable=true
[1788501311704] MA: session ended kind=TRANSPORT_CLOSED retryable=true
[1788501312245] MA: session ended kind=TRANSPORT_CLOSED retryable=true
[1788501312807] MA: session ended kind=TRANSPORT_CLOSED retryable=true
[1788501313404] MA: session ended kind=TRANSPORT_CLOSED retryable=true
[1788501313961] MA: session ended kind=TRANSPORT_CLOSED retryable=true
[1788501314406] MA: session ended kind=TRANSPORT_CLOSED retryable=true
[1788501314980] MA: session ended kind=TRANSPORT_CLOSED retryable=true
[1788501315406] MA: session ended kind=TRANSPORT_CLOSED retryable=true
[1788501315877] MA: session ended kind=TRANSPORT_CLOSED retryable=true
[1788501316322] MA: session ended kind=TRANSPORT_CLOSED retryable=true
[1788501316895] MA: session ended kind=TRANSPORT_CLOSED retryable=true
[1788501317462] MA: session ended kind=TRANSPORT_CLOSED retryable=true
[1788501318016] MA: session ended kind=TRANSPORT_CLOSED retryable=true
[1788501318518] MA: session ended kind=TRANSPORT_CLOSED retryable=true
[1788501318988] MA: session ended kind=TRANSPORT_CLOSED retryable=true
[1788501319426] MA: session ended kind=TRANSPORT_CLOSED retryable=true
[1788501319907] MA: session ended kind=TRANSPORT_CLOSED retryable=true
[1788501320414] MA: session ended kind=TRANSPORT_CLOSED retryable=true
[1788501321010] MA: session ended kind=TRANSPORT_CLOSED retryable=true
[1788501321500] MA: session ended kind=TRANSPORT_CLOSED retryable=true
[1788501321919] MA: session ended kind=TRANSPORT_CLOSED retryable=true
[1788501322526] MA: session ended kind=TRANSPORT_CLOSED retryable=true
[1788501323099] MA: session ended kind=TRANSPORT_CLOSED retryable=true
[1788501323661] MA: session ended kind=TRANSPORT_CLOSED retryable=true
[1788501324179] MA: session ended kind=TRANSPORT_CLOSED retryable=true
[1788501324719] MA: session ended kind=TRANSPORT_CLOSED retryable=true
[1788501325202] MA: session ended kind=TRANSPORT_CLOSED retryable=true
[1788501325684] MA: session ended kind=TRANSPORT_CLOSED retryable=true
[1788501326178] MA: session ended kind=TRANSPORT_CLOSED retryable=true
[1788501326612] MA: session ended kind=TRANSPORT_CLOSED retryable=true
[1788501327211] MA: session ended kind=TRANSPORT_CLOSED retryable=true
[1788501327828] MA: session ended kind=TRANSPORT_CLOSED retryable=true
[1788501328330] MA: session ended kind=TRANSPORT_CLOSED retryable=true
[1788501328860] MA: session ended kind=TRANSPORT_CLOSED retryable=true
[1788501329373] MA: session ended kind=TRANSPORT_CLOSED retryable=true
[1788501329914] MA: session ended kind=TRANSPORT_CLOSED retryable=true
[1788501330386] MA: session ended kind=TRANSPORT_CLOSED retryable=true
[1788501330891] MA: session ended kind=TRANSPORT_CLOSED retryable=true
[1788501331459] MA: session ended kind=TRANSPORT_CLOSED retryable=true
[1788501331995] MA: session ended kind=TRANSPORT_CLOSED retryable=true
[1788501332588] MA: session ended kind=TRANSPORT_CLOSED retryable=true
[1788501333030] MA: session ended kind=TRANSPORT_CLOSED retryable=true
[1788501333552] MA: session ended kind=TRANSPORT_CLOSED retryable=true
[1788501334148] MA: session ended kind=TRANSPORT_CLOSED retryable=true
[1788501334635] MA: session ended kind=TRANSPORT_CLOSED retryable=true
[1788501335213] MA: session ended kind=TRANSPORT_CLOSED retryable=true
[1788501335642] MA: session ended kind=TRANSPORT_CLOSED retryable=true
[1788501336060] MA: session ended kind=TRANSPORT_CLOSED retryable=true
[1788501336512] MA: session ended kind=TRANSPORT_CLOSED retryable=true
[1788501337076] MA: session ended kind=TRANSPORT_CLOSED retryable=true
[1788501337610] MA: session ended kind=TRANSPORT_CLOSED retryable=true
[1788501338142] MA: session ended kind=TRANSPORT_CLOSED retryable=true
[1788501338602] MA: session ended kind=TRANSPORT_CLOSED retryable=true
[1788501339062] MA: session ended kind=TRANSPORT_CLOSED retryable=true
[1788501339602] MA: session ended kind=TRANSPORT_CLOSED retryable=true
[1788501340213] MA: session ended kind=TRANSPORT_CLOSED retryable=true
[1788501340733] MA: session ended kind=TRANSPORT_CLOSED retryable=true
[1788501341165] MA: session ended kind=TRANSPORT_CLOSED retryable=true
[1788501341686] MA: session ended kind=TRANSPORT_CLOSED retryable=true
[1788501342123] MA: session ended kind=TRANSPORT_CLOSED retryable=true
[1788501342599] MA: session ended kind=TRANSPORT_CLOSED retryable=true
[1788501343212] MA: session ended kind=TRANSPORT_CLOSED retryable=true
[1788501343714] MA: session ended kind=TRANSPORT_CLOSED retryable=true
[1788501344146] MA: session ended kind=TRANSPORT_CLOSED retryable=true
[1788501344712] MA: session ended kind=TRANSPORT_CLOSED retryable=true
[1788501345164] MA: session ended kind=TRANSPORT_CLOSED retryable=true
[1788501345764] MA: session ended kind=TRANSPORT_CLOSED retryable=true
[1788501346317] MA: session ended kind=TRANSPORT_CLOSED retryable=true
[1788501346859] MA: session ended kind=TRANSPORT_CLOSED retryable=true
[1788501347371] MA: session ended kind=TRANSPORT_CLOSED retryable=true
[1788501347958] MA: session ended kind=TRANSPORT_CLOSED retryable=true
[1788501348554] MA: session ended kind=TRANSPORT_CLOSED retryable=true
[1788501349121] MA: session ended kind=TRANSPORT_CLOSED retryable=true
[1788501349621] MA: session ended kind=TRANSPORT_CLOSED retryable=true
[1788501350161] MA: session ended kind=TRANSPORT_CLOSED retryable=true
[1788501350656] MA: session ended kind=TRANSPORT_CLOSED retryable=true
[1788501351219] MA: session ended kind=TRANSPORT_CLOSED retryable=true
[1788501351834] MA: session ended kind=TRANSPORT_CLOSED retryable=true
[1788501352408] MA: session ended kind=TRANSPORT_CLOSED retryable=true
[1788501352940] MA: session ended kind=TRANSPORT_CLOSED retryable=true
[1788501353554] MA: session ended kind=TRANSPORT_CLOSED retryable=true
[1788501353994] MA: session ended kind=TRANSPORT_CLOSED retryable=true
[1788501354434] MA: session ended kind=TRANSPORT_CLOSED retryable=true
[1788501355039] MA: session ended kind=TRANSPORT_CLOSED retryable=true
[1788501355507] MA: session ended kind=TRANSPORT_CLOSED retryable=true
[1788501355972] MA: session ended kind=TRANSPORT_CLOSED retryable=true
[1788501356466] MA: session ended kind=TRANSPORT_CLOSED retryable=true
[1788501357010] MA: session ended kind=TRANSPORT_CLOSED retryable=true
[1788501357590] MA: session ended kind=TRANSPORT_CLOSED retryable=true
[1788501358067] MA: session ended kind=TRANSPORT_CLOSED retryable=true
[1788501358526] MA: session ended kind=TRANSPORT_CLOSED retryable=true
[1788501359024] MA: session ended kind=TRANSPORT_CLOSED retryable=true
[1788501359611] MA: session ended kind=TRANSPORT_CLOSED retryable=true
[1788501360042] MA: session ended kind=TRANSPORT_CLOSED retryable=true
[1788501360641] MA: session ended kind=TRANSPORT_CLOSED retryable=true
[1788501361120] MA: session ended kind=TRANSPORT_CLOSED retryable=true
[1788501361636] MA: session ended kind=TRANSPORT_CLOSED retryable=true
[1788501362069] MA: session ended kind=TRANSPORT_CLOSED retryable=true
[1788501362612] MA: session ended kind=TRANSPORT_CLOSED retryable=true
[1788501363190] MA: session ended kind=TRANSPORT_CLOSED retryable=true
[1788501363795] MA: session ended kind=TRANSPORT_CLOSED retryable=true
[1788501364411] MA: session ended kind=TRANSPORT_CLOSED retryable=true
[1788501365014] MA: session ended kind=TRANSPORT_CLOSED retryable=true
[1788501365534] MA: session ended kind=TRANSPORT_CLOSED retryable=true
[1788501366109] MA: session ended kind=TRANSPORT_CLOSED retryable=true
[1788501366721] MA: session ended kind=TRANSPORT_CLOSED retryable=true
[1788501367285] MA: session ended kind=TRANSPORT_CLOSED retryable=true
[1788501367834] MA: session ended kind=TRANSPORT_CLOSED retryable=true
[1788501368361] MA: session ended kind=TRANSPORT_CLOSED retryable=true
[1788501368848] MA: session ended kind=TRANSPORT_CLOSED retryable=true
[1788501369416] MA: session ended kind=TRANSPORT_CLOSED retryable=true
[1788501370011] MA: session ended kind=TRANSPORT_CLOSED retryable=true
[1788501370610] MA: session ended kind=TRANSPORT_CLOSED retryable=true
[1788501371040] MA: session ended kind=TRANSPORT_CLOSED retryable=true
[1788501371469] MA: session ended kind=TRANSPORT_CLOSED retryable=true
[1788501371956] MA: session ended kind=TRANSPORT_CLOSED retryable=true
[1788501372456] MA: session ended kind=TRANSPORT_CLOSED retryable=true
[1788501373000] MA: session ended kind=TRANSPORT_CLOSED retryable=true
[1788501373586] MA: session ended kind=TRANSPORT_CLOSED retryable=true
[1788501374066] MA: session ended kind=TRANSPORT_CLOSED retryable=true
[1788501374676] MA: session ended kind=TRANSPORT_CLOSED retryable=true
[1788501375207] MA: session ended kind=TRANSPORT_CLOSED retryable=true
[1788501375650] MA: session ended kind=TRANSPORT_CLOSED retryable=true
[1788501376097] MA: session ended kind=TRANSPORT_CLOSED retryable=true
[1788501376627] MA: session ended kind=TRANSPORT_CLOSED retryable=true
[1788501377122] MA: session ended kind=TRANSPORT_CLOSED retryable=true
[1788501377611] MA: session ended kind=TRANSPORT_CLOSED retryable=true
[1788501378191] MA: session ended kind=TRANSPORT_CLOSED retryable=true
[1788501378791] MA: session ended kind=TRANSPORT_CLOSED retryable=true
[1788501379253] MA: session ended kind=TRANSPORT_CLOSED retryable=true
[1788501379726] MA: session ended kind=TRANSPORT_CLOSED retryable=true
[1788501380341] MA: session ended kind=TRANSPORT_CLOSED retryable=true
[1788501380812] MA: session ended kind=TRANSPORT_CLOSED retryable=true
[1788501381363] MA: session ended kind=TRANSPORT_CLOSED retryable=true
[1788501381904] MA: session ended kind=TRANSPORT_CLOSED retryable=true
[1788501382393] MA: session ended kind=TRANSPORT_CLOSED retryable=true
[1788501382878] MA: session ended kind=TRANSPORT_CLOSED retryable=true
[1788501383358] MA: session ended kind=TRANSPORT_CLOSED retryable=true
[1788501383900] MA: session ended kind=TRANSPORT_CLOSED retryable=true
[1788501384410] MA: session ended kind=TRANSPORT_CLOSED retryable=true
[1788501384972] MA: session ended kind=TRANSPORT_CLOSED retryable=true
[1788501385391] MA: session ended kind=TRANSPORT_CLOSED retryable=true
[1788501386001] MA: session ended kind=TRANSPORT_CLOSED retryable=true
[1788501386491] MA: session ended kind=TRANSPORT_CLOSED retryable=true
[1788501386910] MA: session ended kind=TRANSPORT_CLOSED retryable=true
[1788501387348] MA: session ended kind=TRANSPORT_CLOSED retryable=true
[1788501387800] MA: session ended kind=TRANSPORT_CLOSED retryable=true
[1788501388346] MA: session ended kind=TRANSPORT_CLOSED retryable=true
[1788501388959] MA: session ended kind=TRANSPORT_CLOSED retryable=true
[1788501389479] MA: session ended kind=TRANSPORT_CLOSED retryable=true
[1788501390088] MA: session ended kind=TRANSPORT_CLOSED retryable=true
[1788501390583] MA: session ended kind=TRANSPORT_CLOSED retryable=true
[1788501391188] MA: session ended kind=TRANSPORT_CLOSED retryable=true
[1788501391736] MA: session ended kind=TRANSPORT_CLOSED retryable=true
[1788501392185] MA: session ended kind=TRANSPORT_CLOSED retryable=true
[1788501392614] MA: session ended kind=TRANSPORT_CLOSED retryable=true
[1788501393118] MA: session ended kind=TRANSPORT_CLOSED retryable=true
[1788501393648] MA: session ended kind=TRANSPORT_CLOSED retryable=true
[1788501394228] MA: session ended kind=TRANSPORT_CLOSED retryable=true
[1788501394708] MA: session ended kind=TRANSPORT_CLOSED retryable=true
[1788501395232] MA: session ended kind=TRANSPORT_CLOSED retryable=true
[1788501395795] MA: session ended kind=TRANSPORT_CLOSED retryable=true
[1788501396328] MA: session ended kind=TRANSPORT_CLOSED retryable=true
[1788501396871] MA: session ended kind=TRANSPORT_CLOSED retryable=true
[1788501397300] MA: session ended kind=TRANSPORT_CLOSED retryable=true
[1788501397810] MA: session ended kind=TRANSPORT_CLOSED retryable=true
[1788501398330] MA: session ended kind=TRANSPORT_CLOSED retryable=true
[1788501398834] MA: session ended kind=TRANSPORT_CLOSED retryable=true
[1788501399323] MA: session ended kind=TRANSPORT_CLOSED retryable=true
[1788501399752] MA: session ended kind=TRANSPORT_CLOSED retryable=true
[1788501400202] MA: session ended kind=TRANSPORT_CLOSED retryable=true
[1788501400804] MA: session ended kind=TRANSPORT_CLOSED retryable=true
[1788501401252] MA: session ended kind=TRANSPORT_CLOSED retryable=true
[1788501401855] MA: session ended kind=TRANSPORT_CLOSED retryable=true
[1788501402331] MA: session ended kind=TRANSPORT_CLOSED retryable=true
[1788501402911] MA: session ended kind=TRANSPORT_CLOSED retryable=true
[1788501403403] MA: session ended kind=TRANSPORT_CLOSED retryable=true
[1788501403931] MA: session ended kind=TRANSPORT_CLOSED retryable=true
[1788501404464] MA: session ended kind=TRANSPORT_CLOSED retryable=true
[1788501404891] MA: session ended kind=TRANSPORT_CLOSED retryable=true
[1788501405480] MA: session ended kind=TRANSPORT_CLOSED retryable=true
[1788501405906] MA: session ended kind=TRANSPORT_CLOSED retryable=true
[1788501406522] MA: session ended kind=TRANSPORT_CLOSED retryable=true
[1788501406999] MA: session ended kind=TRANSPORT_CLOSED retryable=true
[1788501407553] MA: session ended kind=TRANSPORT_CLOSED retryable=true
[1788501408064] MA: session ended kind=TRANSPORT_CLOSED retryable=true
[1788501408611] MA: session ended kind=TRANSPORT_CLOSED retryable=true
[1788501409059] MA: session ended kind=TRANSPORT_CLOSED retryable=true
[1788501409601] MA: session ended kind=TRANSPORT_CLOSED retryable=true
[1788501410129] MA: session ended kind=TRANSPORT_CLOSED retryable=true
[1788501410694] MA: session ended kind=TRANSPORT_CLOSED retryable=true
[1788501411180] MA: session ended kind=TRANSPORT_CLOSED retryable=true
[1788501411730] MA: session ended kind=TRANSPORT_CLOSED retryable=true
[1788501412301] MA: session ended kind=TRANSPORT_CLOSED retryable=true
[1788501412898] MA: session ended kind=TRANSPORT_CLOSED retryable=true
[1788501413479] MA: session ended kind=TRANSPORT_CLOSED retryable=true
[1788501414035] MA: session ended kind=TRANSPORT_CLOSED retryable=true
[1788501414558] MA: session ended kind=TRANSPORT_CLOSED retryable=true
[1788501415141] MA: session ended kind=TRANSPORT_CLOSED retryable=true
[1788501415752] MA: session ended kind=TRANSPORT_CLOSED retryable=true
[1788501416287] MA: session ended kind=TRANSPORT_CLOSED retryable=true
[1788501416886] MA: session ended kind=TRANSPORT_CLOSED retryable=true
[1788501417459] MA: session ended kind=TRANSPORT_CLOSED retryable=true
[1788501417918] MA: session ended kind=TRANSPORT_CLOSED retryable=true
[1788501418354] MA: session ended kind=TRANSPORT_CLOSED retryable=true
[1788501418884] MA: session ended kind=TRANSPORT_CLOSED retryable=true
[1788501419450] MA: session ended kind=TRANSPORT_CLOSED retryable=true
[1788501420050] MA: session ended kind=TRANSPORT_CLOSED retryable=true
[1788501420667] MA: session ended kind=TRANSPORT_CLOSED retryable=true
[1788501421260] MA: session ended kind=TRANSPORT_CLOSED retryable=true
[1788501421796] MA: session ended kind=TRANSPORT_CLOSED retryable=true
[1788501422389] MA: session ended kind=TRANSPORT_CLOSED retryable=true
[1788501422987] MA: session ended kind=TRANSPORT_CLOSED retryable=true
[1788501423543] MA: session ended kind=TRANSPORT_CLOSED retryable=true
[1788501424155] MA: session ended kind=TRANSPORT_CLOSED retryable=true
[1788501424672] MA: session ended kind=TRANSPORT_CLOSED retryable=true
[1788501425242] MA: session ended kind=TRANSPORT_CLOSED retryable=true
[1788501425739] MA: session ended kind=TRANSPORT_CLOSED retryable=true
[1788501426186] MA: session ended kind=TRANSPORT_CLOSED retryable=true
[1788501426662] MA: session ended kind=TRANSPORT_CLOSED retryable=true
[1788501427283] MA: session ended kind=TRANSPORT_CLOSED retryable=true
[1788501427755] MA: session ended kind=TRANSPORT_CLOSED retryable=true
[1788501428330] MA: session ended kind=TRANSPORT_CLOSED retryable=true
[1788501428796] MA: session ended kind=TRANSPORT_CLOSED retryable=true
[1788501429326] MA: session ended kind=TRANSPORT_CLOSED retryable=true
[1788501429877] MA: session ended kind=TRANSPORT_CLOSED retryable=true
[1788501430410] MA: session ended kind=TRANSPORT_CLOSED retryable=true
[1788501430843] MA: session ended kind=TRANSPORT_CLOSED retryable=true
[1788501431299] MA: session ended kind=TRANSPORT_CLOSED retryable=true
[1788501431880] MA: session ended kind=TRANSPORT_CLOSED retryable=true
[1788501432374] MA: session ended kind=TRANSPORT_CLOSED retryable=true
[1788501432983] MA: session ended kind=TRANSPORT_CLOSED retryable=true
[1788501433578] MA: session ended kind=TRANSPORT_CLOSED retryable=true
[1788501434055] MA: session ended kind=TRANSPORT_CLOSED retryable=true
[1788501434544] MA: session ended kind=TRANSPORT_CLOSED retryable=true
[1788501435078] MA: session ended kind=TRANSPORT_CLOSED retryable=true
[1788501435505] MA: session ended kind=TRANSPORT_CLOSED retryable=true
[1788501435956] MA: session ended kind=TRANSPORT_CLOSED retryable=true
[1788501436499] MA: session ended kind=TRANSPORT_CLOSED retryable=true
[1788501436964] MA: session ended kind=TRANSPORT_CLOSED retryable=true
[1788501437453] MA: session ended kind=TRANSPORT_CLOSED retryable=true
[1788501437979] MA: session ended kind=TRANSPORT_CLOSED retryable=true
[1788501438444] MA: session ended kind=TRANSPORT_CLOSED retryable=true
[1788501438914] MA: session ended kind=TRANSPORT_CLOSED retryable=true
[1788501439363] MA: session ended kind=TRANSPORT_CLOSED retryable=true
[1788501439970] MA: session ended kind=TRANSPORT_CLOSED retryable=true
[1788501440564] MA: session ended kind=TRANSPORT_CLOSED retryable=true
[1788501441160] MA: session ended kind=TRANSPORT_CLOSED retryable=true
[1788501441642] MA: session ended kind=TRANSPORT_CLOSED retryable=true
[1788501442083] MA: session ended kind=TRANSPORT_CLOSED retryable=true
[1788501442664] MA: session ended kind=TRANSPORT_CLOSED retryable=true
[1788501443172] MA: session ended kind=TRANSPORT_CLOSED retryable=true
[1788501443682] MA: session ended kind=TRANSPORT_CLOSED retryable=true
[1788501444272] MA: session ended kind=TRANSPORT_CLOSED retryable=true
[1788501444857] MA: session ended kind=TRANSPORT_CLOSED retryable=true
[1788501445419] MA: session ended kind=TRANSPORT_CLOSED retryable=true
[1788501445942] MA: session ended kind=TRANSPORT_CLOSED retryable=true
[1788501446444] MA: session ended kind=TRANSPORT_CLOSED retryable=true
[1788501446912] MA: session ended kind=TRANSPORT_CLOSED retryable=true
[1788501447380] MA: session ended kind=TRANSPORT_CLOSED retryable=true
[1788501447857] MA: session ended kind=TRANSPORT_CLOSED retryable=true
[1788501448395] MA: session ended kind=TRANSPORT_CLOSED retryable=true
[1788501448916] MA: session ended kind=TRANSPORT_CLOSED retryable=true
[1788501449506] MA: session ended kind=TRANSPORT_CLOSED retryable=true
[1788501450023] MA: session ended kind=TRANSPORT_CLOSED retryable=true
[1788501450543] MA: session ended kind=TRANSPORT_CLOSED retryable=true
[1788501451146] MA: session ended kind=TRANSPORT_CLOSED retryable=true
[1788501451608] MA: session ended kind=TRANSPORT_CLOSED retryable=true
[1788501452206] MA: session ended kind=TRANSPORT_CLOSED retryable=true
[1788501452776] MA: session ended kind=TRANSPORT_CLOSED retryable=true
[1788501453380] MA: session ended kind=TRANSPORT_CLOSED retryable=true
[1788501453902] MA: session ended kind=TRANSPORT_CLOSED retryable=true
[1788501454386] MA: session ended kind=TRANSPORT_CLOSED retryable=true
[1788501454830] MA: session ended kind=TRANSPORT_CLOSED retryable=true
[1788501455344] MA: session ended kind=TRANSPORT_CLOSED retryable=true
[1788501455861] MA: session ended kind=TRANSPORT_CLOSED retryable=true
[1788501456322] MA: session ended kind=TRANSPORT_CLOSED retryable=true
[1788501456920] MA: session ended kind=TRANSPORT_CLOSED retryable=true
[1788501457466] MA: session ended kind=TRANSPORT_CLOSED retryable=true
[1788501457975] MA: session ended kind=TRANSPORT_CLOSED retryable=true
[1788501458529] MA: session ended kind=TRANSPORT_CLOSED retryable=true
[1788501459008] MA: session ended kind=TRANSPORT_CLOSED retryable=true
[1788501459448] MA: session ended kind=TRANSPORT_CLOSED retryable=true
[1788501459992] MA: session ended kind=TRANSPORT_CLOSED retryable=true
[1788501460539] MA: session ended kind=TRANSPORT_CLOSED retryable=true
[1788501460963] MA: session ended kind=TRANSPORT_CLOSED retryable=true
[1788501461504] MA: session ended kind=TRANSPORT_CLOSED retryable=true
[1788501462035] MA: session ended kind=TRANSPORT_CLOSED retryable=true
[1788501462602] MA: session ended kind=TRANSPORT_CLOSED retryable=true
[1788501463197] MA: session ended kind=TRANSPORT_CLOSED retryable=true
[1788501463701] MA: session ended kind=TRANSPORT_CLOSED retryable=true
[1788501464317] MA: session ended kind=TRANSPORT_CLOSED retryable=true
[1788501464841] MA: session ended kind=TRANSPORT_CLOSED retryable=true
[1788501465347] MA: session ended kind=TRANSPORT_CLOSED retryable=true
[1788501465854] MA: session ended kind=TRANSPORT_CLOSED retryable=true
[1788501466341] MA: session ended kind=TRANSPORT_CLOSED retryable=true
[1788501466854] MA: session ended kind=TRANSPORT_CLOSED retryable=true
[1788501467355] MA: session ended kind=TRANSPORT_CLOSED retryable=true
[1788501467924] MA: session ended kind=TRANSPORT_CLOSED retryable=true
[1788501468467] MA: session ended kind=TRANSPORT_CLOSED retryable=true
[1788501468937] MA: session ended kind=TRANSPORT_CLOSED retryable=true
[1788501469442] MA: session ended kind=TRANSPORT_CLOSED retryable=true
[1788501469972] MA: session ended kind=TRANSPORT_CLOSED retryable=true
[1788501470449] MA: session ended kind=TRANSPORT_CLOSED retryable=true
[1788501470940] MA: session ended kind=TRANSPORT_CLOSED retryable=true
[1788501471539] MA: session ended kind=TRANSPORT_CLOSED retryable=true
[1788501472049] MA: session ended kind=TRANSPORT_CLOSED retryable=true
[1788501472522] MA: session ended kind=TRANSPORT_CLOSED retryable=true
[1788501472980] MA: session ended kind=TRANSPORT_CLOSED retryable=true
[1788501473495] MA: session ended kind=TRANSPORT_CLOSED retryable=true
[1788501474114] MA: session ended kind=TRANSPORT_CLOSED retryable=true
[1788501474640] MA: session ended kind=TRANSPORT_CLOSED retryable=true
[1788501475212] MA: session ended kind=TRANSPORT_CLOSED retryable=true
[1788501475699] MA: session ended kind=TRANSPORT_CLOSED retryable=true
[1788501476275] MA: session ended kind=TRANSPORT_CLOSED retryable=true
[1788501476782] MA: session ended kind=TRANSPORT_CLOSED retryable=true
[1788501477205] MA: session ended kind=TRANSPORT_CLOSED retryable=true
[1788501477739] MA: session ended kind=TRANSPORT_CLOSED retryable=true
[1788501478248] MA: session ended kind=TRANSPORT_CLOSED retryable=true
[1788501478845] MA: session ended kind=TRANSPORT_CLOSED retryable=true
[1788501479393] MA: session ended kind=TRANSPORT_CLOSED retryable=true
[1788501479917] MA: session ended kind=TRANSPORT_CLOSED retryable=true
[1788501480436] MA: session ended kind=TRANSPORT_CLOSED retryable=true
[1788501480875] MA: session ended kind=TRANSPORT_CLOSED retryable=true
[1788501481489] MA: session ended kind=TRANSPORT_CLOSED retryable=true
[1788501481930] MA: session ended kind=TRANSPORT_CLOSED retryable=true
[1788501482355] MA: session ended kind=TRANSPORT_CLOSED retryable=true
[1788501482940] MA: session ended kind=TRANSPORT_CLOSED retryable=true
[1788501483540] MA: session ended kind=TRANSPORT_CLOSED retryable=true
[1788501484139] MA: session ended kind=TRANSPORT_CLOSED retryable=true
[1788501484620] MA: session ended kind=TRANSPORT_CLOSED retryable=true
[1788501485232] MA: session ended kind=TRANSPORT_CLOSED retryable=true
[1788501485735] MA: session ended kind=TRANSPORT_CLOSED retryable=true
[1788501486295] MA: session ended kind=TRANSPORT_CLOSED retryable=true
[1788501486890] MA: session ended kind=TRANSPORT_CLOSED retryable=true
[1788501487471] MA: session ended kind=TRANSPORT_CLOSED retryable=true
[1788501488075] MA: session ended kind=TRANSPORT_CLOSED retryable=true
[1788501488650] MA: session ended kind=TRANSPORT_CLOSED retryable=true
[1788501489204] MA: session ended kind=TRANSPORT_CLOSED retryable=true
[1788501489687] MA: session ended kind=TRANSPORT_CLOSED retryable=true
[1788501490109] MA: session ended kind=TRANSPORT_CLOSED retryable=true
[1788501490593] MA: session ended kind=TRANSPORT_CLOSED retryable=true
[1788501491074] MA: session ended kind=TRANSPORT_CLOSED retryable=true
[1788501491571] MA: session ended kind=TRANSPORT_CLOSED retryable=true
[1788501492138] MA: session ended kind=TRANSPORT_CLOSED retryable=true
[1788501492561] MA: session ended kind=TRANSPORT_CLOSED retryable=true
[1788501492986] MA: session ended kind=TRANSPORT_CLOSED retryable=true
[1788501493583] MA: session ended kind=TRANSPORT_CLOSED retryable=true
[1788501494057] MA: session ended kind=TRANSPORT_CLOSED retryable=true
[1788501494560] MA: session ended kind=TRANSPORT_CLOSED retryable=true
[1788501495189] MA: session ended kind=TRANSPORT_CLOSED retryable=true
[1788501495787] MA: session ended kind=TRANSPORT_CLOSED retryable=true
[1788501496268] MA: session ended kind=TRANSPORT_CLOSED retryable=true
[1788501496723] MA: session ended kind=TRANSPORT_CLOSED retryable=true
[1788501497306] MA: session ended kind=TRANSPORT_CLOSED retryable=true
[1788501497890] MA: session ended kind=TRANSPORT_CLOSED retryable=true
[1788501498312] MA: session ended kind=TRANSPORT_CLOSED retryable=true
[1788501498907] MA: session ended kind=TRANSPORT_CLOSED retryable=true
[1788501499508] MA: session ended kind=TRANSPORT_CLOSED retryable=true
[1788501500036] MA: session ended kind=TRANSPORT_CLOSED retryable=true
[1788501500496] MA: session ended kind=TRANSPORT_CLOSED retryable=true
[1788501500967] MA: session ended kind=TRANSPORT_CLOSED retryable=true
[1788501501456] MA: session ended kind=TRANSPORT_CLOSED retryable=true
[1788501502048] MA: session ended kind=TRANSPORT_CLOSED retryable=true
[1788501502650] MA: session ended kind=TRANSPORT_CLOSED retryable=true
[1788501503188] MA: session ended kind=TRANSPORT_CLOSED retryable=true
[1788501503651] MA: session ended kind=TRANSPORT_CLOSED retryable=true
[1788501504157] MA: session ended kind=TRANSPORT_CLOSED retryable=true
[1788501504768] MA: session ended kind=TRANSPORT_CLOSED retryable=true
[1788501505339] MA: session ended kind=TRANSPORT_CLOSED retryable=true
[1788501505777] MA: session ended kind=TRANSPORT_CLOSED retryable=true
[1788501506313] MA: session ended kind=TRANSPORT_CLOSED retryable=true
[1788501506889] MA: session ended kind=TRANSPORT_CLOSED retryable=true
[1788501507422] MA: session ended kind=TRANSPORT_CLOSED retryable=true
[1788501507900] MA: session ended kind=TRANSPORT_CLOSED retryable=true
[1788501508382] MA: session ended kind=TRANSPORT_CLOSED retryable=true
[1788501508993] MA: session ended kind=TRANSPORT_CLOSED retryable=true
[1788501509473] MA: session ended kind=TRANSPORT_CLOSED retryable=true
[1788501509917] MA: session ended kind=TRANSPORT_CLOSED retryable=true
[1788501510369] MA: session ended kind=TRANSPORT_CLOSED retryable=true
[1788501510904] MA: session ended kind=TRANSPORT_CLOSED retryable=true
[1788501511346] MA: session ended kind=TRANSPORT_CLOSED retryable=true
[1788501511966] MA: session ended kind=TRANSPORT_CLOSED retryable=true
[1788501512572] MA: session ended kind=TRANSPORT_CLOSED retryable=true
[1788501513116] MA: session ended kind=TRANSPORT_CLOSED retryable=true
[1788501513620] MA: session ended kind=TRANSPORT_CLOSED retryable=true
[1788501514225] MA: session ended kind=TRANSPORT_CLOSED retryable=true
[1788501514803] MA: session ended kind=TRANSPORT_CLOSED retryable=true
[1788501515348] MA: session ended kind=TRANSPORT_CLOSED retryable=true
[1788501515920] MA: session ended kind=TRANSPORT_CLOSED retryable=true
[1788501516380] MA: session ended kind=TRANSPORT_CLOSED retryable=true
[1788501516899] MA: session ended kind=TRANSPORT_CLOSED retryable=true
[1788501517479] MA: session ended kind=TRANSPORT_CLOSED retryable=true
[1788501518003] MA: session ended kind=TRANSPORT_CLOSED retryable=true
[1788501518475] MA: session ended kind=TRANSPORT_CLOSED retryable=true
[1788501518908] MA: session ended kind=TRANSPORT_CLOSED retryable=true
[1788501519346] MA: session ended kind=TRANSPORT_CLOSED retryable=true
[1788501519781] MA: session ended kind=TRANSPORT_CLOSED retryable=true
[1788501520310] MA: session ended kind=TRANSPORT_CLOSED retryable=true
[1788501520907] MA: session ended kind=TRANSPORT_CLOSED retryable=true
[1788501521496] MA: session ended kind=TRANSPORT_CLOSED retryable=true
[1788501521967] MA: session ended kind=TRANSPORT_CLOSED retryable=true
[1788501522536] MA: session ended kind=TRANSPORT_CLOSED retryable=true
[1788501522948] MA: session ended kind=TRANSPORT_CLOSED retryable=true
[1788501523536] MA: session ended kind=TRANSPORT_CLOSED retryable=true
[1788501524060] MA: session ended kind=TRANSPORT_CLOSED retryable=true
[1788501524528] MA: session ended kind=TRANSPORT_CLOSED retryable=true
[1788501525104] MA: session ended kind=TRANSPORT_CLOSED retryable=true
[1788501525583] MA: session ended kind=TRANSPORT_CLOSED retryable=true
[1788501526173] MA: session ended kind=TRANSPORT_CLOSED retryable=true
[1788501526782] MA: session ended kind=TRANSPORT_CLOSED retryable=true
[1788501527402] MA: session ended kind=TRANSPORT_CLOSED retryable=true
[1788501527883] MA: session ended kind=TRANSPORT_CLOSED retryable=true
[1788501528372] MA: session ended kind=TRANSPORT_CLOSED retryable=true
[1788501528895] MA: session ended kind=TRANSPORT_CLOSED retryable=true
[1788501529372] MA: session ended kind=TRANSPORT_CLOSED retryable=true
[1788501529921] MA: session ended kind=TRANSPORT_CLOSED retryable=true
[1788501530496] MA: session ended kind=TRANSPORT_CLOSED retryable=true
[1788501531010] MA: session ended kind=TRANSPORT_CLOSED retryable=true
[1788501531584] MA: session ended kind=TRANSPORT_CLOSED retryable=true
[1788501532170] MA: session ended kind=TRANSPORT_CLOSED retryable=true
[1788501532756] MA: session ended kind=TRANSPORT_CLOSED retryable=true
[1788501533369] MA: session ended kind=TRANSPORT_CLOSED retryable=true
[1788501533952] MA: session ended kind=TRANSPORT_CLOSED retryable=true
[1788501534371] MA: session ended kind=TRANSPORT_CLOSED retryable=true
[1788501534800] MA: session ended kind=TRANSPORT_CLOSED retryable=true
[1788501535284] MA: session ended kind=TRANSPORT_CLOSED retryable=true
[1788501535721] MA: session ended kind=TRANSPORT_CLOSED retryable=true
[1788501536145] MA: session ended kind=TRANSPORT_CLOSED retryable=true
[1788501536572] MA: session ended kind=TRANSPORT_CLOSED retryable=true
[1788501537100] MA: session ended kind=TRANSPORT_CLOSED retryable=true
[1788501537715] MA: session ended kind=TRANSPORT_CLOSED retryable=true
[1788501538186] MA: session ended kind=TRANSPORT_CLOSED retryable=true
[1788501538711] MA: session ended kind=TRANSPORT_CLOSED retryable=true
[1788501539147] MA: session ended kind=TRANSPORT_CLOSED retryable=true
[1788501539622] MA: session ended kind=TRANSPORT_CLOSED retryable=true
[1788501540156] MA: session ended kind=TRANSPORT_CLOSED retryable=true
[1788501540707] MA: session ended kind=TRANSPORT_CLOSED retryable=true
[1788501541216] MA: session ended kind=TRANSPORT_CLOSED retryable=true
[1788501541776] MA: session ended kind=TRANSPORT_CLOSED retryable=true
[1788501542367] MA: session ended kind=TRANSPORT_CLOSED retryable=true
[1788501542892] MA: session ended kind=TRANSPORT_CLOSED retryable=true
[1788501543431] MA: session ended kind=TRANSPORT_CLOSED retryable=true
[1788501543853] MA: session ended kind=TRANSPORT_CLOSED retryable=true
[1788501544323] MA: session ended kind=TRANSPORT_CLOSED retryable=true
[1788501544798] MA: session ended kind=TRANSPORT_CLOSED retryable=true
[1788501545364] MA: session ended kind=TRANSPORT_CLOSED retryable=true
[1788501545951] MA: session ended kind=TRANSPORT_CLOSED retryable=true
[1788501546538] MA: session ended kind=TRANSPORT_CLOSED retryable=true
[1788501546996] MA: session ended kind=TRANSPORT_CLOSED retryable=true
[1788501547500] MA: session ended kind=TRANSPORT_CLOSED retryable=true
[1788501548036] MA: session ended kind=TRANSPORT_CLOSED retryable=true
[1788501548464] MA: session ended kind=TRANSPORT_CLOSED retryable=true
[1788501548971] MA: session ended kind=TRANSPORT_CLOSED retryable=true
[1788501549584] MA: session ended kind=TRANSPORT_CLOSED retryable=true
[1788501550021] MA: session ended kind=TRANSPORT_CLOSED retryable=true
[1788501550581] MA: session ended kind=TRANSPORT_CLOSED retryable=true
[1788501551045] MA: session ended kind=TRANSPORT_CLOSED retryable=true
[1788501551568] MA: session ended kind=TRANSPORT_CLOSED retryable=true
[1788501552114] MA: session ended kind=TRANSPORT_CLOSED retryable=true
[1788501552694] MA: session ended kind=TRANSPORT_CLOSED retryable=true
[1788501553203] MA: session ended kind=TRANSPORT_CLOSED retryable=true
[1788501553759] MA: session ended kind=TRANSPORT_CLOSED retryable=true
[1788501554359] MA: session ended kind=TRANSPORT_CLOSED retryable=true
[1788501554811] MA: session ended kind=TRANSPORT_CLOSED retryable=true
[1788501555344] MA: session ended kind=TRANSPORT_CLOSED retryable=true
[1788501555856] MA: session ended kind=TRANSPORT_CLOSED retryable=true
[1788501556444] MA: session ended kind=TRANSPORT_CLOSED retryable=true
[1788501557032] MA: session ended kind=TRANSPORT_CLOSED retryable=true
[1788501557668] MA: session ended kind=TRANSPORT_CLOSED retryable=true
[1788501558241] MA: session ended kind=TRANSPORT_CLOSED retryable=true
[1788501558754] MA: session ended kind=TRANSPORT_CLOSED retryable=true
[1788501559336] MA: session ended kind=TRANSPORT_CLOSED retryable=true
[1788501559824] MA: session ended kind=TRANSPORT_CLOSED retryable=true
[1788501560318] MA: session ended kind=TRANSPORT_CLOSED retryable=true
[1788501560860] MA: session ended kind=TRANSPORT_CLOSED retryable=true
[1788501561449] MA: session ended kind=TRANSPORT_CLOSED retryable=true
[1788501561950] MA: session ended kind=TRANSPORT_CLOSED retryable=true
[1788501562540] MA: session ended kind=TRANSPORT_CLOSED retryable=true
[1788501563087] MA: session ended kind=TRANSPORT_CLOSED retryable=true
[1788501563597] MA: session ended kind=TRANSPORT_CLOSED retryable=true
[1788501564079] MA: session ended kind=TRANSPORT_CLOSED retryable=true
[1788501564623] MA: session ended kind=TRANSPORT_CLOSED retryable=true
[1788501565111] MA: session ended kind=TRANSPORT_CLOSED retryable=true
[1788501565596] MA: session ended kind=TRANSPORT_CLOSED retryable=true
[1788501566026] MA: session ended kind=TRANSPORT_CLOSED retryable=true
[1788501566494] MA: session ended kind=TRANSPORT_CLOSED retryable=true
[1788501567054] MA: session ended kind=TRANSPORT_CLOSED retryable=true
[1788501567606] MA: session ended kind=TRANSPORT_CLOSED retryable=true
[1788501568226] MA: session ended kind=TRANSPORT_CLOSED retryable=true
[1788501568674] MA: session ended kind=TRANSPORT_CLOSED retryable=true
[1788501569225] MA: session ended kind=TRANSPORT_CLOSED retryable=true
[1788501569678] MA: session ended kind=TRANSPORT_CLOSED retryable=true
[1788501570123] MA: session ended kind=TRANSPORT_CLOSED retryable=true
[1788501570694] MA: session ended kind=TRANSPORT_CLOSED retryable=true
[1788501571323] MA: session ended kind=TRANSPORT_CLOSED retryable=true
[1788501571897] MA: session ended kind=TRANSPORT_CLOSED retryable=true
[1788501572330] MA: session ended kind=TRANSPORT_CLOSED retryable=true
[1788501572797] MA: session ended kind=TRANSPORT_CLOSED retryable=true
[1788501573422] MA: session ended kind=TRANSPORT_CLOSED retryable=true
[1788501573993] MA: session ended kind=TRANSPORT_CLOSED retryable=true
[1788501574569] MA: session ended kind=TRANSPORT_CLOSED retryable=true
[1788501575077] MA: session ended kind=TRANSPORT_CLOSED retryable=true
[1788501575504] MA: session ended kind=TRANSPORT_CLOSED retryable=true
[1788501576110] MA: session ended kind=TRANSPORT_CLOSED retryable=true
[1788501576692] MA: session ended kind=TRANSPORT_CLOSED retryable=true
[1788501577203] MA: session ended kind=TRANSPORT_CLOSED retryable=true
[1788501577764] MA: session ended kind=TRANSPORT_CLOSED retryable=true
[1788501578294] MA: session ended kind=TRANSPORT_CLOSED retryable=true
[1788501578828] MA: session ended kind=TRANSPORT_CLOSED retryable=true
[1788501579387] MA: session ended kind=TRANSPORT_CLOSED retryable=true
[1788501579841] MA: session ended kind=TRANSPORT_CLOSED retryable=true
[1788501580340] MA: session ended kind=TRANSPORT_CLOSED retryable=true
[1788501580817] MA: session ended kind=TRANSPORT_CLOSED retryable=true
[1788501581292] MA: session ended kind=TRANSPORT_CLOSED retryable=true
[1788501581768] MA: session ended kind=TRANSPORT_CLOSED retryable=true
[1788501582220] MA: session ended kind=TRANSPORT_CLOSED retryable=true
[1788501582820] MA: session ended kind=TRANSPORT_CLOSED retryable=true
[1788501583266] MA: session ended kind=TRANSPORT_CLOSED retryable=true
[1788501583840] MA: session ended kind=TRANSPORT_CLOSED retryable=true
[1788501584360] MA: session ended kind=TRANSPORT_CLOSED retryable=true
[1788501584915] MA: session ended kind=TRANSPORT_CLOSED retryable=true
[1788501585496] MA: session ended kind=TRANSPORT_CLOSED retryable=true
[1788501585947] MA: session ended kind=TRANSPORT_CLOSED retryable=true
[1788501586444] MA: session ended kind=TRANSPORT_CLOSED retryable=true
[1788501586906] MA: session ended kind=TRANSPORT_CLOSED retryable=true
[1788501587416] MA: session ended kind=TRANSPORT_CLOSED retryable=true
[1788501588018] MA: session ended kind=TRANSPORT_CLOSED retryable=true
[1788501588592] MA: session ended kind=TRANSPORT_CLOSED retryable=true
[1788501589114] MA: session ended kind=TRANSPORT_CLOSED retryable=true
[1788501589719] MA: session ended kind=TRANSPORT_CLOSED retryable=true
[1788501590271] MA: session ended kind=TRANSPORT_CLOSED retryable=true
[1788501590832] MA: session ended kind=TRANSPORT_CLOSED retryable=true
[1788501591266] MA: session ended kind=TRANSPORT_CLOSED retryable=true
[1788501591732] MA: session ended kind=TRANSPORT_CLOSED retryable=true
[1788501592324] MA: session ended kind=TRANSPORT_CLOSED retryable=true
[1788501592820] MA: session ended kind=TRANSPORT_CLOSED retryable=true
[1788501593260] MA: session ended kind=TRANSPORT_CLOSED retryable=true
[1788501593765] MA: session ended kind=TRANSPORT_CLOSED retryable=true
[1788501594227] MA: session ended kind=TRANSPORT_CLOSED retryable=true
[1788501594771] MA: session ended kind=TRANSPORT_CLOSED retryable=true
[1788501595347] MA: session ended kind=TRANSPORT_CLOSED retryable=true
[1788501595924] MA: session ended kind=TRANSPORT_CLOSED retryable=true
[1788501596547] MA: session ended kind=TRANSPORT_CLOSED retryable=true
[1788501597057] MA: session ended kind=TRANSPORT_CLOSED retryable=true
[1788501597523] MA: session ended kind=TRANSPORT_CLOSED retryable=true
[1788501598016] MA: session ended kind=TRANSPORT_CLOSED retryable=true
[1788501598447] MA: session ended kind=TRANSPORT_CLOSED retryable=true
[1788501599036] MA: session ended kind=TRANSPORT_CLOSED retryable=true
[1788501599580] MA: session ended kind=TRANSPORT_CLOSED retryable=true
[1788501600000] MA: session ended kind=TRANSPORT_CLOSED retryable=true
[1788501600454] MA: session ended kind=TRANSPORT_CLOSED retryable=true
[1788501601052] MA: session ended kind=TRANSPORT_CLOSED retryable=true
[1788501601657] MA: session ended kind=TRANSPORT_CLOSED retryable=true
[1788501602223] MA: session ended kind=TRANSPORT_CLOSED retryable=true
[1788501602803] MA: session ended kind=TRANSPORT_CLOSED retryable=true
[1788501603258] MA: session ended kind=TRANSPORT_CLOSED retryable=true
[1788501603698] MA: session ended kind=TRANSPORT_CLOSED retryable=true
[1788501604131] MA: session ended kind=TRANSPORT_CLOSED retryable=true
[1788501604646] MA: session ended kind=TRANSPORT_CLOSED retryable=true
[1788501605243] MA: session ended kind=TRANSPORT_CLOSED retryable=true
[1788501605731] MA: session ended kind=TRANSPORT_CLOSED retryable=true
[1788501606242] MA: session ended kind=TRANSPORT_CLOSED retryable=true
[1788501606797] MA: session ended kind=TRANSPORT_CLOSED retryable=true
[1788501607345] MA: session ended kind=TRANSPORT_CLOSED retryable=true
[1788501607902] MA: session ended kind=TRANSPORT_CLOSED retryable=true
[1788501608444] MA: session ended kind=TRANSPORT_CLOSED retryable=true
[1788501609031] MA: session ended kind=TRANSPORT_CLOSED retryable=true
[1788501609581] MA: session ended kind=TRANSPORT_CLOSED retryable=true
[1788501610045] MA: session ended kind=TRANSPORT_CLOSED retryable=true
[1788501610587] MA: session ended kind=TRANSPORT_CLOSED retryable=true
[1788501611206] MA: session ended kind=TRANSPORT_CLOSED retryable=true
[1788501611654] MA: session ended kind=TRANSPORT_CLOSED retryable=true
[1788501612179] MA: session ended kind=TRANSPORT_CLOSED retryable=true
[1788501612688] MA: session ended kind=TRANSPORT_CLOSED retryable=true
[1788501613282] MA: session ended kind=TRANSPORT_CLOSED retryable=true
[1788501613745] MA: session ended kind=TRANSPORT_CLOSED retryable=true
[1788501614192] MA: session ended kind=TRANSPORT_CLOSED retryable=true
[1788501614695] MA: session ended kind=TRANSPORT_CLOSED retryable=true
[1788501615183] MA: session ended kind=TRANSPORT_CLOSED retryable=true
[1788501615719] MA: session ended kind=TRANSPORT_CLOSED retryable=true
[1788501616291] MA: session ended kind=TRANSPORT_CLOSED retryable=true
[1788501616780] MA: session ended kind=TRANSPORT_CLOSED retryable=true
[1788501617288] MA: session ended kind=TRANSPORT_CLOSED retryable=true
[1788501617873] MA: session ended kind=TRANSPORT_CLOSED retryable=true
[1788501618460] MA: session ended kind=TRANSPORT_CLOSED retryable=true
[1788501619051] MA: session ended kind=TRANSPORT_CLOSED retryable=true
[1788501619579] MA: session ended kind=TRANSPORT_CLOSED retryable=true
[1788501620175] MA: session ended kind=TRANSPORT_CLOSED retryable=true
[1788501620607] MA: session ended kind=TRANSPORT_CLOSED retryable=true
[1788501621055] MA: session ended kind=TRANSPORT_CLOSED retryable=true
[1788501621616] MA: session ended kind=TRANSPORT_CLOSED retryable=true
[1788501622129] MA: session ended kind=TRANSPORT_CLOSED retryable=true
[1788501622658] MA: session ended kind=TRANSPORT_CLOSED retryable=true
[1788501623119] MA: session ended kind=TRANSPORT_CLOSED retryable=true
[1788501623566] MA: session ended kind=TRANSPORT_CLOSED retryable=true
[1788501624094] MA: session ended kind=TRANSPORT_CLOSED retryable=true
[1788501624672] MA: session ended kind=TRANSPORT_CLOSED retryable=true
[1788501625121] MA: session ended kind=TRANSPORT_CLOSED retryable=true
[1788501625655] MA: session ended kind=TRANSPORT_CLOSED retryable=true
[1788501626248] MA: session ended kind=TRANSPORT_CLOSED retryable=true
[1788501626719] MA: session ended kind=TRANSPORT_CLOSED retryable=true
[1788501627283] MA: session ended kind=TRANSPORT_CLOSED retryable=true
[1788501627794] MA: session ended kind=TRANSPORT_CLOSED retryable=true
[1788501628260] MA: session ended kind=TRANSPORT_CLOSED retryable=true
[1788501628714] MA: session ended kind=TRANSPORT_CLOSED retryable=true
[1788501629278] MA: session ended kind=TRANSPORT_CLOSED retryable=true
[1788501629815] MA: session ended kind=TRANSPORT_CLOSED retryable=true
[1788501630406] MA: session ended kind=TRANSPORT_CLOSED retryable=true
[1788501630896] MA: session ended kind=TRANSPORT_CLOSED retryable=true
[1788501631401] MA: session ended kind=TRANSPORT_CLOSED retryable=true
[1788501631891] MA: session ended kind=TRANSPORT_CLOSED retryable=true
[1788501632457] MA: session ended kind=TRANSPORT_CLOSED retryable=true
[1788501632916] MA: session ended kind=TRANSPORT_CLOSED retryable=true
[1788501633418] MA: session ended kind=TRANSPORT_CLOSED retryable=true
[1788501633964] MA: session ended kind=TRANSPORT_CLOSED retryable=true
[1788501634515] MA: session ended kind=TRANSPORT_CLOSED retryable=true
[1788501635009] MA: session ended kind=TRANSPORT_CLOSED retryable=true
[1788501635571] MA: session ended kind=TRANSPORT_CLOSED retryable=true
[1788501636113] MA: session ended kind=TRANSPORT_CLOSED retryable=true
[1788501636564] MA: session ended kind=TRANSPORT_CLOSED retryable=true
[1788501637026] MA: session ended kind=TRANSPORT_CLOSED retryable=true
[1788501637449] MA: session ended kind=TRANSPORT_CLOSED retryable=true
[1788501638010] MA: session ended kind=TRANSPORT_CLOSED retryable=true
[1788501638545] MA: session ended kind=TRANSPORT_CLOSED retryable=true
[1788501639078] MA: session ended kind=TRANSPORT_CLOSED retryable=true
[1788501639591] MA: session ended kind=TRANSPORT_CLOSED retryable=true
[1788501640137] MA: session ended kind=TRANSPORT_CLOSED retryable=true
[1788501640579] MA: session ended kind=TRANSPORT_CLOSED retryable=true
[1788501641051] MA: session ended kind=TRANSPORT_CLOSED retryable=true
[1788501641527] MA: session ended kind=TRANSPORT_CLOSED retryable=true
[1788501642146] MA: session ended kind=TRANSPORT_CLOSED retryable=true
[1788501642751] MA: session ended kind=TRANSPORT_CLOSED retryable=true
[1788501643367] MA: session ended kind=TRANSPORT_CLOSED retryable=true
[1788501643794] MA: session ended kind=TRANSPORT_CLOSED retryable=true
[1788501644268] MA: session ended kind=TRANSPORT_CLOSED retryable=true
[1788501644850] MA: session ended kind=TRANSPORT_CLOSED retryable=true
[1788501645432] MA: session ended kind=TRANSPORT_CLOSED retryable=true
[1788501645983] MA: session ended kind=TRANSPORT_CLOSED retryable=true
[1788501646424] MA: session ended kind=TRANSPORT_CLOSED retryable=true
[1788501646998] MA: session ended kind=TRANSPORT_CLOSED retryable=true
[1788501647578] MA: session ended kind=TRANSPORT_CLOSED retryable=true
[1788501648126] MA: session ended kind=TRANSPORT_CLOSED retryable=true
[1788501648601] MA: session ended kind=TRANSPORT_CLOSED retryable=true
[1788501649145] MA: session ended kind=TRANSPORT_CLOSED retryable=true
[1788501649625] MA: session ended kind=TRANSPORT_CLOSED retryable=true
[1788501650159] MA: session ended kind=TRANSPORT_CLOSED retryable=true
[1788501650730] MA: session ended kind=TRANSPORT_CLOSED retryable=true
[1788501651213] MA: session ended kind=TRANSPORT_CLOSED retryable=true
[1788501651834] MA: session ended kind=TRANSPORT_CLOSED retryable=true
[1788501652403] MA: session ended kind=TRANSPORT_CLOSED retryable=true
[1788501652891] MA: session ended kind=TRANSPORT_CLOSED retryable=true
[1788501653434] MA: session ended kind=TRANSPORT_CLOSED retryable=true
[1788501653938] MA: session ended kind=TRANSPORT_CLOSED retryable=true
[1788501654508] MA: session ended kind=TRANSPORT_CLOSED retryable=true
[1788501655003] MA: session ended kind=TRANSPORT_CLOSED retryable=true
[1788501655493] MA: session ended kind=TRANSPORT_CLOSED retryable=true
[1788501656091] MA: session ended kind=TRANSPORT_CLOSED retryable=true
[1788501656693] MA: session ended kind=TRANSPORT_CLOSED retryable=true
[1788501657156] MA: session ended kind=TRANSPORT_CLOSED retryable=true
[1788501657578] MA: session ended kind=TRANSPORT_CLOSED retryable=true
[1788501658068] MA: session ended kind=TRANSPORT_CLOSED retryable=true
[1788501658497] MA: session ended kind=TRANSPORT_CLOSED retryable=true
[1788501659044] MA: session ended kind=TRANSPORT_CLOSED retryable=true
[1788501659605] MA: session ended kind=TRANSPORT_CLOSED retryable=true
[1788501660024] MA: session ended kind=TRANSPORT_CLOSED retryable=true
[1788501660563] MA: session ended kind=TRANSPORT_CLOSED retryable=true
[1788501661004] MA: session ended kind=TRANSPORT_CLOSED retryable=true
[1788501661590] MA: session ended kind=TRANSPORT_CLOSED retryable=true
[1788501662098] MA: session ended kind=TRANSPORT_CLOSED retryable=true
[1788501662658] MA: session ended kind=TRANSPORT_CLOSED retryable=true
[1788501663207] MA: session ended kind=TRANSPORT_CLOSED retryable=true
[1788501663802] MA: session ended kind=TRANSPORT_CLOSED retryable=true
[1788501664346] MA: session ended kind=TRANSPORT_CLOSED retryable=true
[1788501664912] MA: session ended kind=TRANSPORT_CLOSED retryable=true
[1788501665386] MA: session ended kind=TRANSPORT_CLOSED retryable=true
[1788501666005] MA: session ended kind=TRANSPORT_CLOSED retryable=true
[1788501666531] MA: session ended kind=TRANSPORT_CLOSED retryable=true
[1788501667012] MA: session ended kind=TRANSPORT_CLOSED retryable=true
[1788501667528] MA: session ended kind=TRANSPORT_CLOSED retryable=true
[1788501668097] MA: session ended kind=TRANSPORT_CLOSED retryable=true
[1788501668669] MA: session ended kind=TRANSPORT_CLOSED retryable=true
[1788501669207] MA: session ended kind=TRANSPORT_CLOSED retryable=true
[1788501669693] MA: session ended kind=TRANSPORT_CLOSED retryable=true
[1788501670285] MA: session ended kind=TRANSPORT_CLOSED retryable=true
[1788501670829] MA: session ended kind=TRANSPORT_CLOSED retryable=true
[1788501671307] MA: session ended kind=TRANSPORT_CLOSED retryable=true
[1788501671929] MA: session ended kind=TRANSPORT_CLOSED retryable=true
[1788501672434] MA: session ended kind=TRANSPORT_CLOSED retryable=true
[1788501672872] MA: session ended kind=TRANSPORT_CLOSED retryable=true
[1788501673298] MA: session ended kind=TRANSPORT_CLOSED retryable=true
[1788501673720] MA: session ended kind=TRANSPORT_CLOSED retryable=true
[1788501674172] MA: session ended kind=TRANSPORT_CLOSED retryable=true
[1788501674626] MA: session ended kind=TRANSPORT_CLOSED retryable=true
[1788501675198] MA: session ended kind=TRANSPORT_CLOSED retryable=true
[1788501675811] MA: session ended kind=TRANSPORT_CLOSED retryable=true
[1788501676334] MA: session ended kind=TRANSPORT_CLOSED retryable=true
[1788501676924] MA: session ended kind=TRANSPORT_CLOSED retryable=true
[1788501677398] MA: session ended kind=TRANSPORT_CLOSED retryable=true
[1788501677980] MA: session ended kind=TRANSPORT_CLOSED retryable=true
[1788501678540] MA: session ended kind=TRANSPORT_CLOSED retryable=true
[1788501679151] MA: session ended kind=TRANSPORT_CLOSED retryable=true
[1788501679687] MA: session ended kind=TRANSPORT_CLOSED retryable=true
[1788501680291] MA: session ended kind=TRANSPORT_CLOSED retryable=true
[1788501680811] MA: session ended kind=TRANSPORT_CLOSED retryable=true
[1788501681322] MA: session ended kind=TRANSPORT_CLOSED retryable=true
[1788501681822] MA: session ended kind=TRANSPORT_CLOSED retryable=true
[1788501682449] MA: session ended kind=TRANSPORT_CLOSED retryable=true
[1788501682982] MA: session ended kind=TRANSPORT_CLOSED retryable=true
[1788501683423] MA: session ended kind=TRANSPORT_CLOSED retryable=true
[1788501683952] MA: session ended kind=TRANSPORT_CLOSED retryable=true
[1788501684482] MA: session ended kind=TRANSPORT_CLOSED retryable=true
[1788501685022] MA: session ended kind=TRANSPORT_CLOSED retryable=true
[1788501685616] MA: session ended kind=TRANSPORT_CLOSED retryable=true
[1788501686195] MA: session ended kind=TRANSPORT_CLOSED retryable=true
[1788501686646] MA: session ended kind=TRANSPORT_CLOSED retryable=true
[1788501687202] MA: session ended kind=TRANSPORT_CLOSED retryable=true
[1788501687717] MA: session ended kind=TRANSPORT_CLOSED retryable=true
[1788501688233] MA: session ended kind=TRANSPORT_CLOSED retryable=true
[1788501688704] MA: session ended kind=TRANSPORT_CLOSED retryable=true
[1788501689205] MA: session ended kind=TRANSPORT_CLOSED retryable=true
[1788501689835] MA: session ended kind=TRANSPORT_CLOSED retryable=true
[1788501690394] MA: session ended kind=TRANSPORT_CLOSED retryable=true
[1788501690932] MA: session ended kind=TRANSPORT_CLOSED retryable=true
[1788501691484] MA: session ended kind=TRANSPORT_CLOSED retryable=true
[1788501691991] MA: session ended kind=TRANSPORT_CLOSED retryable=true
[1788501692603] MA: session ended kind=TRANSPORT_CLOSED retryable=true
[1788501693086] MA: session ended kind=TRANSPORT_CLOSED retryable=true
[1788501693560] MA: session ended kind=TRANSPORT_CLOSED retryable=true
[1788501694092] MA: session ended kind=TRANSPORT_CLOSED retryable=true
[1788501694604] MA: session ended kind=TRANSPORT_CLOSED retryable=true
[1788501695095] MA: session ended kind=TRANSPORT_CLOSED retryable=true
[1788501695623] MA: session ended kind=TRANSPORT_CLOSED retryable=true
[1788501696219] MA: session ended kind=TRANSPORT_CLOSED retryable=true
[1788501696713] MA: session ended kind=TRANSPORT_CLOSED retryable=true
[1788501697307] MA: session ended kind=TRANSPORT_CLOSED retryable=true
[1788501697776] MA: session ended kind=TRANSPORT_CLOSED retryable=true
[1788501698331] MA: session ended kind=TRANSPORT_CLOSED retryable=true
[1788501698854] MA: session ended kind=TRANSPORT_CLOSED retryable=true
[1788501699357] MA: session ended kind=TRANSPORT_CLOSED retryable=true
[1788501699935] MA: session ended kind=TRANSPORT_CLOSED retryable=true
[1788501700449] MA: session ended kind=TRANSPORT_CLOSED retryable=true
[1788501700923] MA: session ended kind=TRANSPORT_CLOSED retryable=true
[1788501701465] MA: session ended kind=TRANSPORT_CLOSED retryable=true
[1788501701892] MA: session ended kind=TRANSPORT_CLOSED retryable=true
[1788501702341] MA: session ended kind=TRANSPORT_CLOSED retryable=true
[1788501702963] MA: session ended kind=TRANSPORT_CLOSED retryable=true
[1788501703468] MA: session ended kind=TRANSPORT_CLOSED retryable=true
[1788501703947] MA: session ended kind=TRANSPORT_CLOSED retryable=true
[1788501704439] MA: session ended kind=TRANSPORT_CLOSED retryable=true
[1788501704979] MA: session ended kind=TRANSPORT_CLOSED retryable=true
[1788501705505] MA: session ended kind=TRANSPORT_CLOSED retryable=true
[1788501706093] MA: session ended kind=TRANSPORT_CLOSED retryable=true
[1788501706608] MA: session ended kind=TRANSPORT_CLOSED retryable=true
[1788501707024] MA: session ended kind=TRANSPORT_CLOSED retryable=true
[1788501707485] MA: session ended kind=TRANSPORT_CLOSED retryable=true
[1788501708032] MA: session ended kind=TRANSPORT_CLOSED retryable=true
[1788501708515] MA: session ended kind=TRANSPORT_CLOSED retryable=true
[1788501708948] MA: session ended kind=TRANSPORT_CLOSED retryable=true
[1788501709455] MA: session ended kind=TRANSPORT_CLOSED retryable=true
[1788501709888] MA: session ended kind=TRANSPORT_CLOSED retryable=true
[1788501710356] MA: session ended kind=TRANSPORT_CLOSED retryable=true
[1788501710779] MA: session ended kind=TRANSPORT_CLOSED retryable=true
[1788501711334] MA: session ended kind=TRANSPORT_CLOSED retryable=true
[1788501711813] MA: session ended kind=TRANSPORT_CLOSED retryable=true
[1788501712415] MA: session ended kind=TRANSPORT_CLOSED retryable=true
[1788501712951] MA: session ended kind=TRANSPORT_CLOSED retryable=true
[1788501713556] MA: session ended kind=TRANSPORT_CLOSED retryable=true
[1788501714081] MA: session ended kind=TRANSPORT_CLOSED retryable=true
[1788501714559] MA: session ended kind=TRANSPORT_CLOSED retryable=true
[1788501715164] MA: session ended kind=TRANSPORT_CLOSED retryable=true
[1788501715761] MA: session ended kind=TRANSPORT_CLOSED retryable=true
[1788501716331] MA: session ended kind=TRANSPORT_CLOSED retryable=true
[1788501716835] MA: session ended kind=TRANSPORT_CLOSED retryable=true
[1788501717275] MA: session ended kind=TRANSPORT_CLOSED retryable=true
[1788501717706] MA: session ended kind=TRANSPORT_CLOSED retryable=true
[1788501718315] MA: session ended kind=TRANSPORT_CLOSED retryable=true
[1788501718868] MA: session ended kind=TRANSPORT_CLOSED retryable=true
[1788501719339] MA: session ended kind=TRANSPORT_CLOSED retryable=true
[1788501719799] MA: session ended kind=TRANSPORT_CLOSED retryable=true
[1788501720273] MA: session ended kind=TRANSPORT_CLOSED retryable=true
[1788501720817] MA: session ended kind=TRANSPORT_CLOSED retryable=true
[1788501721337] MA: session ended kind=TRANSPORT_CLOSED retryable=true
[1788501721934] MA: session ended kind=TRANSPORT_CLOSED retryable=true
[1788501722469] MA: session ended kind=TRANSPORT_CLOSED retryable=true
[1788501723002] MA: session ended kind=TRANSPORT_CLOSED retryable=true
[1788501723571] MA: session ended kind=TRANSPORT_CLOSED retryable=true
[1788501724027] MA: session ended kind=TRANSPORT_CLOSED retryable=true
[1788501724650] MA: session ended kind=TRANSPORT_CLOSED retryable=true
[1788501725119] MA: session ended kind=TRANSPORT_CLOSED retryable=true
[1788501725613] MA: session ended kind=TRANSPORT_CLOSED retryable=true
[1788501726221] MA: session ended kind=TRANSPORT_CLOSED retryable=true
[1788501726800] MA: session ended kind=TRANSPORT_CLOSED retryable=true
[1788501727226] MA: session ended kind=TRANSPORT_CLOSED retryable=true
[1788501727669] MA: session ended kind=TRANSPORT_CLOSED retryable=true
[1788501728259] MA: session ended kind=TRANSPORT_CLOSED retryable=true
[1788501728887] MA: session ended kind=TRANSPORT_CLOSED retryable=true
[1788501729363] MA: session ended kind=TRANSPORT_CLOSED retryable=true
[1788501729960] MA: session ended kind=TRANSPORT_CLOSED retryable=true
[1788501730436] MA: session ended kind=TRANSPORT_CLOSED retryable=true
[1788501731042] MA: session ended kind=TRANSPORT_CLOSED retryable=true
[1788501731514] MA: session ended kind=TRANSPORT_CLOSED retryable=true
[1788501732113] MA: session ended kind=TRANSPORT_CLOSED retryable=true
[1788501732612] MA: session ended kind=TRANSPORT_CLOSED retryable=true
[1788501733184] MA: session ended kind=TRANSPORT_CLOSED retryable=true
[1788501733693] MA: session ended kind=TRANSPORT_CLOSED retryable=true
[1788501734272] MA: session ended kind=TRANSPORT_CLOSED retryable=true
[1788501734860] MA: session ended kind=TRANSPORT_CLOSED retryable=true
[1788501735411] MA: session ended kind=TRANSPORT_CLOSED retryable=true
[1788501735857] MA: session ended kind=TRANSPORT_CLOSED retryable=true
[1788501736386] MA: session ended kind=TRANSPORT_CLOSED retryable=true
[1788501736856] MA: session ended kind=TRANSPORT_CLOSED retryable=true
[1788501737332] MA: session ended kind=TRANSPORT_CLOSED retryable=true
[1788501737777] MA: session ended kind=TRANSPORT_CLOSED retryable=true
[1788501738242] MA: session ended kind=TRANSPORT_CLOSED retryable=true
[1788501738808] MA: session ended kind=TRANSPORT_CLOSED retryable=true
[1788501739276] MA: session ended kind=TRANSPORT_CLOSED retryable=true
[1788501739811] MA: session ended kind=TRANSPORT_CLOSED retryable=true
[1788501740315] MA: session ended kind=TRANSPORT_CLOSED retryable=true
[1788501740795] MA: session ended kind=TRANSPORT_CLOSED retryable=true
[1788501741406] MA: session ended kind=TRANSPORT_CLOSED retryable=true
[1788501741978] MA: session ended kind=TRANSPORT_CLOSED retryable=true
[1788501742516] MA: session ended kind=TRANSPORT_CLOSED retryable=true
[1788501742946] MA: session ended kind=TRANSPORT_CLOSED retryable=true
[1788501743442] MA: session ended kind=TRANSPORT_CLOSED retryable=true
[1788501743990] MA: session ended kind=TRANSPORT_CLOSED retryable=true
[1788501744513] MA: session ended kind=TRANSPORT_CLOSED retryable=true
[1788501745107] MA: session ended kind=TRANSPORT_CLOSED retryable=true
[1788501745590] MA: session ended kind=TRANSPORT_CLOSED retryable=true
[1788501746235] MA: session ended kind=TRANSPORT_CLOSED retryable=true
[1788501746785] MA: session ended kind=TRANSPORT_CLOSED retryable=true
[1788501747375] MA: session ended kind=TRANSPORT_CLOSED retryable=true
[1788501747802] MA: session ended kind=TRANSPORT_CLOSED retryable=true
[1788501748316] MA: session ended kind=TRANSPORT_CLOSED retryable=true
[1788501748802] MA: session ended kind=TRANSPORT_CLOSED retryable=true
[1788501749235] MA: session ended kind=TRANSPORT_CLOSED retryable=true
[1788501749679] MA: session ended kind=TRANSPORT_CLOSED retryable=true
[1788501750134] MA: session ended kind=TRANSPORT_CLOSED retryable=true
[1788501750601] MA: session ended kind=TRANSPORT_CLOSED retryable=true
[1788501751082] MA: session ended kind=TRANSPORT_CLOSED retryable=true
[1788501751674] MA: session ended kind=TRANSPORT_CLOSED retryable=true
[1788501752192] MA: session ended kind=TRANSPORT_CLOSED retryable=true
[1788501752644] MA: session ended kind=TRANSPORT_CLOSED retryable=true
[1788501753216] MA: session ended kind=TRANSPORT_CLOSED retryable=true
[1788501753829] MA: session ended kind=TRANSPORT_CLOSED retryable=true
[1788501754374] MA: session ended kind=TRANSPORT_CLOSED retryable=true
[1788501754891] MA: session ended kind=TRANSPORT_CLOSED retryable=true
[1788501755387] MA: session ended kind=TRANSPORT_CLOSED retryable=true
[1788501755811] MA: session ended kind=TRANSPORT_CLOSED retryable=true
[1788501756285] MA: session ended kind=TRANSPORT_CLOSED retryable=true
[1788501756765] MA: session ended kind=TRANSPORT_CLOSED retryable=true
[1788501757295] MA: session ended kind=TRANSPORT_CLOSED retryable=true
[1788501757826] MA: session ended kind=TRANSPORT_CLOSED retryable=true
[1788501758261] MA: session ended kind=TRANSPORT_CLOSED retryable=true
[1788501758845] MA: session ended kind=TRANSPORT_CLOSED retryable=true
[1788501759311] MA: session ended kind=TRANSPORT_CLOSED retryable=true
[1788501759797] MA: session ended kind=TRANSPORT_CLOSED retryable=true
[1788501760403] MA: session ended kind=TRANSPORT_CLOSED retryable=true
[1788501760892] MA: session ended kind=TRANSPORT_CLOSED retryable=true
[1788501761443] MA: session ended kind=TRANSPORT_CLOSED retryable=true
[1788501761895] MA: session ended kind=TRANSPORT_CLOSED retryable=true
[1788501762399] MA: session ended kind=TRANSPORT_CLOSED retryable=true
[1788501762882] MA: session ended kind=TRANSPORT_CLOSED retryable=true
[1788501763483] MA: session ended kind=TRANSPORT_CLOSED retryable=true
[1788501763969] MA: session ended kind=TRANSPORT_CLOSED retryable=true
[1788501764450] MA: session ended kind=TRANSPORT_CLOSED retryable=true
[1788501764971] MA: session ended kind=TRANSPORT_CLOSED retryable=true
[1788501765392] MA: session ended kind=TRANSPORT_CLOSED retryable=true
[1788501765840] MA: session ended kind=TRANSPORT_CLOSED retryable=true
[1788501766401] MA: session ended kind=TRANSPORT_CLOSED retryable=true
[1788501766859] MA: session ended kind=TRANSPORT_CLOSED retryable=true
[1788501767433] MA: session ended kind=TRANSPORT_CLOSED retryable=true
[1788501767978] MA: session ended kind=TRANSPORT_CLOSED retryable=true
[1788501768589] MA: session ended kind=TRANSPORT_CLOSED retryable=true
[1788501769103] MA: session ended kind=TRANSPORT_CLOSED retryable=true
[1788501769523] MA: session ended kind=TRANSPORT_CLOSED retryable=true
[1788501770076] MA: session ended kind=TRANSPORT_CLOSED retryable=true
[1788501770592] MA: session ended kind=TRANSPORT_CLOSED retryable=true
[1788501771166] MA: session ended kind=TRANSPORT_CLOSED retryable=true
[1788501771699] MA: session ended kind=TRANSPORT_CLOSED retryable=true
[1788501772181] MA: session ended kind=TRANSPORT_CLOSED retryable=true
[1788501772715] MA: session ended kind=TRANSPORT_CLOSED retryable=true
[1788501773167] MA: session ended kind=TRANSPORT_CLOSED retryable=true
[1788501773618] MA: session ended kind=TRANSPORT_CLOSED retryable=true
[1788501774089] MA: session ended kind=TRANSPORT_CLOSED retryable=true
[1788501774547] MA: session ended kind=TRANSPORT_CLOSED retryable=true
[1788501775012] MA: session ended kind=TRANSPORT_CLOSED retryable=true
[1788501775472] MA: session ended kind=TRANSPORT_CLOSED retryable=true
[1788501775992] MA: session ended kind=TRANSPORT_CLOSED retryable=true
[1788501776595] MA: session ended kind=TRANSPORT_CLOSED retryable=true
[1788501777074] MA: session ended kind=TRANSPORT_CLOSED retryable=true
[1788501777626] MA: session ended kind=TRANSPORT_CLOSED retryable=true
[1788501778218] MA: session ended kind=TRANSPORT_CLOSED retryable=true
[1788501778812] MA: session ended kind=TRANSPORT_CLOSED retryable=true
[1788501779418] MA: session ended kind=TRANSPORT_CLOSED retryable=true
[1788501780007] MA: session ended kind=TRANSPORT_CLOSED retryable=true
[1788501780597] MA: session ended kind=TRANSPORT_CLOSED retryable=true
[1788501781155] MA: session ended kind=TRANSPORT_CLOSED retryable=true
[1788501781705] MA: session ended kind=TRANSPORT_CLOSED retryable=true
[1788501782157] MA: session ended kind=TRANSPORT_CLOSED retryable=true
[1788501782586] MA: session ended kind=TRANSPORT_CLOSED retryable=true
[1788501783069] MA: session ended kind=TRANSPORT_CLOSED retryable=true
[1788501783701] MA: session ended kind=TRANSPORT_CLOSED retryable=true
[1788501784131] MA: session ended kind=TRANSPORT_CLOSED retryable=true
[1788501784711] MA: session ended kind=TRANSPORT_CLOSED retryable=true
[1788501785153] MA: session ended kind=TRANSPORT_CLOSED retryable=true
[1788501785645] MA: session ended kind=TRANSPORT_CLOSED retryable=true
[1788501786164] MA: session ended kind=TRANSPORT_CLOSED retryable=true
[1788501786759] MA: session ended kind=TRANSPORT_CLOSED retryable=true
[1788501787433] MA: session ended kind=TRANSPORT_CLOSED retryable=true
[1788501787851] MA: session ended kind=TRANSPORT_CLOSED retryable=true
[1788501788362] MA: session ended kind=TRANSPORT_CLOSED retryable=true
[1788501788844] MA: session ended kind=TRANSPORT_CLOSED retryable=true
[1788501789276] MA: session ended kind=TRANSPORT_CLOSED retryable=true
[1788501789755] MA: session ended kind=TRANSPORT_CLOSED retryable=true
[1788501790212] MA: session ended kind=TRANSPORT_CLOSED retryable=true
[1788501790806] MA: session ended kind=TRANSPORT_CLOSED retryable=true
[1788501791291] MA: session ended kind=TRANSPORT_CLOSED retryable=true
[1788501791827] MA: session ended kind=TRANSPORT_CLOSED retryable=true
[1788501792403] MA: session ended kind=TRANSPORT_CLOSED retryable=true
[1788501792995] MA: session ended kind=TRANSPORT_CLOSED retryable=true
[1788501793479] MA: session ended kind=TRANSPORT_CLOSED retryable=true
[1788501793934] MA: session ended kind=TRANSPORT_CLOSED retryable=true
[1788501794409] MA: session ended kind=TRANSPORT_CLOSED retryable=true
[1788501794880] MA: session ended kind=TRANSPORT_CLOSED retryable=true
[1788501795425] MA: session ended kind=TRANSPORT_CLOSED retryable=true
[1788501796020] MA: session ended kind=TRANSPORT_CLOSED retryable=true
[1788501796546] MA: session ended kind=TRANSPORT_CLOSED retryable=true
[1788501797016] MA: session ended kind=TRANSPORT_CLOSED retryable=true
[1788501797444] MA: session ended kind=TRANSPORT_CLOSED retryable=true
[1788501797916] MA: session ended kind=TRANSPORT_CLOSED retryable=true
[1788501798502] MA: session ended kind=TRANSPORT_CLOSED retryable=true
[1788501799076] MA: session ended kind=TRANSPORT_CLOSED retryable=true
[1788501799589] MA: session ended kind=TRANSPORT_CLOSED retryable=true
[1788501800143] MA: session ended kind=TRANSPORT_CLOSED retryable=true
[1788501800755] MA: session ended kind=TRANSPORT_CLOSED retryable=true
[1788501801250] MA: session ended kind=TRANSPORT_CLOSED retryable=true
[1788501801760] MA: session ended kind=TRANSPORT_CLOSED retryable=true
[1788501802343] MA: session ended kind=TRANSPORT_CLOSED retryable=true
[1788501802822] MA: session ended kind=TRANSPORT_CLOSED retryable=true
[1788501803260] MA: session ended kind=TRANSPORT_CLOSED retryable=true
[1788501803796] MA: session ended kind=TRANSPORT_CLOSED retryable=true
[1788501804371] MA: session ended kind=TRANSPORT_CLOSED retryable=true
[1788501804924] MA: session ended kind=TRANSPORT_CLOSED retryable=true
[1788501805503] MA: session ended kind=TRANSPORT_CLOSED retryable=true
[1788501805956] MA: session ended kind=TRANSPORT_CLOSED retryable=true
[1788501806467] MA: session ended kind=TRANSPORT_CLOSED retryable=true
[1788501806997] MA: session ended kind=TRANSPORT_CLOSED retryable=true
[1788501807432] MA: session ended kind=TRANSPORT_CLOSED retryable=true
[1788501807903] MA: session ended kind=TRANSPORT_CLOSED retryable=true
[1788501808359] MA: session ended kind=TRANSPORT_CLOSED retryable=true
[1788501808971] MA: session ended kind=TRANSPORT_CLOSED retryable=true
[1788501809395] MA: session ended kind=TRANSPORT_CLOSED retryable=true
[1788501809815] MA: session ended kind=TRANSPORT_CLOSED retryable=true
[1788501810324] MA: session ended kind=TRANSPORT_CLOSED retryable=true
[1788501810802] MA: session ended kind=TRANSPORT_CLOSED retryable=true
[1788501811334] MA: session ended kind=TRANSPORT_CLOSED retryable=true
[1788501811904] MA: session ended kind=TRANSPORT_CLOSED retryable=true
[1788501812372] MA: session ended kind=TRANSPORT_CLOSED retryable=true
[1788501812948] MA: session ended kind=TRANSPORT_CLOSED retryable=true
[1788501813554] MA: session ended kind=TRANSPORT_CLOSED retryable=true
[1788501814014] MA: session ended kind=TRANSPORT_CLOSED retryable=true
[1788501814457] MA: session ended kind=TRANSPORT_CLOSED retryable=true
[1788501815076] MA: session ended kind=TRANSPORT_CLOSED retryable=true
[1788501815636] MA: session ended kind=TRANSPORT_CLOSED retryable=true
[1788501816195] MA: session ended kind=TRANSPORT_CLOSED retryable=true
[1788501816723] MA: session ended kind=TRANSPORT_CLOSED retryable=true
[1788501817240] MA: session ended kind=TRANSPORT_CLOSED retryable=true
[1788501817788] MA: session ended kind=TRANSPORT_CLOSED retryable=true
[1788501818244] MA: session ended kind=TRANSPORT_CLOSED retryable=true
[1788501818766] MA: session ended kind=TRANSPORT_CLOSED retryable=true
[1788501819331] MA: session ended kind=TRANSPORT_CLOSED retryable=true
[1788501819755] MA: session ended kind=TRANSPORT_CLOSED retryable=true
[1788501820213] MA: session ended kind=TRANSPORT_CLOSED retryable=true
[1788501820706] MA: session ended kind=TRANSPORT_CLOSED retryable=true
[1788501821188] MA: session ended kind=TRANSPORT_CLOSED retryable=true
[1788501821753] MA: session ended kind=TRANSPORT_CLOSED retryable=true
[1788501822341] MA: session ended kind=TRANSPORT_CLOSED retryable=true
[1788501822923] MA: session ended kind=TRANSPORT_CLOSED retryable=true
[1788501823420] MA: session ended kind=TRANSPORT_CLOSED retryable=true
[1788501823891] MA: session ended kind=TRANSPORT_CLOSED retryable=true
[1788501824339] MA: session ended kind=TRANSPORT_CLOSED retryable=true
[1788501824846] MA: session ended kind=TRANSPORT_CLOSED retryable=true
[1788501825264] MA: session ended kind=TRANSPORT_CLOSED retryable=true
[1788501825761] MA: session ended kind=TRANSPORT_CLOSED retryable=true
[1788501826219] MA: session ended kind=TRANSPORT_CLOSED retryable=true
[1788501826832] MA: session ended kind=TRANSPORT_CLOSED retryable=true
[1788501827333] MA: session ended kind=TRANSPORT_CLOSED retryable=true
[1788501827786] MA: session ended kind=TRANSPORT_CLOSED retryable=true
[1788501828364] MA: session ended kind=TRANSPORT_CLOSED retryable=true
[1788501828815] MA: session ended kind=TRANSPORT_CLOSED retryable=true
[1788501829241] MA: session ended kind=TRANSPORT_CLOSED retryable=true
[1788501829856] MA: session ended kind=TRANSPORT_CLOSED retryable=true
[1788501830452] MA: session ended kind=TRANSPORT_CLOSED retryable=true
[1788501830925] MA: session ended kind=TRANSPORT_CLOSED retryable=true
[1788501831355] MA: session ended kind=TRANSPORT_CLOSED retryable=true
[1788501831891] MA: session ended kind=TRANSPORT_CLOSED retryable=true
[1788501832394] MA: session ended kind=TRANSPORT_CLOSED retryable=true
[1788501832866] MA: session ended kind=TRANSPORT_CLOSED retryable=true
[1788501833423] MA: session ended kind=TRANSPORT_CLOSED retryable=true
[1788501833905] MA: session ended kind=TRANSPORT_CLOSED retryable=true
[1788501834412] MA: session ended kind=TRANSPORT_CLOSED retryable=true
[1788501834886] MA: session ended kind=TRANSPORT_CLOSED retryable=true
[1788501835318] MA: session ended kind=TRANSPORT_CLOSED retryable=true
[1788501835740] MA: session ended kind=TRANSPORT_CLOSED retryable=true
[1788501836226] MA: session ended kind=TRANSPORT_CLOSED retryable=true
[1788501836758] MA: session ended kind=TRANSPORT_CLOSED retryable=true
[1788501837291] MA: session ended kind=TRANSPORT_CLOSED retryable=true
[1788501837859] MA: session ended kind=TRANSPORT_CLOSED retryable=true
[1788501838477] MA: session ended kind=TRANSPORT_CLOSED retryable=true
[1788501838991] MA: session ended kind=TRANSPORT_CLOSED retryable=true
[1788501839442] MA: session ended kind=TRANSPORT_CLOSED retryable=true
[1788501839914] MA: session ended kind=TRANSPORT_CLOSED retryable=true
[1788501840468] MA: session ended kind=TRANSPORT_CLOSED retryable=true
[1788501841011] MA: session ended kind=TRANSPORT_CLOSED retryable=true
[1788501841546] MA: session ended kind=TRANSPORT_CLOSED retryable=true
[1788501842161] MA: session ended kind=TRANSPORT_CLOSED retryable=true
[1788501842682] MA: session ended kind=TRANSPORT_CLOSED retryable=true
[1788501843211] MA: session ended kind=TRANSPORT_CLOSED retryable=true
[1788501843743] MA: session ended kind=TRANSPORT_CLOSED retryable=true
[1788501844161] MA: session ended kind=TRANSPORT_CLOSED retryable=true
[1788501844591] MA: session ended kind=TRANSPORT_CLOSED retryable=true
[1788501845191] MA: session ended kind=TRANSPORT_CLOSED retryable=true
[1788501845647] MA: session ended kind=TRANSPORT_CLOSED retryable=true
[1788501846112] MA: session ended kind=TRANSPORT_CLOSED retryable=true
[1788501846590] MA: session ended kind=TRANSPORT_CLOSED retryable=true
[1788501847124] MA: session ended kind=TRANSPORT_CLOSED retryable=true
[1788501847549] MA: session ended kind=TRANSPORT_CLOSED retryable=true
[1788501848036] MA: session ended kind=TRANSPORT_CLOSED retryable=true
[1788501848628] MA: session ended kind=TRANSPORT_CLOSED retryable=true
[1788501849100] MA: session ended kind=TRANSPORT_CLOSED retryable=true
[1788501849590] MA: session ended kind=TRANSPORT_CLOSED retryable=true
[1788501850068] MA: session ended kind=TRANSPORT_CLOSED retryable=true
[1788501850667] MA: session ended kind=TRANSPORT_CLOSED retryable=true
[1788501851115] MA: session ended kind=TRANSPORT_CLOSED retryable=true
[1788501851658] MA: session ended kind=TRANSPORT_CLOSED retryable=true
[1788501852191] MA: session ended kind=TRANSPORT_CLOSED retryable=true
[1788501852620] MA: session ended kind=TRANSPORT_CLOSED retryable=true
[1788501853205] MA: session ended kind=TRANSPORT_CLOSED retryable=true
[1788501853650] MA: session ended kind=TRANSPORT_CLOSED retryable=true
[1788501854123] MA: session ended kind=TRANSPORT_CLOSED retryable=true
[1788501854691] MA: session ended kind=TRANSPORT_CLOSED retryable=true
[1788501855218] MA: session ended kind=TRANSPORT_CLOSED retryable=true
[1788501855700] MA: session ended kind=TRANSPORT_CLOSED retryable=true
[1788501856228] MA: session ended kind=TRANSPORT_CLOSED retryable=true
[1788501856709] MA: session ended kind=TRANSPORT_CLOSED retryable=true
[1788501857224] MA: session ended kind=TRANSPORT_CLOSED retryable=true
[1788501857826] MA: session ended kind=TRANSPORT_CLOSED retryable=true
[1788501858372] MA: session ended kind=TRANSPORT_CLOSED retryable=true
[1788501858932] MA: session ended kind=TRANSPORT_CLOSED retryable=true
[1788501859554] MA: session ended kind=TRANSPORT_CLOSED retryable=true
[1788501860057] MA: session ended kind=TRANSPORT_CLOSED retryable=true
[1788501860626] MA: session ended kind=TRANSPORT_CLOSED retryable=true
[1788501861175] MA: session ended kind=TRANSPORT_CLOSED retryable=true
[1788501861629] MA: session ended kind=TRANSPORT_CLOSED retryable=true
[1788501862066] MA: session ended kind=TRANSPORT_CLOSED retryable=true
[1788501862510] MA: session ended kind=TRANSPORT_CLOSED retryable=true
[1788501863126] MA: session ended kind=TRANSPORT_CLOSED retryable=true
[1788501863671] MA: session ended kind=TRANSPORT_CLOSED retryable=true
[1788501864273] MA: session ended kind=TRANSPORT_CLOSED retryable=true
[1788501864814] MA: session ended kind=TRANSPORT_CLOSED retryable=true
[1788501865298] MA: session ended kind=TRANSPORT_CLOSED retryable=true
[1788501865766] MA: session ended kind=TRANSPORT_CLOSED retryable=true
[1788501866237] MA: session ended kind=TRANSPORT_CLOSED retryable=true
[1788501866670] MA: session ended kind=TRANSPORT_CLOSED retryable=true
[1788501867283] MA: session ended kind=TRANSPORT_CLOSED retryable=true
[1788501867866] MA: session ended kind=TRANSPORT_CLOSED retryable=true
[1788501868330] MA: session ended kind=TRANSPORT_CLOSED retryable=true
[1788501868770] MA: session ended kind=TRANSPORT_CLOSED retryable=true
[1788501869211] MA: session ended kind=TRANSPORT_CLOSED retryable=true
[1788501869733] MA: session ended kind=TRANSPORT_CLOSED retryable=true
[1788501870173] MA: session ended kind=TRANSPORT_CLOSED retryable=true
[1788501870672] MA: session ended kind=TRANSPORT_CLOSED retryable=true
[1788501871224] MA: session ended kind=TRANSPORT_CLOSED retryable=true
[1788501871680] MA: session ended kind=TRANSPORT_CLOSED retryable=true
[1788501872219] MA: session ended kind=TRANSPORT_CLOSED retryable=true
[1788501872771] MA: session ended kind=TRANSPORT_CLOSED retryable=true
[1788501873335] MA: session ended kind=TRANSPORT_CLOSED retryable=true
[1788501873911] MA: session ended kind=TRANSPORT_CLOSED retryable=true
[1788501874440] MA: session ended kind=TRANSPORT_CLOSED retryable=true
[1788501875038] MA: session ended kind=TRANSPORT_CLOSED retryable=true
[1788501875630] MA: session ended kind=TRANSPORT_CLOSED retryable=true
[1788501876193] MA: session ended kind=TRANSPORT_CLOSED retryable=true
[1788501876620] MA: session ended kind=TRANSPORT_CLOSED retryable=true
[1788501877207] MA: session ended kind=TRANSPORT_CLOSED retryable=true
[1788501877654] MA: session ended kind=TRANSPORT_CLOSED retryable=true
[1788501878212] MA: session ended kind=TRANSPORT_CLOSED retryable=true
[1788501878696] MA: session ended kind=TRANSPORT_CLOSED retryable=true
[1788501879195] MA: session ended kind=TRANSPORT_CLOSED retryable=true
[1788501879676] MA: session ended kind=TRANSPORT_CLOSED retryable=true
[1788501880254] MA: session ended kind=TRANSPORT_CLOSED retryable=true
[1788501880833] MA: session ended kind=TRANSPORT_CLOSED retryable=true
[1788501881292] MA: session ended kind=TRANSPORT_CLOSED retryable=true
[1788501881896] MA: session ended kind=TRANSPORT_CLOSED retryable=true
[1788501882494] MA: session ended kind=TRANSPORT_CLOSED retryable=true
[1788501882964] MA: session ended kind=TRANSPORT_CLOSED retryable=true
[1788501883419] MA: session ended kind=TRANSPORT_CLOSED retryable=true
[1788501883998] MA: session ended kind=TRANSPORT_CLOSED retryable=true
[1788501884543] MA: session ended kind=TRANSPORT_CLOSED retryable=true
[1788501885105] MA: session ended kind=TRANSPORT_CLOSED retryable=true
[1788501885604] MA: session ended kind=TRANSPORT_CLOSED retryable=true
[1788501886201] MA: session ended kind=TRANSPORT_CLOSED retryable=true
[1788501886774] MA: session ended kind=TRANSPORT_CLOSED retryable=true
[1788501887218] MA: session ended kind=TRANSPORT_CLOSED retryable=true
[1788501887769] MA: session ended kind=TRANSPORT_CLOSED retryable=true
[1788501888297] MA: session ended kind=TRANSPORT_CLOSED retryable=true
[1788501888825] MA: session ended kind=TRANSPORT_CLOSED retryable=true
[1788501889308] MA: session ended kind=TRANSPORT_CLOSED retryable=true
[1788501889754] MA: session ended kind=TRANSPORT_CLOSED retryable=true
[1788501890320] MA: session ended kind=TRANSPORT_CLOSED retryable=true
[1788501890917] MA: session ended kind=TRANSPORT_CLOSED retryable=true
[1788501891516] MA: session ended kind=TRANSPORT_CLOSED retryable=true
[1788501892073] MA: session ended kind=TRANSPORT_CLOSED retryable=true
[1788501892592] MA: session ended kind=TRANSPORT_CLOSED retryable=true
[1788501893051] MA: session ended kind=TRANSPORT_CLOSED retryable=true
[1788501893576] MA: session ended kind=TRANSPORT_CLOSED retryable=true
[1788501894168] MA: session ended kind=TRANSPORT_CLOSED retryable=true
[1788501894600] MA: session ended kind=TRANSPORT_CLOSED retryable=true
[1788501895200] MA: session ended kind=TRANSPORT_CLOSED retryable=true
[1788501895788] MA: session ended kind=TRANSPORT_CLOSED retryable=true
[1788501896386] MA: session ended kind=TRANSPORT_CLOSED retryable=true
[1788501896823] MA: session ended kind=TRANSPORT_CLOSED retryable=true
[1788501897338] MA: session ended kind=TRANSPORT_CLOSED retryable=true
[1788501897782] MA: session ended kind=TRANSPORT_CLOSED retryable=true
[1788501898400] MA: session ended kind=TRANSPORT_CLOSED retryable=true
[1788501899011] MA: session ended kind=TRANSPORT_CLOSED retryable=true
[1788501899510] MA: session ended kind=TRANSPORT_CLOSED retryable=true
[1788501899992] MA: session ended kind=TRANSPORT_CLOSED retryable=true
[1788501900578] MA: session ended kind=TRANSPORT_CLOSED retryable=true
[1788501901115] MA: session ended kind=TRANSPORT_CLOSED retryable=true
[1788501901615] MA: session ended kind=TRANSPORT_CLOSED retryable=true
[1788501902188] MA: session ended kind=TRANSPORT_CLOSED retryable=true
[1788501902769] MA: session ended kind=TRANSPORT_CLOSED retryable=true
[1788501903368] MA: session ended kind=TRANSPORT_CLOSED retryable=true
[1788501903953] MA: session ended kind=TRANSPORT_CLOSED retryable=true
[1788501904524] MA: session ended kind=TRANSPORT_CLOSED retryable=true
[1788501904985] MA: session ended kind=TRANSPORT_CLOSED retryable=true
[1788501905445] MA: session ended kind=TRANSPORT_CLOSED retryable=true
[1788501906051] MA: session ended kind=TRANSPORT_CLOSED retryable=true
[1788501906627] MA: session ended kind=TRANSPORT_CLOSED retryable=true
[1788501907092] MA: session ended kind=TRANSPORT_CLOSED retryable=true
[1788501907564] MA: session ended kind=TRANSPORT_CLOSED retryable=true
[1788501907987] MA: session ended kind=TRANSPORT_CLOSED retryable=true
[1788501908444] MA: session ended kind=TRANSPORT_CLOSED retryable=true
[1788501908999] MA: session ended kind=TRANSPORT_CLOSED retryable=true
[1788501909487] MA: session ended kind=TRANSPORT_CLOSED retryable=true
[1788501910010] MA: session ended kind=TRANSPORT_CLOSED retryable=true
[1788501910489] MA: session ended kind=TRANSPORT_CLOSED retryable=true
[1788501911083] MA: session ended kind=TRANSPORT_CLOSED retryable=true
[1788501911531] MA: session ended kind=TRANSPORT_CLOSED retryable=true
[1788501912106] MA: session ended kind=TRANSPORT_CLOSED retryable=true
[1788501912584] MA: session ended kind=TRANSPORT_CLOSED retryable=true
[1788501913055] MA: session ended kind=TRANSPORT_CLOSED retryable=true
[1788501913507] MA: session ended kind=TRANSPORT_CLOSED retryable=true
[1788501914110] MA: session ended kind=TRANSPORT_CLOSED retryable=true
[1788501914580] MA: session ended kind=TRANSPORT_CLOSED retryable=true
[1788501915148] MA: session ended kind=TRANSPORT_CLOSED retryable=true
[1788501915693] MA: session ended kind=TRANSPORT_CLOSED retryable=true
[1788501916147] MA: session ended kind=TRANSPORT_CLOSED retryable=true
[1788501916688] MA: session ended kind=TRANSPORT_CLOSED retryable=true
[1788501917171] MA: session ended kind=TRANSPORT_CLOSED retryable=true
[1788501917692] MA: session ended kind=TRANSPORT_CLOSED retryable=true
[1788501918221] MA: session ended kind=TRANSPORT_CLOSED retryable=true
[1788501918823] MA: session ended kind=TRANSPORT_CLOSED retryable=true
[1788501919366] MA: session ended kind=TRANSPORT_CLOSED retryable=true
[1788501919947] MA: session ended kind=TRANSPORT_CLOSED retryable=true
[1788501920410] MA: session ended kind=TRANSPORT_CLOSED retryable=true
[1788501920850] MA: session ended kind=TRANSPORT_CLOSED retryable=true
[1788501921331] MA: session ended kind=TRANSPORT_CLOSED retryable=true
[1788501921811] MA: session ended kind=TRANSPORT_CLOSED retryable=true
[1788501922347] MA: session ended kind=TRANSPORT_CLOSED retryable=true
[1788501922811] MA: session ended kind=TRANSPORT_CLOSED retryable=true
[1788501923236] MA: session ended kind=TRANSPORT_CLOSED retryable=true
[1788501923802] MA: session ended kind=TRANSPORT_CLOSED retryable=true
[1788501924333] MA: session ended kind=TRANSPORT_CLOSED retryable=true
[1788501924868] MA: session ended kind=TRANSPORT_CLOSED retryable=true
[1788501925298] MA: session ended kind=TRANSPORT_CLOSED retryable=true
[1788501925901] MA: session ended kind=TRANSPORT_CLOSED retryable=true
[1788501926433] MA: session ended kind=TRANSPORT_CLOSED retryable=true
[1788501926889] MA: session ended kind=TRANSPORT_CLOSED retryable=true
[1788501927404] MA: session ended kind=TRANSPORT_CLOSED retryable=true
[1788501928026] MA: session ended kind=TRANSPORT_CLOSED retryable=true
[1788501928610] MA: session ended kind=TRANSPORT_CLOSED retryable=true
[1788501929194] MA: session ended kind=TRANSPORT_CLOSED retryable=true
[1788501929619] MA: session ended kind=TRANSPORT_CLOSED retryable=true
[1788501930130] MA: session ended kind=TRANSPORT_CLOSED retryable=true
[1788501930696] MA: session ended kind=TRANSPORT_CLOSED retryable=true
[1788501931140] MA: session ended kind=TRANSPORT_CLOSED retryable=true
[1788501931746] MA: session ended kind=TRANSPORT_CLOSED retryable=true
[1788501932221] MA: session ended kind=TRANSPORT_CLOSED retryable=true
[1788501932836] MA: session ended kind=TRANSPORT_CLOSED retryable=true
[1788501933340] MA: session ended kind=TRANSPORT_CLOSED retryable=true
[1788501933928] MA: session ended kind=TRANSPORT_CLOSED retryable=true
[1788501934491] MA: session ended kind=TRANSPORT_CLOSED retryable=true
[1788501935004] MA: session ended kind=TRANSPORT_CLOSED retryable=true
[1788501935452] MA: session ended kind=TRANSPORT_CLOSED retryable=true
[1788501935939] MA: session ended kind=TRANSPORT_CLOSED retryable=true
[1788501936556] MA: session ended kind=TRANSPORT_CLOSED retryable=true
[1788501937094] MA: session ended kind=TRANSPORT_CLOSED retryable=true
[1788501937672] MA: session ended kind=TRANSPORT_CLOSED retryable=true
[1788501938291] MA: session ended kind=TRANSPORT_CLOSED retryable=true
[1788501938897] MA: session ended kind=TRANSPORT_CLOSED retryable=true
[1788501939512] MA: session ended kind=TRANSPORT_CLOSED retryable=true
[1788501940123] MA: session ended kind=TRANSPORT_CLOSED retryable=true
[1788501940567] MA: session ended kind=TRANSPORT_CLOSED retryable=true
[1788501941049] MA: session ended kind=TRANSPORT_CLOSED retryable=true
[1788501941661] MA: session ended kind=TRANSPORT_CLOSED retryable=true
[1788501942220] MA: session ended kind=TRANSPORT_CLOSED retryable=true
[1788501942842] MA: session ended kind=TRANSPORT_CLOSED retryable=true
[1788501943437] MA: session ended kind=TRANSPORT_CLOSED retryable=true
[1788501944051] MA: session ended kind=TRANSPORT_CLOSED retryable=true
[1788501944595] MA: session ended kind=TRANSPORT_CLOSED retryable=true
[1788501945108] MA: session ended kind=TRANSPORT_CLOSED retryable=true
[1788501945699] MA: session ended kind=TRANSPORT_CLOSED retryable=true
[1788501946163] MA: session ended kind=TRANSPORT_CLOSED retryable=true
[1788501946708] MA: session ended kind=TRANSPORT_CLOSED retryable=true
[1788501947286] MA: session ended kind=TRANSPORT_CLOSED retryable=true
[1788501947849] MA: session ended kind=TRANSPORT_CLOSED retryable=true
[1788501948361] MA: session ended kind=TRANSPORT_CLOSED retryable=true
[1788501948883] MA: session ended kind=TRANSPORT_CLOSED retryable=true
[1788501949428] MA: session ended kind=TRANSPORT_CLOSED retryable=true
[1788501949894] MA: session ended kind=TRANSPORT_CLOSED retryable=true
[1788501950363] MA: session ended kind=TRANSPORT_CLOSED retryable=true
[1788501950881] MA: session ended kind=TRANSPORT_CLOSED retryable=true
[1788501951297] MA: session ended kind=TRANSPORT_CLOSED retryable=true
[1788501951768] MA: session ended kind=TRANSPORT_CLOSED retryable=true
[1788501952377] MA: session ended kind=TRANSPORT_CLOSED retryable=true
[1788501952982] MA: session ended kind=TRANSPORT_CLOSED retryable=true
[1788501953595] MA: session ended kind=TRANSPORT_CLOSED retryable=true
[1788501954045] MA: session ended kind=TRANSPORT_CLOSED retryable=true
[1788501954496] MA: session ended kind=TRANSPORT_CLOSED retryable=true
[1788501955007] MA: session ended kind=TRANSPORT_CLOSED retryable=true
[1788501955549] MA: session ended kind=TRANSPORT_CLOSED retryable=true
[1788501956042] MA: session ended kind=TRANSPORT_CLOSED retryable=true
[1788501956529] MA: session ended kind=TRANSPORT_CLOSED retryable=true
[1788501957064] MA: session ended kind=TRANSPORT_CLOSED retryable=true
[1788501957483] MA: session ended kind=TRANSPORT_CLOSED retryable=true
[1788501957956] MA: session ended kind=TRANSPORT_CLOSED retryable=true
[1788501958514] MA: session ended kind=TRANSPORT_CLOSED retryable=true
[1788501959119] MA: session ended kind=TRANSPORT_CLOSED retryable=true
[1788501959570] MA: session ended kind=TRANSPORT_CLOSED retryable=true
[1788501960035] MA: session ended kind=TRANSPORT_CLOSED retryable=true
[1788501960598] MA: session ended kind=TRANSPORT_CLOSED retryable=true
[1788501961062] MA: session ended kind=TRANSPORT_CLOSED retryable=true
[1788501961530] MA: session ended kind=TRANSPORT_CLOSED retryable=true
[1788501961988] MA: session ended kind=TRANSPORT_CLOSED retryable=true
[1788501962548] MA: session ended kind=TRANSPORT_CLOSED retryable=true
[1788501962987] MA: session ended kind=TRANSPORT_CLOSED retryable=true
[1788501963572] MA: session ended kind=TRANSPORT_CLOSED retryable=true
[1788501964055] MA: session ended kind=TRANSPORT_CLOSED retryable=true
[1788501964488] MA: session ended kind=TRANSPORT_CLOSED retryable=true
[1788501964917] MA: session ended kind=TRANSPORT_CLOSED retryable=true
[1788501965499] MA: session ended kind=TRANSPORT_CLOSED retryable=true
[1788501965983] MA: session ended kind=TRANSPORT_CLOSED retryable=true
[1788501966604] MA: session ended kind=TRANSPORT_CLOSED retryable=true
[1788501967177] MA: session ended kind=TRANSPORT_CLOSED retryable=true
[1788501967679] MA: session ended kind=TRANSPORT_CLOSED retryable=true
[1788501968263] MA: session ended kind=TRANSPORT_CLOSED retryable=true
[1788501968762] MA: session ended kind=TRANSPORT_CLOSED retryable=true
[1788501969209] MA: session ended kind=TRANSPORT_CLOSED retryable=true
[1788501969733] MA: session ended kind=TRANSPORT_CLOSED retryable=true
[1788501970232] MA: session ended kind=TRANSPORT_CLOSED retryable=true
[1788501970830] MA: session ended kind=TRANSPORT_CLOSED retryable=true
[1788501971319] MA: session ended kind=TRANSPORT_CLOSED retryable=true
[1788501971869] MA: session ended kind=TRANSPORT_CLOSED retryable=true
[1788501972349] MA: session ended kind=TRANSPORT_CLOSED retryable=true
[1788501972899] MA: session ended kind=TRANSPORT_CLOSED retryable=true
[1788501973419] MA: session ended kind=TRANSPORT_CLOSED retryable=true
[1788501973916] MA: session ended kind=TRANSPORT_CLOSED retryable=true
[1788501974369] MA: session ended kind=TRANSPORT_CLOSED retryable=true
[1788501974822] MA: session ended kind=TRANSPORT_CLOSED retryable=true
[1788501975302] MA: session ended kind=TRANSPORT_CLOSED retryable=true
[1788501975925] MA: session ended kind=TRANSPORT_CLOSED retryable=true
[1788501976517] MA: session ended kind=TRANSPORT_CLOSED retryable=true
[1788501976992] MA: session ended kind=TRANSPORT_CLOSED retryable=true
[1788501977549] MA: session ended kind=TRANSPORT_CLOSED retryable=true
[1788501978073] MA: session ended kind=TRANSPORT_CLOSED retryable=true
[1788501978518] MA: session ended kind=TRANSPORT_CLOSED retryable=true
[1788501979042] MA: session ended kind=TRANSPORT_CLOSED retryable=true
[1788501979551] MA: session ended kind=TRANSPORT_CLOSED retryable=true
[1788501980133] MA: session ended kind=TRANSPORT_CLOSED retryable=true
[1788501980666] MA: session ended kind=TRANSPORT_CLOSED retryable=true
[1788501981128] MA: session ended kind=TRANSPORT_CLOSED retryable=true
[1788501981749] MA: session ended kind=TRANSPORT_CLOSED retryable=true
[1788501982267] MA: session ended kind=TRANSPORT_CLOSED retryable=true
[1788501982748] MA: session ended kind=TRANSPORT_CLOSED retryable=true
[1788501983285] MA: session ended kind=TRANSPORT_CLOSED retryable=true
[1788501983804] MA: session ended kind=TRANSPORT_CLOSED retryable=true
[1788501984223] MA: session ended kind=TRANSPORT_CLOSED retryable=true
[1788501984736] MA: session ended kind=TRANSPORT_CLOSED retryable=true
[1788501985260] MA: session ended kind=TRANSPORT_CLOSED retryable=true
[1788501985786] MA: session ended kind=TRANSPORT_CLOSED retryable=true
[1788501986340] MA: session ended kind=TRANSPORT_CLOSED retryable=true
[1788501986891] MA: session ended kind=TRANSPORT_CLOSED retryable=true
[1788501987395] MA: session ended kind=TRANSPORT_CLOSED retryable=true
[1788501987954] MA: session ended kind=TRANSPORT_CLOSED retryable=true
[1788501988497] MA: session ended kind=TRANSPORT_CLOSED retryable=true
[1788501989053] MA: session ended kind=TRANSPORT_CLOSED retryable=true
[1788501989498] MA: session ended kind=TRANSPORT_CLOSED retryable=true
[1788501990108] MA: session ended kind=TRANSPORT_CLOSED retryable=true
[1788501990570] MA: session ended kind=TRANSPORT_CLOSED retryable=true
[1788501991002] MA: session ended kind=TRANSPORT_CLOSED retryable=true
[1788501991547] MA: session ended kind=TRANSPORT_CLOSED retryable=true
[1788501992061] MA: session ended kind=TRANSPORT_CLOSED retryable=true
[1788501992643] MA: session ended kind=TRANSPORT_CLOSED retryable=true
[1788501993100] MA: session ended kind=TRANSPORT_CLOSED retryable=true
[1788501993554] MA: session ended kind=TRANSPORT_CLOSED retryable=true
[1788501994068] MA: session ended kind=TRANSPORT_CLOSED retryable=true
[1788501994550] MA: session ended kind=TRANSPORT_CLOSED retryable=true
[1788501995047] MA: session ended kind=TRANSPORT_CLOSED retryable=true
[1788501995606] MA: session ended kind=TRANSPORT_CLOSED retryable=true
[1788501996209] MA: session ended kind=TRANSPORT_CLOSED retryable=true
[1788501996668] MA: session ended kind=TRANSPORT_CLOSED retryable=true
[1788501997107] MA: session ended kind=TRANSPORT_CLOSED retryable=true
[1788501997652] MA: session ended kind=TRANSPORT_CLOSED retryable=true
[1788501998203] MA: session ended kind=TRANSPORT_CLOSED retryable=true
[1788501998684] MA: session ended kind=TRANSPORT_CLOSED retryable=true
[1788501999178] MA: session ended kind=TRANSPORT_CLOSED retryable=true
[1788501999704] MA: session ended kind=TRANSPORT_CLOSED retryable=true
[1788502000263] MA: session ended kind=TRANSPORT_CLOSED retryable=true
[1788502000798] MA: session ended kind=TRANSPORT_CLOSED retryable=true
[1788502001364] MA: session ended kind=TRANSPORT_CLOSED retryable=true
[1788502001810] MA: session ended kind=TRANSPORT_CLOSED retryable=true
[1788502002388] MA: session ended kind=TRANSPORT_CLOSED retryable=true
[1788502002978] MA: session ended kind=TRANSPORT_CLOSED retryable=true
[1788502003455] MA: session ended kind=TRANSPORT_CLOSED retryable=true
[1788502003879] MA: session ended kind=TRANSPORT_CLOSED retryable=true
[1788502004363] MA: session ended kind=TRANSPORT_CLOSED retryable=true
[1788502004958] MA: session ended kind=TRANSPORT_CLOSED retryable=true
[1788502005517] MA: session ended kind=TRANSPORT_CLOSED retryable=true
[1788502006062] MA: session ended kind=TRANSPORT_CLOSED retryable=true
[1788502006550] MA: session ended kind=TRANSPORT_CLOSED retryable=true
[1788502007126] MA: session ended kind=TRANSPORT_CLOSED retryable=true
[1788502007643] MA: session ended kind=TRANSPORT_CLOSED retryable=true
[1788502008187] MA: session ended kind=TRANSPORT_CLOSED retryable=true
[1788502008806] MA: session ended kind=TRANSPORT_CLOSED retryable=true
[1788502009275] MA: session ended kind=TRANSPORT_CLOSED retryable=true
[1788502009856] MA: session ended kind=TRANSPORT_CLOSED retryable=true
[1788502010392] MA: session ended kind=TRANSPORT_CLOSED retryable=true
[1788502010888] MA: session ended kind=TRANSPORT_CLOSED retryable=true
[1788502011363] MA: session ended kind=TRANSPORT_CLOSED retryable=true
[1788502011826] MA: session ended kind=TRANSPORT_CLOSED retryable=true
[1788502012422] MA: session ended kind=TRANSPORT_CLOSED retryable=true
[1788502012948] MA: session ended kind=TRANSPORT_CLOSED retryable=true
[1788502013480] MA: session ended kind=TRANSPORT_CLOSED retryable=true
[1788502013921] MA: session ended kind=TRANSPORT_CLOSED retryable=true
[1788502014371] MA: session ended kind=TRANSPORT_CLOSED retryable=true
[1788502014947] MA: session ended kind=TRANSPORT_CLOSED retryable=true
[1788502015416] MA: session ended kind=TRANSPORT_CLOSED retryable=true
[1788502016009] MA: session ended kind=TRANSPORT_CLOSED retryable=true
[1788502016451] MA: session ended kind=TRANSPORT_CLOSED retryable=true
[1788502016930] MA: session ended kind=TRANSPORT_CLOSED retryable=true
[1788502017360] MA: session ended kind=TRANSPORT_CLOSED retryable=true
[1788502017779] MA: session ended kind=TRANSPORT_CLOSED retryable=true
[1788502018247] MA: session ended kind=TRANSPORT_CLOSED retryable=true
[1788502018836] MA: session ended kind=TRANSPORT_CLOSED retryable=true
[1788502019431] MA: session ended kind=TRANSPORT_CLOSED retryable=true
[1788502019912] MA: session ended kind=TRANSPORT_CLOSED retryable=true
[1788502020507] MA: session ended kind=TRANSPORT_CLOSED retryable=true
[1788502021043] MA: session ended kind=TRANSPORT_CLOSED retryable=true
[1788502021549] MA: session ended kind=TRANSPORT_CLOSED retryable=true
[1788502022000] MA: session ended kind=TRANSPORT_CLOSED retryable=true
[1788502022574] MA: session ended kind=TRANSPORT_CLOSED retryable=true
[1788502023027] MA: session ended kind=TRANSPORT_CLOSED retryable=true
[1788502023637] MA: session ended kind=TRANSPORT_CLOSED retryable=true
[1788502024131] MA: session ended kind=TRANSPORT_CLOSED retryable=true
[1788502024679] MA: session ended kind=TRANSPORT_CLOSED retryable=true
[1788502025228] MA: session ended kind=TRANSPORT_CLOSED retryable=true
[1788502025680] MA: session ended kind=TRANSPORT_CLOSED retryable=true
[1788502026294] MA: session ended kind=TRANSPORT_CLOSED retryable=true
[1788502026836] MA: session ended kind=TRANSPORT_CLOSED retryable=true
[1788502027334] MA: session ended kind=TRANSPORT_CLOSED retryable=true
[1788502027899] MA: session ended kind=TRANSPORT_CLOSED retryable=true
[1788502028351] MA: session ended kind=TRANSPORT_CLOSED retryable=true
[1788502028814] MA: session ended kind=TRANSPORT_CLOSED retryable=true
[1788502029374] MA: session ended kind=TRANSPORT_CLOSED retryable=true
[1788502029884] MA: session ended kind=TRANSPORT_CLOSED retryable=true
[1788502030459] MA: session ended kind=TRANSPORT_CLOSED retryable=true
[1788502030962] MA: session ended kind=TRANSPORT_CLOSED retryable=true
[1788502031530] MA: session ended kind=TRANSPORT_CLOSED retryable=true
[1788502031980] MA: session ended kind=TRANSPORT_CLOSED retryable=true
[1788502032461] MA: session ended kind=TRANSPORT_CLOSED retryable=true
[1788502033061] MA: session ended kind=TRANSPORT_CLOSED retryable=true
[1788502033626] MA: session ended kind=TRANSPORT_CLOSED retryable=true
[1788502034198] MA: session ended kind=TRANSPORT_CLOSED retryable=true
[1788502034782] MA: session ended kind=TRANSPORT_CLOSED retryable=true
[1788502035308] MA: session ended kind=TRANSPORT_CLOSED retryable=true
[1788502035796] MA: session ended kind=TRANSPORT_CLOSED retryable=true
[1788502036220] MA: session ended kind=TRANSPORT_CLOSED retryable=true
[1788502036654] MA: session ended kind=TRANSPORT_CLOSED retryable=true
[1788502037091] MA: session ended kind=TRANSPORT_CLOSED retryable=true
[1788502037586] MA: session ended kind=TRANSPORT_CLOSED retryable=true
[1788502038071] MA: session ended kind=TRANSPORT_CLOSED retryable=true
[1788502038634] MA: session ended kind=TRANSPORT_CLOSED retryable=true
[1788502039252] MA: session ended kind=TRANSPORT_CLOSED retryable=true
[1788502039796] MA: session ended kind=TRANSPORT_CLOSED retryable=true
[1788502040368] MA: session ended kind=TRANSPORT_CLOSED retryable=true
[1788502040805] MA: session ended kind=TRANSPORT_CLOSED retryable=true
[1788502041276] MA: session ended kind=TRANSPORT_CLOSED retryable=true
[1788502041782] MA: session ended kind=TRANSPORT_CLOSED retryable=true
[1788502042209] MA: session ended kind=TRANSPORT_CLOSED retryable=true
[1788502042648] MA: session ended kind=TRANSPORT_CLOSED retryable=true
[1788502043111] MA: session ended kind=TRANSPORT_CLOSED retryable=true
[1788502043667] MA: session ended kind=TRANSPORT_CLOSED retryable=true
[1788502044152] MA: session ended kind=TRANSPORT_CLOSED retryable=true
[1788502044572] MA: session ended kind=TRANSPORT_CLOSED retryable=true
[1788502045019] MA: session ended kind=TRANSPORT_CLOSED retryable=true
[1788502045642] MA: session ended kind=TRANSPORT_CLOSED retryable=true
[1788502046104] MA: session ended kind=TRANSPORT_CLOSED retryable=true
[1788502046687] MA: session ended kind=TRANSPORT_CLOSED retryable=true
[1788502047171] MA: session ended kind=TRANSPORT_CLOSED retryable=true
[1788502047746] MA: session ended kind=TRANSPORT_CLOSED retryable=true
[1788502048181] MA: session ended kind=TRANSPORT_CLOSED retryable=true
[1788502048649] MA: session ended kind=TRANSPORT_CLOSED retryable=true
[1788502049196] MA: session ended kind=TRANSPORT_CLOSED retryable=true
[1788502049760] MA: session ended kind=TRANSPORT_CLOSED retryable=true
[1788502050338] MA: session ended kind=TRANSPORT_CLOSED retryable=true
[1788502050828] MA: session ended kind=TRANSPORT_CLOSED retryable=true
[1788502051427] MA: session ended kind=TRANSPORT_CLOSED retryable=true
[1788502051947] MA: session ended kind=TRANSPORT_CLOSED retryable=true
[1788502052547] MA: session ended kind=TRANSPORT_CLOSED retryable=true
[1788502053149] MA: session ended kind=TRANSPORT_CLOSED retryable=true
[1788502053604] MA: session ended kind=TRANSPORT_CLOSED retryable=true
[1788502054107] MA: session ended kind=TRANSPORT_CLOSED retryable=true
[1788502054712] MA: session ended kind=TRANSPORT_CLOSED retryable=true
[1788502055306] MA: session ended kind=TRANSPORT_CLOSED retryable=true
[1788502055823] MA: session ended kind=TRANSPORT_CLOSED retryable=true
[1788502056385] MA: session ended kind=TRANSPORT_CLOSED retryable=true
[1788502056966] MA: session ended kind=TRANSPORT_CLOSED retryable=true
[1788502057543] MA: session ended kind=TRANSPORT_CLOSED retryable=true
[1788502058024] MA: session ended kind=TRANSPORT_CLOSED retryable=true
[1788502058611] MA: session ended kind=TRANSPORT_CLOSED retryable=true
[1788502059157] MA: session ended kind=TRANSPORT_CLOSED retryable=true
[1788502059712] MA: session ended kind=TRANSPORT_CLOSED retryable=true
[1788502060155] MA: session ended kind=TRANSPORT_CLOSED retryable=true
[1788502060607] MA: session ended kind=TRANSPORT_CLOSED retryable=true
[1788502061102] MA: session ended kind=TRANSPORT_CLOSED retryable=true
[1788502061619] MA: session ended kind=TRANSPORT_CLOSED retryable=true
[1788502062151] MA: session ended kind=TRANSPORT_CLOSED retryable=true
[1788502062768] MA: session ended kind=TRANSPORT_CLOSED retryable=true
[1788502063195] MA: session ended kind=TRANSPORT_CLOSED retryable=true
[1788502063763] MA: session ended kind=TRANSPORT_CLOSED retryable=true
[1788502064192] MA: session ended kind=TRANSPORT_CLOSED retryable=true
[1788502064653] MA: session ended kind=TRANSPORT_CLOSED retryable=true
[1788502065187] MA: session ended kind=TRANSPORT_CLOSED retryable=true
[1788502065831] MA: session ended kind=TRANSPORT_CLOSED retryable=true
[1788502066380] MA: session ended kind=TRANSPORT_CLOSED retryable=true
[1788502066843] MA: session ended kind=TRANSPORT_CLOSED retryable=true
[1788502067379] MA: session ended kind=TRANSPORT_CLOSED retryable=true
[1788502067933] MA: session ended kind=TRANSPORT_CLOSED retryable=true
[1788502068405] MA: session ended kind=TRANSPORT_CLOSED retryable=true
[1788502068932] MA: session ended kind=TRANSPORT_CLOSED retryable=true
[1788502069515] MA: session ended kind=TRANSPORT_CLOSED retryable=true
[1788502070088] MA: session ended kind=TRANSPORT_CLOSED retryable=true
[1788502070594] MA: session ended kind=TRANSPORT_CLOSED retryable=true
[1788502071139] MA: session ended kind=TRANSPORT_CLOSED retryable=true
[1788502071651] MA: session ended kind=TRANSPORT_CLOSED retryable=true
[1788502072262] MA: session ended kind=TRANSPORT_CLOSED retryable=true
[1788502072699] MA: session ended kind=TRANSPORT_CLOSED retryable=true
[1788502073127] MA: session ended kind=TRANSPORT_CLOSED retryable=true
[1788502073632] MA: session ended kind=TRANSPORT_CLOSED retryable=true
[1788502074213] MA: session ended kind=TRANSPORT_CLOSED retryable=true
[1788502074776] MA: session ended kind=TRANSPORT_CLOSED retryable=true
[1788502075247] MA: session ended kind=TRANSPORT_CLOSED retryable=true
[1788502075815] MA: session ended kind=TRANSPORT_CLOSED retryable=true
[1788502076267] MA: session ended kind=TRANSPORT_CLOSED retryable=true
[1788502076892] MA: session ended kind=TRANSPORT_CLOSED retryable=true
[1788502077356] MA: session ended kind=TRANSPORT_CLOSED retryable=true
[1788502077938] MA: session ended kind=TRANSPORT_CLOSED retryable=true
[1788502078459] MA: session ended kind=TRANSPORT_CLOSED retryable=true
[1788502079011] MA: session ended kind=TRANSPORT_CLOSED retryable=true
[1788502079465] MA: session ended kind=TRANSPORT_CLOSED retryable=true
[1788502080068] MA: session ended kind=TRANSPORT_CLOSED retryable=true
[1788502080601] MA: session ended kind=TRANSPORT_CLOSED retryable=true
[1788502081085] MA: session ended kind=TRANSPORT_CLOSED retryable=true
[1788502081547] MA: session ended kind=TRANSPORT_CLOSED retryable=true
[1788502082074] MA: session ended kind=TRANSPORT_CLOSED retryable=true
[1788502082549] MA: session ended kind=TRANSPORT_CLOSED retryable=true
[1788502083162] MA: session ended kind=TRANSPORT_CLOSED retryable=true
[1788502083612] MA: session ended kind=TRANSPORT_CLOSED retryable=true
[1788502084183] MA: session ended kind=TRANSPORT_CLOSED retryable=true
[1788502084734] MA: session ended kind=TRANSPORT_CLOSED retryable=true
[1788502085295] MA: session ended kind=TRANSPORT_CLOSED retryable=true
[1788502085764] MA: session ended kind=TRANSPORT_CLOSED retryable=true
[1788502086353] MA: session ended kind=TRANSPORT_CLOSED retryable=true
[1788502086931] MA: session ended kind=TRANSPORT_CLOSED retryable=true
[1788502087423] MA: session ended kind=TRANSPORT_CLOSED retryable=true
[1788502087940] MA: session ended kind=TRANSPORT_CLOSED retryable=true
[1788502088521] MA: session ended kind=TRANSPORT_CLOSED retryable=true
[1788502089024] MA: session ended kind=TRANSPORT_CLOSED retryable=true
[1788502089544] MA: session ended kind=TRANSPORT_CLOSED retryable=true
[1788502089978] MA: session ended kind=TRANSPORT_CLOSED retryable=true
[1788502090512] MA: session ended kind=TRANSPORT_CLOSED retryable=true
[1788502091055] MA: session ended kind=TRANSPORT_CLOSED retryable=true
[1788502091624] MA: session ended kind=TRANSPORT_CLOSED retryable=true
[1788502092122] MA: session ended kind=TRANSPORT_CLOSED retryable=true
[1788502092667] MA: session ended kind=TRANSPORT_CLOSED retryable=true
[1788502093187] MA: session ended kind=TRANSPORT_CLOSED retryable=true
[1788502093680] MA: session ended kind=TRANSPORT_CLOSED retryable=true
[1788502094133] MA: session ended kind=TRANSPORT_CLOSED retryable=true
[1788502094707] MA: session ended kind=TRANSPORT_CLOSED retryable=true
[1788502095314] MA: session ended kind=TRANSPORT_CLOSED retryable=true
[1788502095757] MA: session ended kind=TRANSPORT_CLOSED retryable=true
[1788502096361] MA: session ended kind=TRANSPORT_CLOSED retryable=true
[1788502096908] MA: session ended kind=TRANSPORT_CLOSED retryable=true
[1788502097337] MA: session ended kind=TRANSPORT_CLOSED retryable=true
[1788502097888] MA: session ended kind=TRANSPORT_CLOSED retryable=true
[1788502098493] MA: session ended kind=TRANSPORT_CLOSED retryable=true
[1788502099058] MA: session ended kind=TRANSPORT_CLOSED retryable=true
[1788502099619] MA: session ended kind=TRANSPORT_CLOSED retryable=true
[1788502100071] MA: session ended kind=TRANSPORT_CLOSED retryable=true
[1788502100494] MA: session ended kind=TRANSPORT_CLOSED retryable=true
[1788502100963] MA: session ended kind=TRANSPORT_CLOSED retryable=true
[1788502101564] MA: session ended kind=TRANSPORT_CLOSED retryable=true
[1788502102152] MA: session ended kind=TRANSPORT_CLOSED retryable=true
[1788502102748] MA: session ended kind=TRANSPORT_CLOSED retryable=true
[1788502103216] MA: session ended kind=TRANSPORT_CLOSED retryable=true
[1788502103693] MA: session ended kind=TRANSPORT_CLOSED retryable=true
[1788502104174] MA: session ended kind=TRANSPORT_CLOSED retryable=true
[1788502104782] MA: session ended kind=TRANSPORT_CLOSED retryable=true
[1788502105326] MA: session ended kind=TRANSPORT_CLOSED retryable=true
[1788502105945] MA: session ended kind=TRANSPORT_CLOSED retryable=true
[1788502106491] MA: session ended kind=TRANSPORT_CLOSED retryable=true
[1788502106944] MA: session ended kind=TRANSPORT_CLOSED retryable=true
[1788502107520] MA: session ended kind=TRANSPORT_CLOSED retryable=true
[1788502108097] MA: session ended kind=TRANSPORT_CLOSED retryable=true
[1788502108641] MA: session ended kind=TRANSPORT_CLOSED retryable=true
[1788502109189] MA: session ended kind=TRANSPORT_CLOSED retryable=true
[1788502109780] MA: session ended kind=TRANSPORT_CLOSED retryable=true
[1788502110316] MA: session ended kind=TRANSPORT_CLOSED retryable=true
[1788502110790] MA: session ended kind=TRANSPORT_CLOSED retryable=true
[1788502111215] MA: session ended kind=TRANSPORT_CLOSED retryable=true
[1788502111756] MA: session ended kind=TRANSPORT_CLOSED retryable=true
[1788502112252] MA: session ended kind=TRANSPORT_CLOSED retryable=true
[1788502112698] MA: session ended kind=TRANSPORT_CLOSED retryable=true
[1788502113190] MA: session ended kind=TRANSPORT_CLOSED retryable=true
[1788502113713] MA: session ended kind=TRANSPORT_CLOSED retryable=true
[1788502114143] MA: session ended kind=TRANSPORT_CLOSED retryable=true
[1788502114720] MA: session ended kind=TRANSPORT_CLOSED retryable=true
[1788502115236] MA: session ended kind=TRANSPORT_CLOSED retryable=true
[1788502115723] MA: session ended kind=TRANSPORT_CLOSED retryable=true
[1788502116261] MA: session ended kind=TRANSPORT_CLOSED retryable=true
[1788502116886] MA: session ended kind=TRANSPORT_CLOSED retryable=true
[1788502117406] MA: session ended kind=TRANSPORT_CLOSED retryable=true
[1788502117911] MA: session ended kind=TRANSPORT_CLOSED retryable=true
[1788502118424] MA: session ended kind=TRANSPORT_CLOSED retryable=true
[1788502118963] MA: session ended kind=TRANSPORT_CLOSED retryable=true
[1788502119532] MA: session ended kind=TRANSPORT_CLOSED retryable=true
[1788502120059] MA: session ended kind=TRANSPORT_CLOSED retryable=true
[1788502120501] MA: session ended kind=TRANSPORT_CLOSED retryable=true
[1788502120947] MA: session ended kind=TRANSPORT_CLOSED retryable=true
[1788502121545] MA: session ended kind=TRANSPORT_CLOSED retryable=true
[1788502121977] MA: session ended kind=TRANSPORT_CLOSED retryable=true
[1788502122403] MA: session ended kind=TRANSPORT_CLOSED retryable=true
[1788502122915] MA: session ended kind=TRANSPORT_CLOSED retryable=true
[1788502123456] MA: session ended kind=TRANSPORT_CLOSED retryable=true
[1788502123952] MA: session ended kind=TRANSPORT_CLOSED retryable=true
[1788502124443] MA: session ended kind=TRANSPORT_CLOSED retryable=true
[1788502124974] MA: session ended kind=TRANSPORT_CLOSED retryable=true
[1788502125571] MA: session ended kind=TRANSPORT_CLOSED retryable=true
[1788502126175] MA: session ended kind=TRANSPORT_CLOSED retryable=true
[1788502126640] MA: session ended kind=TRANSPORT_CLOSED retryable=true
[1788502127258] MA: session ended kind=TRANSPORT_CLOSED retryable=true
[1788502127740] MA: session ended kind=TRANSPORT_CLOSED retryable=true
[1788502128267] MA: session ended kind=TRANSPORT_CLOSED retryable=true
[1788502128880] MA: session ended kind=TRANSPORT_CLOSED retryable=true
[1788502129443] MA: session ended kind=TRANSPORT_CLOSED retryable=true
[1788502130035] MA: session ended kind=TRANSPORT_CLOSED retryable=true
[1788502130626] MA: session ended kind=TRANSPORT_CLOSED retryable=true
[1788502131178] MA: session ended kind=TRANSPORT_CLOSED retryable=true
[1788502131691] MA: session ended kind=TRANSPORT_CLOSED retryable=true
[1788502132137] MA: session ended kind=TRANSPORT_CLOSED retryable=true
[1788502132604] MA: session ended kind=TRANSPORT_CLOSED retryable=true
[1788502133063] MA: session ended kind=TRANSPORT_CLOSED retryable=true
[1788502133561] MA: session ended kind=TRANSPORT_CLOSED retryable=true
[1788502134123] MA: session ended kind=TRANSPORT_CLOSED retryable=true
[1788502134580] MA: session ended kind=TRANSPORT_CLOSED retryable=true
[1788502135062] MA: session ended kind=TRANSPORT_CLOSED retryable=true
[1788502135602] MA: session ended kind=TRANSPORT_CLOSED retryable=true
[1788502136148] MA: session ended kind=TRANSPORT_CLOSED retryable=true
[1788502136683] MA: session ended kind=TRANSPORT_CLOSED retryable=true
[1788502137251] MA: session ended kind=TRANSPORT_CLOSED retryable=true
[1788502137747] MA: session ended kind=TRANSPORT_CLOSED retryable=true
[1788502138227] MA: session ended kind=TRANSPORT_CLOSED retryable=true
[1788502138658] MA: session ended kind=TRANSPORT_CLOSED retryable=true
[1788502139085] MA: session ended kind=TRANSPORT_CLOSED retryable=true
[1788502139571] MA: session ended kind=TRANSPORT_CLOSED retryable=true
[1788502140055] MA: session ended kind=TRANSPORT_CLOSED retryable=true
[1788502140621] MA: session ended kind=TRANSPORT_CLOSED retryable=true
[1788502141077] MA: session ended kind=TRANSPORT_CLOSED retryable=true
[1788502141692] MA: session ended kind=TRANSPORT_CLOSED retryable=true
[1788502142148] MA: session ended kind=TRANSPORT_CLOSED retryable=true
[1788502142747] MA: session ended kind=TRANSPORT_CLOSED retryable=true
[1788502143294] MA: session ended kind=TRANSPORT_CLOSED retryable=true
[1788502143864] MA: session ended kind=TRANSPORT_CLOSED retryable=true
[1788502144323] MA: session ended kind=TRANSPORT_CLOSED retryable=true
[1788502144888] MA: session ended kind=TRANSPORT_CLOSED retryable=true
[1788502145385] MA: session ended kind=TRANSPORT_CLOSED retryable=true
[1788502145859] MA: session ended kind=TRANSPORT_CLOSED retryable=true
[1788502146356] MA: session ended kind=TRANSPORT_CLOSED retryable=true
[1788502146928] MA: session ended kind=TRANSPORT_CLOSED retryable=true
[1788502147492] MA: session ended kind=TRANSPORT_CLOSED retryable=true
[1788502148080] MA: session ended kind=TRANSPORT_CLOSED retryable=true
[1788502148547] MA: session ended kind=TRANSPORT_CLOSED retryable=true
[1788502149092] MA: session ended kind=TRANSPORT_CLOSED retryable=true
[1788502149620] MA: session ended kind=TRANSPORT_CLOSED retryable=true
[1788502150091] MA: session ended kind=TRANSPORT_CLOSED retryable=true
[1788502150550] MA: session ended kind=TRANSPORT_CLOSED retryable=true
[1788502151054] MA: session ended kind=TRANSPORT_CLOSED retryable=true
[1788502151697] MA: session ended kind=TRANSPORT_CLOSED retryable=true
[1788502152323] MA: session ended kind=TRANSPORT_CLOSED retryable=true
[1788502152820] MA: session ended kind=TRANSPORT_CLOSED retryable=true
[1788502153379] MA: session ended kind=TRANSPORT_CLOSED retryable=true
[1788502153911] MA: session ended kind=TRANSPORT_CLOSED retryable=true
[1788502154364] MA: session ended kind=TRANSPORT_CLOSED retryable=true
[1788502154891] MA: session ended kind=TRANSPORT_CLOSED retryable=true
[1788502155379] MA: session ended kind=TRANSPORT_CLOSED retryable=true
[1788502155835] MA: session ended kind=TRANSPORT_CLOSED retryable=true
[1788502156439] MA: session ended kind=TRANSPORT_CLOSED retryable=true
[1788502156916] MA: session ended kind=TRANSPORT_CLOSED retryable=true
[1788502157507] MA: session ended kind=TRANSPORT_CLOSED retryable=true
[1788502158084] MA: session ended kind=TRANSPORT_CLOSED retryable=true
[1788502158506] MA: session ended kind=TRANSPORT_CLOSED retryable=true
[1788502158978] MA: session ended kind=TRANSPORT_CLOSED retryable=true
[1788502159494] MA: session ended kind=TRANSPORT_CLOSED retryable=true
[1788502160092] MA: session ended kind=TRANSPORT_CLOSED retryable=true
[1788502160656] MA: session ended kind=TRANSPORT_CLOSED retryable=true
[1788502161169] MA: session ended kind=TRANSPORT_CLOSED retryable=true
[1788502161594] MA: session ended kind=TRANSPORT_CLOSED retryable=true
[1788502162126] MA: session ended kind=TRANSPORT_CLOSED retryable=true
[1788502162573] MA: session ended kind=TRANSPORT_CLOSED retryable=true
[1788502163026] MA: session ended kind=TRANSPORT_CLOSED retryable=true
[1788502163644] MA: session ended kind=TRANSPORT_CLOSED retryable=true
[1788502164106] MA: session ended kind=TRANSPORT_CLOSED retryable=true
[1788502164565] MA: session ended kind=TRANSPORT_CLOSED retryable=true
[1788502165105] MA: session ended kind=TRANSPORT_CLOSED retryable=true
[1788502165563] MA: session ended kind=TRANSPORT_CLOSED retryable=true
[1788502166114] MA: session ended kind=TRANSPORT_CLOSED retryable=true
[1788502166572] MA: session ended kind=TRANSPORT_CLOSED retryable=true
[1788502167203] MA: session ended kind=TRANSPORT_CLOSED retryable=true
[1788502167769] MA: session ended kind=TRANSPORT_CLOSED retryable=true
[1788502168203] MA: session ended kind=TRANSPORT_CLOSED retryable=true
[1788502168820] MA: session ended kind=TRANSPORT_CLOSED retryable=true
[1788502169245] MA: session ended kind=TRANSPORT_CLOSED retryable=true
[1788502169826] MA: session ended kind=TRANSPORT_CLOSED retryable=true
[1788502170374] MA: session ended kind=TRANSPORT_CLOSED retryable=true
[1788502170844] MA: session ended kind=TRANSPORT_CLOSED retryable=true
[1788502171438] MA: session ended kind=TRANSPORT_CLOSED retryable=true
[1788502171990] MA: session ended kind=TRANSPORT_CLOSED retryable=true
[1788502172522] MA: session ended kind=TRANSPORT_CLOSED retryable=true
[1788502173032] MA: session ended kind=TRANSPORT_CLOSED retryable=true
[1788502173530] MA: session ended kind=TRANSPORT_CLOSED retryable=true
[1788502174114] MA: session ended kind=TRANSPORT_CLOSED retryable=true
[1788502174625] MA: session ended kind=TRANSPORT_CLOSED retryable=true
[1788502175092] MA: session ended kind=TRANSPORT_CLOSED retryable=true
[1788502175619] MA: session ended kind=TRANSPORT_CLOSED retryable=true
[1788502176049] MA: session ended kind=TRANSPORT_CLOSED retryable=true
[1788502176554] MA: session ended kind=TRANSPORT_CLOSED retryable=true
[1788502177049] MA: session ended kind=TRANSPORT_CLOSED retryable=true
[1788502177503] MA: session ended kind=TRANSPORT_CLOSED retryable=true
[1788502178064] MA: session ended kind=TRANSPORT_CLOSED retryable=true
[1788502178642] MA: session ended kind=TRANSPORT_CLOSED retryable=true
[1788502179091] MA: session ended kind=TRANSPORT_CLOSED retryable=true
[1788502179680] MA: session ended kind=TRANSPORT_CLOSED retryable=true
[1788502180223] MA: session ended kind=TRANSPORT_CLOSED retryable=true
[1788502180778] MA: session ended kind=TRANSPORT_CLOSED retryable=true
[1788502181402] MA: session ended kind=TRANSPORT_CLOSED retryable=true
[1788502181844] MA: session ended kind=TRANSPORT_CLOSED retryable=true
[1788502182415] MA: session ended kind=TRANSPORT_CLOSED retryable=true
[1788502182884] MA: session ended kind=TRANSPORT_CLOSED retryable=true
[1788502183374] MA: session ended kind=TRANSPORT_CLOSED retryable=true
[1788502183903] MA: session ended kind=TRANSPORT_CLOSED retryable=true
[1788502184514] MA: session ended kind=TRANSPORT_CLOSED retryable=true
[1788502184995] MA: session ended kind=TRANSPORT_CLOSED retryable=true
[1788502185460] MA: session ended kind=TRANSPORT_CLOSED retryable=true
[1788502185870] MA: session ended kind=TRANSPORT_CLOSED retryable=true
[1788502186364] MA: session ended kind=TRANSPORT_CLOSED retryable=true
[1788502186877] MA: session ended kind=TRANSPORT_CLOSED retryable=true
[1788502187491] MA: session ended kind=TRANSPORT_CLOSED retryable=true
[1788502188099] MA: session ended kind=TRANSPORT_CLOSED retryable=true
[1788502188611] MA: session ended kind=TRANSPORT_CLOSED retryable=true
[1788502189125] MA: session ended kind=TRANSPORT_CLOSED retryable=true
[1788502189546] MA: session ended kind=TRANSPORT_CLOSED retryable=true
[1788502190112] MA: session ended kind=TRANSPORT_CLOSED retryable=true
[1788502190659] MA: session ended kind=TRANSPORT_CLOSED retryable=true
[1788502191274] MA: session ended kind=TRANSPORT_CLOSED retryable=true
[1788502191706] MA: session ended kind=TRANSPORT_CLOSED retryable=true
[1788502192193] MA: session ended kind=TRANSPORT_CLOSED retryable=true
[1788502192723] MA: session ended kind=TRANSPORT_CLOSED retryable=true
[1788502193170] MA: session ended kind=TRANSPORT_CLOSED retryable=true
[1788502193721] MA: session ended kind=TRANSPORT_CLOSED retryable=true
[1788502194204] MA: session ended kind=TRANSPORT_CLOSED retryable=true
[1788502194738] MA: session ended kind=TRANSPORT_CLOSED retryable=true
[1788502195179] MA: session ended kind=TRANSPORT_CLOSED retryable=true
[1788502195670] MA: session ended kind=TRANSPORT_CLOSED retryable=true
[1788502196187] MA: session ended kind=TRANSPORT_CLOSED retryable=true
[1788502196629] MA: session ended kind=TRANSPORT_CLOSED retryable=true
[1788502197099] MA: session ended kind=TRANSPORT_CLOSED retryable=true
[1788502197586] MA: session ended kind=TRANSPORT_CLOSED retryable=true
[1788502198076] MA: session ended kind=TRANSPORT_CLOSED retryable=true
[1788502198701] MA: session ended kind=TRANSPORT_CLOSED retryable=true
[1788502199206] MA: session ended kind=TRANSPORT_CLOSED retryable=true
[1788502199817] MA: session ended kind=TRANSPORT_CLOSED retryable=true
[1788502200276] MA: session ended kind=TRANSPORT_CLOSED retryable=true
[1788502200800] MA: session ended kind=TRANSPORT_CLOSED retryable=true
[1788502201251] MA: session ended kind=TRANSPORT_CLOSED retryable=true
[1788502201691] MA: session ended kind=TRANSPORT_CLOSED retryable=true
[1788502202209] MA: session ended kind=TRANSPORT_CLOSED retryable=true
[1788502202636] MA: session ended kind=TRANSPORT_CLOSED retryable=true
[1788502203060] MA: session ended kind=TRANSPORT_CLOSED retryable=true
[1788502203650] MA: session ended kind=TRANSPORT_CLOSED retryable=true
[1788502204174] MA: session ended kind=TRANSPORT_CLOSED retryable=true
[1788502204677] MA: session ended kind=TRANSPORT_CLOSED retryable=true
[1788502205226] MA: session ended kind=TRANSPORT_CLOSED retryable=true
[1788502205824] MA: session ended kind=TRANSPORT_CLOSED retryable=true
[1788502206420] MA: session ended kind=TRANSPORT_CLOSED retryable=true
[1788502206964] MA: session ended kind=TRANSPORT_CLOSED retryable=true
[1788502207428] MA: session ended kind=TRANSPORT_CLOSED retryable=true
[1788502208043] MA: session ended kind=TRANSPORT_CLOSED retryable=true
[1788502208547] MA: session ended kind=TRANSPORT_CLOSED retryable=true
[1788502209051] MA: session ended kind=TRANSPORT_CLOSED retryable=true
[1788502209633] MA: session ended kind=TRANSPORT_CLOSED retryable=true
[1788502210113] MA: session ended kind=TRANSPORT_CLOSED retryable=true
[1788502210638] MA: session ended kind=TRANSPORT_CLOSED retryable=true
[1788502211159] MA: session ended kind=TRANSPORT_CLOSED retryable=true
[1788502211739] MA: session ended kind=TRANSPORT_CLOSED retryable=true
[1788502212255] MA: session ended kind=TRANSPORT_CLOSED retryable=true
[1788502212750] MA: session ended kind=TRANSPORT_CLOSED retryable=true
[1788502213294] MA: session ended kind=TRANSPORT_CLOSED retryable=true
[1788502213896] MA: session ended kind=TRANSPORT_CLOSED retryable=true
[1788502214321] MA: session ended kind=TRANSPORT_CLOSED retryable=true
[1788502214814] MA: session ended kind=TRANSPORT_CLOSED retryable=true
[1788502215310] MA: session ended kind=TRANSPORT_CLOSED retryable=true
[1788502215915] MA: session ended kind=TRANSPORT_CLOSED retryable=true
[1788502216383] MA: session ended kind=TRANSPORT_CLOSED retryable=true
[1788502216949] MA: session ended kind=TRANSPORT_CLOSED retryable=true
[1788502217558] MA: session ended kind=TRANSPORT_CLOSED retryable=true
[1788502218164] MA: session ended kind=TRANSPORT_CLOSED retryable=true
[1788502218644] MA: session ended kind=TRANSPORT_CLOSED retryable=true
[1788502219246] MA: session ended kind=TRANSPORT_CLOSED retryable=true
[1788502219817] MA: session ended kind=TRANSPORT_CLOSED retryable=true
[1788502220377] MA: session ended kind=TRANSPORT_CLOSED retryable=true
[1788502220880] MA: session ended kind=TRANSPORT_CLOSED retryable=true
[1788502221323] MA: session ended kind=TRANSPORT_CLOSED retryable=true
[1788502221816] MA: session ended kind=TRANSPORT_CLOSED retryable=true
[1788502222286] MA: session ended kind=TRANSPORT_CLOSED retryable=true
[1788502222702] MA: session ended kind=TRANSPORT_CLOSED retryable=true
[1788502223260] MA: session ended kind=TRANSPORT_CLOSED retryable=true
[1788502223711] MA: session ended kind=TRANSPORT_CLOSED retryable=true
[1788502224259] MA: session ended kind=TRANSPORT_CLOSED retryable=true
[1788502224738] MA: session ended kind=TRANSPORT_CLOSED retryable=true
[1788502225179] MA: session ended kind=TRANSPORT_CLOSED retryable=true
[1788502225709] MA: session ended kind=TRANSPORT_CLOSED retryable=true
[1788502226190] MA: session ended kind=TRANSPORT_CLOSED retryable=true
[1788502226667] MA: session ended kind=TRANSPORT_CLOSED retryable=true
[1788502227169] MA: session ended kind=TRANSPORT_CLOSED retryable=true
[1788502227611] MA: session ended kind=TRANSPORT_CLOSED retryable=true
[1788502228034] MA: session ended kind=TRANSPORT_CLOSED retryable=true
[1788502228651] MA: session ended kind=TRANSPORT_CLOSED retryable=true
[1788502229176] MA: session ended kind=TRANSPORT_CLOSED retryable=true
[1788502229654] MA: session ended kind=TRANSPORT_CLOSED retryable=true
[1788502230183] MA: session ended kind=TRANSPORT_CLOSED retryable=true
[1788502230694] MA: session ended kind=TRANSPORT_CLOSED retryable=true
[1788502231281] MA: session ended kind=TRANSPORT_CLOSED retryable=true
[1788502231795] MA: session ended kind=TRANSPORT_CLOSED retryable=true
[1788502232410] MA: session ended kind=TRANSPORT_CLOSED retryable=true
[1788502232843] MA: session ended kind=TRANSPORT_CLOSED retryable=true
[1788502233448] MA: session ended kind=TRANSPORT_CLOSED retryable=true
[1788502234004] MA: session ended kind=TRANSPORT_CLOSED retryable=true
[1788502234515] MA: session ended kind=TRANSPORT_CLOSED retryable=true
[1788502234998] MA: session ended kind=TRANSPORT_CLOSED retryable=true
[1788502235493] MA: session ended kind=TRANSPORT_CLOSED retryable=true
[1788502235923] MA: session ended kind=TRANSPORT_CLOSED retryable=true
[1788502236437] MA: session ended kind=TRANSPORT_CLOSED retryable=true
[1788502236906] MA: session ended kind=TRANSPORT_CLOSED retryable=true
[1788502237498] MA: session ended kind=TRANSPORT_CLOSED retryable=true
[1788502237990] MA: session ended kind=TRANSPORT_CLOSED retryable=true
[1788502238603] MA: session ended kind=TRANSPORT_CLOSED retryable=true
[1788502239205] MA: session ended kind=TRANSPORT_CLOSED retryable=true
[1788502239838] MA: session ended kind=TRANSPORT_CLOSED retryable=true
[1788502240375] MA: session ended kind=TRANSPORT_CLOSED retryable=true
[1788502240803] MA: session ended kind=TRANSPORT_CLOSED retryable=true
[1788502241347] MA: session ended kind=TRANSPORT_CLOSED retryable=true
[1788502241777] MA: session ended kind=TRANSPORT_CLOSED retryable=true
[1788502242360] MA: session ended kind=TRANSPORT_CLOSED retryable=true
[1788502242920] MA: session ended kind=TRANSPORT_CLOSED retryable=true
[1788502243380] MA: session ended kind=TRANSPORT_CLOSED retryable=true
[1788502243967] MA: session ended kind=TRANSPORT_CLOSED retryable=true
[1788502244416] MA: session ended kind=TRANSPORT_CLOSED retryable=true
[1788502244884] MA: session ended kind=TRANSPORT_CLOSED retryable=true
[1788502245436] MA: session ended kind=TRANSPORT_CLOSED retryable=true
[1788502246046] MA: session ended kind=TRANSPORT_CLOSED retryable=true
[1788502246535] MA: session ended kind=TRANSPORT_CLOSED retryable=true
[1788502247149] MA: session ended kind=TRANSPORT_CLOSED retryable=true
[1788502247622] MA: session ended kind=TRANSPORT_CLOSED retryable=true
[1788502248053] MA: session ended kind=TRANSPORT_CLOSED retryable=true
[1788502248484] MA: session ended kind=TRANSPORT_CLOSED retryable=true
[1788502248916] MA: session ended kind=TRANSPORT_CLOSED retryable=true
[1788502249461] MA: session ended kind=TRANSPORT_CLOSED retryable=true
[1788502250066] MA: session ended kind=TRANSPORT_CLOSED retryable=true
[1788502250640] MA: session ended kind=TRANSPORT_CLOSED retryable=true
[1788502251104] MA: session ended kind=TRANSPORT_CLOSED retryable=true
[1788502251654] MA: session ended kind=TRANSPORT_CLOSED retryable=true
[1788502252278] MA: session ended kind=TRANSPORT_CLOSED retryable=true
[1788502252800] MA: session ended kind=TRANSPORT_CLOSED retryable=true
[1788502253348] MA: session ended kind=TRANSPORT_CLOSED retryable=true
[1788502253891] MA: session ended kind=TRANSPORT_CLOSED retryable=true
[1788502254355] MA: session ended kind=TRANSPORT_CLOSED retryable=true
[1788502254959] MA: session ended kind=TRANSPORT_CLOSED retryable=true
[1788502255500] MA: session ended kind=TRANSPORT_CLOSED retryable=true
[1788502255988] MA: session ended kind=TRANSPORT_CLOSED retryable=true
[1788502256588] MA: session ended kind=TRANSPORT_CLOSED retryable=true
[1788502257178] MA: session ended kind=TRANSPORT_CLOSED retryable=true
[1788502257631] MA: session ended kind=TRANSPORT_CLOSED retryable=true
[1788502258183] MA: session ended kind=TRANSPORT_CLOSED retryable=true
[1788502258757] MA: session ended kind=TRANSPORT_CLOSED retryable=true
[1788502259304] MA: session ended kind=TRANSPORT_CLOSED retryable=true
[1788502259865] MA: session ended kind=TRANSPORT_CLOSED retryable=true
[1788502260348] MA: session ended kind=TRANSPORT_CLOSED retryable=true
[1788502260892] MA: session ended kind=TRANSPORT_CLOSED retryable=true
[1788502261409] MA: session ended kind=TRANSPORT_CLOSED retryable=true
[1788502262001] MA: session ended kind=TRANSPORT_CLOSED retryable=true
[1788502262543] MA: session ended kind=TRANSPORT_CLOSED retryable=true
[1788502262996] MA: session ended kind=TRANSPORT_CLOSED retryable=true
[1788502263442] MA: session ended kind=TRANSPORT_CLOSED retryable=true
[1788502263930] MA: session ended kind=TRANSPORT_CLOSED retryable=true
[1788502264496] MA: session ended kind=TRANSPORT_CLOSED retryable=true
[1788502265099] MA: session ended kind=TRANSPORT_CLOSED retryable=true
[1788502265684] MA: session ended kind=TRANSPORT_CLOSED retryable=true
[1788502266293] MA: session ended kind=TRANSPORT_CLOSED retryable=true
[1788502266842] MA: session ended kind=TRANSPORT_CLOSED retryable=true
[1788502267289] MA: session ended kind=TRANSPORT_CLOSED retryable=true
[1788502267736] MA: session ended kind=TRANSPORT_CLOSED retryable=true
[1788502268197] MA: session ended kind=TRANSPORT_CLOSED retryable=true
[1788502268777] MA: session ended kind=TRANSPORT_CLOSED retryable=true
[1788502269292] MA: session ended kind=TRANSPORT_CLOSED retryable=true
[1788502269716] MA: session ended kind=TRANSPORT_CLOSED retryable=true
[1788502270208] MA: session ended kind=TRANSPORT_CLOSED retryable=true
[1788502270817] MA: session ended kind=TRANSPORT_CLOSED retryable=true
[1788502271420] MA: session ended kind=TRANSPORT_CLOSED retryable=true
[1788502271923] MA: session ended kind=TRANSPORT_CLOSED retryable=true
[1788502272534] MA: session ended kind=TRANSPORT_CLOSED retryable=true
[1788502272992] MA: session ended kind=TRANSPORT_CLOSED retryable=true
[1788502273447] MA: session ended kind=TRANSPORT_CLOSED retryable=true
[1788502273891] MA: session ended kind=TRANSPORT_CLOSED retryable=true
[1788502274409] MA: session ended kind=TRANSPORT_CLOSED retryable=true
[1788502274985] MA: session ended kind=TRANSPORT_CLOSED retryable=true
[1788502275498] MA: session ended kind=TRANSPORT_CLOSED retryable=true
[1788502276088] MA: session ended kind=TRANSPORT_CLOSED retryable=true
[1788502276557] MA: session ended kind=TRANSPORT_CLOSED retryable=true
[1788502277179] MA: session ended kind=TRANSPORT_CLOSED retryable=true
[1788502277764] MA: session ended kind=TRANSPORT_CLOSED retryable=true
[1788502278220] MA: session ended kind=TRANSPORT_CLOSED retryable=true
[1788502278641] MA: session ended kind=TRANSPORT_CLOSED retryable=true
[1788502279139] MA: session ended kind=TRANSPORT_CLOSED retryable=true
[1788502279753] MA: session ended kind=TRANSPORT_CLOSED retryable=true
[1788502280355] MA: session ended kind=TRANSPORT_CLOSED retryable=true
[1788502280947] MA: session ended kind=TRANSPORT_CLOSED retryable=true
[1788502281473] MA: session ended kind=TRANSPORT_CLOSED retryable=true
[1788502281944] MA: session ended kind=TRANSPORT_CLOSED retryable=true
[1788502282431] MA: session ended kind=TRANSPORT_CLOSED retryable=true
[1788502283030] MA: session ended kind=TRANSPORT_CLOSED retryable=true
[1788502283501] MA: session ended kind=TRANSPORT_CLOSED retryable=true
[1788502283962] MA: session ended kind=TRANSPORT_CLOSED retryable=true
[1788502284471] MA: session ended kind=TRANSPORT_CLOSED retryable=true
[1788502284903] MA: session ended kind=TRANSPORT_CLOSED retryable=true
[1788502285499] MA: session ended kind=TRANSPORT_CLOSED retryable=true
[1788502286013] MA: session ended kind=TRANSPORT_CLOSED retryable=true
[1788502286537] MA: session ended kind=TRANSPORT_CLOSED retryable=true
[1788502286968] MA: session ended kind=TRANSPORT_CLOSED retryable=true
[1788502287516] MA: session ended kind=TRANSPORT_CLOSED retryable=true
[1788502287986] MA: session ended kind=TRANSPORT_CLOSED retryable=true
[1788502288446] MA: session ended kind=TRANSPORT_CLOSED retryable=true
[1788502288874] MA: session ended kind=TRANSPORT_CLOSED retryable=true
[1788502289318] MA: session ended kind=TRANSPORT_CLOSED retryable=true
[1788502289925] MA: session ended kind=TRANSPORT_CLOSED retryable=true
[1788502290362] MA: session ended kind=TRANSPORT_CLOSED retryable=true
[1788502290816] MA: session ended kind=TRANSPORT_CLOSED retryable=true
[1788502291355] MA: session ended kind=TRANSPORT_CLOSED retryable=true
[1788502291871] MA: session ended kind=TRANSPORT_CLOSED retryable=true
[1788502292446] MA: session ended kind=TRANSPORT_CLOSED retryable=true
[1788502292915] MA: session ended kind=TRANSPORT_CLOSED retryable=true
[1788502293465] MA: session ended kind=TRANSPORT_CLOSED retryable=true
[1788502294046] MA: session ended kind=TRANSPORT_CLOSED retryable=true
[1788502294520] MA: session ended kind=TRANSPORT_CLOSED retryable=true
[1788502295006] MA: session ended kind=TRANSPORT_CLOSED retryable=true
[1788502295442] MA: session ended kind=TRANSPORT_CLOSED retryable=true
[1788502296051] MA: session ended kind=TRANSPORT_CLOSED retryable=true
[1788502296512] MA: session ended kind=TRANSPORT_CLOSED retryable=true
[1788502297051] MA: session ended kind=TRANSPORT_CLOSED retryable=true
[1788502297536] MA: session ended kind=TRANSPORT_CLOSED retryable=true
[1788502298064] MA: session ended kind=TRANSPORT_CLOSED retryable=true
[1788502298622] MA: session ended kind=TRANSPORT_CLOSED retryable=true
[1788502299156] MA: session ended kind=TRANSPORT_CLOSED retryable=true
[1788502299668] MA: session ended kind=TRANSPORT_CLOSED retryable=true
[1788502300289] MA: session ended kind=TRANSPORT_CLOSED retryable=true
[1788502300736] MA: session ended kind=TRANSPORT_CLOSED retryable=true
[1788502301162] MA: session ended kind=TRANSPORT_CLOSED retryable=true
[1788502301783] MA: session ended kind=TRANSPORT_CLOSED retryable=true
[1788502302379] MA: session ended kind=TRANSPORT_CLOSED retryable=true
[1788502302947] MA: session ended kind=TRANSPORT_CLOSED retryable=true
[1788502303526] MA: session ended kind=TRANSPORT_CLOSED retryable=true
[1788502304041] MA: session ended kind=TRANSPORT_CLOSED retryable=true
[1788502304615] MA: session ended kind=TRANSPORT_CLOSED retryable=true
[1788502305041] MA: session ended kind=TRANSPORT_CLOSED retryable=true
[1788502305456] MA: session ended kind=TRANSPORT_CLOSED retryable=true
[1788502306043] MA: session ended kind=TRANSPORT_CLOSED retryable=true
[1788502306541] MA: session ended kind=TRANSPORT_CLOSED retryable=true
[1788502307112] MA: session ended kind=TRANSPORT_CLOSED retryable=true
[1788502307560] MA: session ended kind=TRANSPORT_CLOSED retryable=true
[1788502308101] MA: session ended kind=TRANSPORT_CLOSED retryable=true
[1788502308641] MA: session ended kind=TRANSPORT_CLOSED retryable=true
[1788502309119] MA: session ended kind=TRANSPORT_CLOSED retryable=true
[1788502309672] MA: session ended kind=TRANSPORT_CLOSED retryable=true
[1788502310121] MA: session ended kind=TRANSPORT_CLOSED retryable=true
[1788502310585] MA: session ended kind=TRANSPORT_CLOSED retryable=true
[1788502311101] MA: session ended kind=TRANSPORT_CLOSED retryable=true
[1788502311638] MA: session ended kind=TRANSPORT_CLOSED retryable=true
[1788502312257] MA: session ended kind=TRANSPORT_CLOSED retryable=true
[1788502312859] MA: session ended kind=TRANSPORT_CLOSED retryable=true
[1788502313434] MA: session ended kind=TRANSPORT_CLOSED retryable=true
[1788502313932] MA: session ended kind=TRANSPORT_CLOSED retryable=true
[1788502314541] MA: session ended kind=TRANSPORT_CLOSED retryable=true
[1788502314991] MA: session ended kind=TRANSPORT_CLOSED retryable=true
[1788502315506] MA: session ended kind=TRANSPORT_CLOSED retryable=true
[1788502316045] MA: session ended kind=TRANSPORT_CLOSED retryable=true
[1788502316521] MA: session ended kind=TRANSPORT_CLOSED retryable=true
[1788502317041] MA: session ended kind=TRANSPORT_CLOSED retryable=true
[1788502317560] MA: session ended kind=TRANSPORT_CLOSED retryable=true
[1788502317987] MA: session ended kind=TRANSPORT_CLOSED retryable=true
[1788502318483] MA: session ended kind=TRANSPORT_CLOSED retryable=true
[1788502319090] MA: session ended kind=TRANSPORT_CLOSED retryable=true
[1788502319554] MA: session ended kind=TRANSPORT_CLOSED retryable=true
[1788502320004] MA: session ended kind=TRANSPORT_CLOSED retryable=true
[1788502320572] MA: session ended kind=TRANSPORT_CLOSED retryable=true
[1788502321019] MA: session ended kind=TRANSPORT_CLOSED retryable=true
[1788502321531] MA: session ended kind=TRANSPORT_CLOSED retryable=true
[1788502321993] MA: session ended kind=TRANSPORT_CLOSED retryable=true
[1788502322507] MA: session ended kind=TRANSPORT_CLOSED retryable=true
[1788502322947] MA: session ended kind=TRANSPORT_CLOSED retryable=true
[1788502323452] MA: session ended kind=TRANSPORT_CLOSED retryable=true
[1788502324018] MA: session ended kind=TRANSPORT_CLOSED retryable=true
[1788502324524] MA: session ended kind=TRANSPORT_CLOSED retryable=true
[1788502325005] MA: session ended kind=TRANSPORT_CLOSED retryable=true
[1788502325605] MA: session ended kind=TRANSPORT_CLOSED retryable=true
[1788502326219] MA: session ended kind=TRANSPORT_CLOSED retryable=true
[1788502326671] MA: session ended kind=TRANSPORT_CLOSED retryable=true
[1788502327232] MA: session ended kind=TRANSPORT_CLOSED retryable=true
[1788502327843] MA: session ended kind=TRANSPORT_CLOSED retryable=true
[1788502328435] MA: session ended kind=TRANSPORT_CLOSED retryable=true
[1788502328867] MA: session ended kind=TRANSPORT_CLOSED retryable=true
[1788502329396] MA: session ended kind=TRANSPORT_CLOSED retryable=true
[1788502329875] MA: session ended kind=TRANSPORT_CLOSED retryable=true
[1788502330477] MA: session ended kind=TRANSPORT_CLOSED retryable=true
[1788502331005] MA: session ended kind=TRANSPORT_CLOSED retryable=true
[1788502331436] MA: session ended kind=TRANSPORT_CLOSED retryable=true
[1788502331922] MA: session ended kind=TRANSPORT_CLOSED retryable=true
[1788502332425] MA: session ended kind=TRANSPORT_CLOSED retryable=true
[1788502332979] MA: session ended kind=TRANSPORT_CLOSED retryable=true
[1788502333582] MA: session ended kind=TRANSPORT_CLOSED retryable=true
[1788502334008] MA: session ended kind=TRANSPORT_CLOSED retryable=true
[1788502334625] MA: session ended kind=TRANSPORT_CLOSED retryable=true
[1788502335059] MA: session ended kind=TRANSPORT_CLOSED retryable=true
[1788502335547] MA: session ended kind=TRANSPORT_CLOSED retryable=true
[1788502336148] MA: session ended kind=TRANSPORT_CLOSED retryable=true
[1788502336735] MA: session ended kind=TRANSPORT_CLOSED retryable=true
[1788502337150] MA: session ended kind=TRANSPORT_CLOSED retryable=true
[1788502337699] MA: session ended kind=TRANSPORT_CLOSED retryable=true
[1788502338244] MA: session ended kind=TRANSPORT_CLOSED retryable=true
[1788502338786] MA: session ended kind=TRANSPORT_CLOSED retryable=true
[1788502339317] MA: session ended kind=TRANSPORT_CLOSED retryable=true
[1788502339798] MA: session ended kind=TRANSPORT_CLOSED retryable=true
[1788502340326] MA: session ended kind=TRANSPORT_CLOSED retryable=true
[1788502340772] MA: session ended kind=TRANSPORT_CLOSED retryable=true
[1788502341333] MA: session ended kind=TRANSPORT_CLOSED retryable=true
[1788502341916] MA: session ended kind=TRANSPORT_CLOSED retryable=true
[1788502342396] MA: session ended kind=TRANSPORT_CLOSED retryable=true
[1788502342912] MA: session ended kind=TRANSPORT_CLOSED retryable=true
[1788502343459] MA: session ended kind=TRANSPORT_CLOSED retryable=true
[1788502344027] MA: session ended kind=TRANSPORT_CLOSED retryable=true
[1788502344466] MA: session ended kind=TRANSPORT_CLOSED retryable=true
[1788502344916] MA: session ended kind=TRANSPORT_CLOSED retryable=true
[1788502345507] MA: session ended kind=TRANSPORT_CLOSED retryable=true
[1788502345999] MA: session ended kind=TRANSPORT_CLOSED retryable=true
[1788502346578] MA: session ended kind=TRANSPORT_CLOSED retryable=true
[1788502347132] MA: session ended kind=TRANSPORT_CLOSED retryable=true
[1788502347642] MA: session ended kind=TRANSPORT_CLOSED retryable=true
[1788502348115] MA: session ended kind=TRANSPORT_CLOSED retryable=true
[1788502348570] MA: session ended kind=TRANSPORT_CLOSED retryable=true
[1788502349077] MA: session ended kind=TRANSPORT_CLOSED retryable=true
[1788502349607] MA: session ended kind=TRANSPORT_CLOSED retryable=true
[1788502350114] MA: session ended kind=TRANSPORT_CLOSED retryable=true
[1788502350598] MA: session ended kind=TRANSPORT_CLOSED retryable=true
[1788502351221] MA: session ended kind=TRANSPORT_CLOSED retryable=true
[1788502351684] MA: session ended kind=TRANSPORT_CLOSED retryable=true
[1788502352206] MA: session ended kind=TRANSPORT_CLOSED retryable=true
[1788502352828] MA: session ended kind=TRANSPORT_CLOSED retryable=true
[1788502353343] MA: session ended kind=TRANSPORT_CLOSED retryable=true
[1788502353761] MA: session ended kind=TRANSPORT_CLOSED retryable=true
[1788502354383] MA: session ended kind=TRANSPORT_CLOSED retryable=true
[1788502354810] MA: session ended kind=TRANSPORT_CLOSED retryable=true
[1788502355381] MA: session ended kind=TRANSPORT_CLOSED retryable=true
[1788502355863] MA: session ended kind=TRANSPORT_CLOSED retryable=true
[1788502356443] MA: session ended kind=TRANSPORT_CLOSED retryable=true
[1788502356874] MA: session ended kind=TRANSPORT_CLOSED retryable=true
[1788502357355] MA: session ended kind=TRANSPORT_CLOSED retryable=true
[1788502357948] MA: session ended kind=TRANSPORT_CLOSED retryable=true
[1788502358566] MA: session ended kind=TRANSPORT_CLOSED retryable=true
[1788502359179] MA: session ended kind=TRANSPORT_CLOSED retryable=true
[1788502359674] MA: session ended kind=TRANSPORT_CLOSED retryable=true
[1788502360191] MA: session ended kind=TRANSPORT_CLOSED retryable=true
[1788502360763] MA: session ended kind=TRANSPORT_CLOSED retryable=true
[1788502361179] MA: session ended kind=TRANSPORT_CLOSED retryable=true
[1788502361687] MA: session ended kind=TRANSPORT_CLOSED retryable=true
[1788502362309] MA: session ended kind=TRANSPORT_CLOSED retryable=true
[1788502362844] MA: session ended kind=TRANSPORT_CLOSED retryable=true
[1788502363365] MA: session ended kind=TRANSPORT_CLOSED retryable=true
[1788502363978] MA: session ended kind=TRANSPORT_CLOSED retryable=true
[1788502364457] MA: session ended kind=TRANSPORT_CLOSED retryable=true
[1788502365044] MA: session ended kind=TRANSPORT_CLOSED retryable=true
[1788502365559] MA: session ended kind=TRANSPORT_CLOSED retryable=true
[1788502366117] MA: session ended kind=TRANSPORT_CLOSED retryable=true
[1788502366720] MA: session ended kind=TRANSPORT_CLOSED retryable=true
[1788502367195] MA: session ended kind=TRANSPORT_CLOSED retryable=true
[1788502367722] MA: session ended kind=TRANSPORT_CLOSED retryable=true
[1788502368213] MA: session ended kind=TRANSPORT_CLOSED retryable=true
[1788502368767] MA: session ended kind=TRANSPORT_CLOSED retryable=true
[1788502369376] MA: session ended kind=TRANSPORT_CLOSED retryable=true
[1788502369817] MA: session ended kind=TRANSPORT_CLOSED retryable=true
[1788502370339] MA: session ended kind=TRANSPORT_CLOSED retryable=true
[1788502370907] MA: session ended kind=TRANSPORT_CLOSED retryable=true
[1788502371333] MA: session ended kind=TRANSPORT_CLOSED retryable=true
[1788502371915] MA: session ended kind=TRANSPORT_CLOSED retryable=true
[1788502372405] MA: session ended kind=TRANSPORT_CLOSED retryable=true
[1788502372933] MA: session ended kind=TRANSPORT_CLOSED retryable=true
[1788502373465] MA: session ended kind=TRANSPORT_CLOSED retryable=true
[1788502373948] MA: session ended kind=TRANSPORT_CLOSED retryable=true
[1788502374385] MA: session ended kind=TRANSPORT_CLOSED retryable=true
[1788502374879] MA: session ended kind=TRANSPORT_CLOSED retryable=true
[1788502375321] MA: session ended kind=TRANSPORT_CLOSED retryable=true
[1788502375863] MA: session ended kind=TRANSPORT_CLOSED retryable=true
[1788502376437] MA: session ended kind=TRANSPORT_CLOSED retryable=true
[1788502376972] MA: session ended kind=TRANSPORT_CLOSED retryable=true
[1788502377574] MA: session ended kind=TRANSPORT_CLOSED retryable=true
[1788502378190] MA: session ended kind=TRANSPORT_CLOSED retryable=true
[1788502378723] MA: session ended kind=TRANSPORT_CLOSED retryable=true
[1788502379180] MA: session ended kind=TRANSPORT_CLOSED retryable=true
[1788502379659] MA: session ended kind=TRANSPORT_CLOSED retryable=true
[1788502380159] MA: session ended kind=TRANSPORT_CLOSED retryable=true
[1788502380632] MA: session ended kind=TRANSPORT_CLOSED retryable=true
[1788502381064] MA: session ended kind=TRANSPORT_CLOSED retryable=true
[1788502381504] MA: session ended kind=TRANSPORT_CLOSED retryable=true
[1788502382075] MA: session ended kind=TRANSPORT_CLOSED retryable=true
[1788502382579] MA: session ended kind=TRANSPORT_CLOSED retryable=true
[1788502383143] MA: session ended kind=TRANSPORT_CLOSED retryable=true
[1788502383572] MA: session ended kind=TRANSPORT_CLOSED retryable=true
[1788502384020] MA: session ended kind=TRANSPORT_CLOSED retryable=true
[1788502384467] MA: session ended kind=TRANSPORT_CLOSED retryable=true
[1788502384935] MA: session ended kind=TRANSPORT_CLOSED retryable=true
[1788502385460] MA: session ended kind=TRANSPORT_CLOSED retryable=true
[1788502385933] MA: session ended kind=TRANSPORT_CLOSED retryable=true
[1788502386439] MA: session ended kind=TRANSPORT_CLOSED retryable=true
[1788502387056] MA: session ended kind=TRANSPORT_CLOSED retryable=true
[1788502387580] MA: session ended kind=TRANSPORT_CLOSED retryable=true
[1788502388132] MA: session ended kind=TRANSPORT_CLOSED retryable=true
[1788502388760] MA: session ended kind=TRANSPORT_CLOSED retryable=true
[1788502389244] MA: session ended kind=TRANSPORT_CLOSED retryable=true
[1788502389851] MA: session ended kind=TRANSPORT_CLOSED retryable=true
[1788502390393] MA: session ended kind=TRANSPORT_CLOSED retryable=true
[1788502390835] MA: session ended kind=TRANSPORT_CLOSED retryable=true
[1788502391275] MA: session ended kind=TRANSPORT_CLOSED retryable=true
[1788502391876] MA: session ended kind=TRANSPORT_CLOSED retryable=true
[1788502392355] MA: session ended kind=TRANSPORT_CLOSED retryable=true
[1788502392890] MA: session ended kind=TRANSPORT_CLOSED retryable=true
[1788502393326] MA: session ended kind=TRANSPORT_CLOSED retryable=true
[1788502393859] MA: session ended kind=TRANSPORT_CLOSED retryable=true
[1788502394431] MA: session ended kind=TRANSPORT_CLOSED retryable=true
[1788502394963] MA: session ended kind=TRANSPORT_CLOSED retryable=true
[1788502395400] MA: session ended kind=TRANSPORT_CLOSED retryable=true
[1788502395923] MA: session ended kind=TRANSPORT_CLOSED retryable=true
[1788502396461] MA: session ended kind=TRANSPORT_CLOSED retryable=true
[1788502396953] MA: session ended kind=TRANSPORT_CLOSED retryable=true
[1788502397465] MA: session ended kind=TRANSPORT_CLOSED retryable=true
[1788502397904] MA: session ended kind=TRANSPORT_CLOSED retryable=true
[1788502398427] MA: session ended kind=TRANSPORT_CLOSED retryable=true
[1788502398870] MA: session ended kind=TRANSPORT_CLOSED retryable=true
[1788502399483] MA: session ended kind=TRANSPORT_CLOSED retryable=true
[1788502400086] MA: session ended kind=TRANSPORT_CLOSED retryable=true
[1788502400525] MA: session ended kind=TRANSPORT_CLOSED retryable=true
[1788502401020] MA: session ended kind=TRANSPORT_CLOSED retryable=true
[1788502401500] MA: session ended kind=TRANSPORT_CLOSED retryable=true
[1788502402046] MA: session ended kind=TRANSPORT_CLOSED retryable=true
[1788502402505] MA: session ended kind=TRANSPORT_CLOSED retryable=true
[1788502402986] MA: session ended kind=TRANSPORT_CLOSED retryable=true
[1788502403555] MA: session ended kind=TRANSPORT_CLOSED retryable=true
[1788502404107] MA: session ended kind=TRANSPORT_CLOSED retryable=true
[1788502404571] MA: session ended kind=TRANSPORT_CLOSED retryable=true
[1788502405105] MA: session ended kind=TRANSPORT_CLOSED retryable=true
[1788502405726] MA: session ended kind=TRANSPORT_CLOSED retryable=true
[1788502406162] MA: session ended kind=TRANSPORT_CLOSED retryable=true
[1788502406656] MA: session ended kind=TRANSPORT_CLOSED retryable=true
[1788502407217] MA: session ended kind=TRANSPORT_CLOSED retryable=true
[1788502407715] MA: session ended kind=TRANSPORT_CLOSED retryable=true
[1788502408148] MA: session ended kind=TRANSPORT_CLOSED retryable=true
[1788502408686] MA: session ended kind=TRANSPORT_CLOSED retryable=true
[1788502409103] MA: session ended kind=TRANSPORT_CLOSED retryable=true
[1788502409542] MA: session ended kind=TRANSPORT_CLOSED retryable=true
[1788502410024] MA: session ended kind=TRANSPORT_CLOSED retryable=true
[1788502410606] MA: session ended kind=TRANSPORT_CLOSED retryable=true
[1788502411058] MA: session ended kind=TRANSPORT_CLOSED retryable=true
[1788502411595] MA: session ended kind=TRANSPORT_CLOSED retryable=true
[1788502412147] MA: session ended kind=TRANSPORT_CLOSED retryable=true
[1788502412572] MA: session ended kind=TRANSPORT_CLOSED retryable=true
[1788502413043] MA: session ended kind=TRANSPORT_CLOSED retryable=true
[1788502413469] MA: session ended kind=TRANSPORT_CLOSED retryable=true
[1788502413891] MA: session ended kind=TRANSPORT_CLOSED retryable=true
[1788502414491] MA: session ended kind=TRANSPORT_CLOSED retryable=true
[1788502415050] MA: session ended kind=TRANSPORT_CLOSED retryable=true
[1788502415476] MA: session ended kind=TRANSPORT_CLOSED retryable=true
[1788502416027] MA: session ended kind=TRANSPORT_CLOSED retryable=true
[1788502416522] MA: session ended kind=TRANSPORT_CLOSED retryable=true
[1788502416995] MA: session ended kind=TRANSPORT_CLOSED retryable=true
[1788502417463] MA: session ended kind=TRANSPORT_CLOSED retryable=true
[1788502418041] MA: session ended kind=TRANSPORT_CLOSED retryable=true
[1788502418534] MA: session ended kind=TRANSPORT_CLOSED retryable=true
[1788502419048] MA: session ended kind=TRANSPORT_CLOSED retryable=true
[1788502419480] MA: session ended kind=TRANSPORT_CLOSED retryable=true
[1788502420049] MA: session ended kind=TRANSPORT_CLOSED retryable=true
[1788502420630] MA: session ended kind=TRANSPORT_CLOSED retryable=true
[1788502421225] MA: session ended kind=TRANSPORT_CLOSED retryable=true
[1788502421765] MA: session ended kind=TRANSPORT_CLOSED retryable=true
[1788502422408] MA: session ended kind=TRANSPORT_CLOSED retryable=true
[1788502422916] MA: session ended kind=TRANSPORT_CLOSED retryable=true
[1788502423482] MA: session ended kind=TRANSPORT_CLOSED retryable=true
[1788502424015] MA: session ended kind=TRANSPORT_CLOSED retryable=true
[1788502424480] MA: session ended kind=TRANSPORT_CLOSED retryable=true
[1788502424988] MA: session ended kind=TRANSPORT_CLOSED retryable=true
[1788502425520] MA: session ended kind=TRANSPORT_CLOSED retryable=true
[1788502426077] MA: session ended kind=TRANSPORT_CLOSED retryable=true
[1788502426499] MA: session ended kind=TRANSPORT_CLOSED retryable=true
[1788502427036] MA: session ended kind=TRANSPORT_CLOSED retryable=true
[1788502427546] MA: session ended kind=TRANSPORT_CLOSED retryable=true
[1788502428051] MA: session ended kind=TRANSPORT_CLOSED retryable=true
[1788502428505] MA: session ended kind=TRANSPORT_CLOSED retryable=true
[1788502429097] MA: session ended kind=TRANSPORT_CLOSED retryable=true
[1788502429684] MA: session ended kind=TRANSPORT_CLOSED retryable=true
[1788502430231] MA: session ended kind=TRANSPORT_CLOSED retryable=true
[1788502430804] MA: session ended kind=TRANSPORT_CLOSED retryable=true
[1788502431419] MA: session ended kind=TRANSPORT_CLOSED retryable=true
[1788502431967] MA: session ended kind=TRANSPORT_CLOSED retryable=true
[1788502432481] MA: session ended kind=TRANSPORT_CLOSED retryable=true
[1788502432953] MA: session ended kind=TRANSPORT_CLOSED retryable=true
[1788502433403] MA: session ended kind=TRANSPORT_CLOSED retryable=true
[1788502433839] MA: session ended kind=TRANSPORT_CLOSED retryable=true
[1788502434442] MA: session ended kind=TRANSPORT_CLOSED retryable=true
[1788502434970] MA: session ended kind=TRANSPORT_CLOSED retryable=true
[1788502435476] MA: session ended kind=TRANSPORT_CLOSED retryable=true
[1788502436019] MA: session ended kind=TRANSPORT_CLOSED retryable=true
[1788502436581] MA: session ended kind=TRANSPORT_CLOSED retryable=true
[1788502437027] MA: session ended kind=TRANSPORT_CLOSED retryable=true
[1788502437473] MA: session ended kind=TRANSPORT_CLOSED retryable=true
[1788502438014] MA: session ended kind=TRANSPORT_CLOSED retryable=true
[1788502438550] MA: session ended kind=TRANSPORT_CLOSED retryable=true
[1788502439066] MA: session ended kind=TRANSPORT_CLOSED retryable=true
[1788502439531] MA: session ended kind=TRANSPORT_CLOSED retryable=true
[1788502440122] MA: session ended kind=TRANSPORT_CLOSED retryable=true
[1788502440568] MA: session ended kind=TRANSPORT_CLOSED retryable=true
[1788502441163] MA: session ended kind=TRANSPORT_CLOSED retryable=true
[1788502441731] MA: session ended kind=TRANSPORT_CLOSED retryable=true
[1788502442235] MA: session ended kind=TRANSPORT_CLOSED retryable=true
[1788502442780] MA: session ended kind=TRANSPORT_CLOSED retryable=true
[1788502443355] MA: session ended kind=TRANSPORT_CLOSED retryable=true
[1788502443840] MA: session ended kind=TRANSPORT_CLOSED retryable=true
[1788502444403] MA: session ended kind=TRANSPORT_CLOSED retryable=true
[1788502444891] MA: session ended kind=TRANSPORT_CLOSED retryable=true
[1788502445440] MA: session ended kind=TRANSPORT_CLOSED retryable=true
[1788502445955] MA: session ended kind=TRANSPORT_CLOSED retryable=true
[1788502446599] MA: session ended kind=TRANSPORT_CLOSED retryable=true
[1788502447152] MA: session ended kind=TRANSPORT_CLOSED retryable=true
[1788502447663] MA: session ended kind=TRANSPORT_CLOSED retryable=true
[1788502448120] MA: session ended kind=TRANSPORT_CLOSED retryable=true
[1788502448596] MA: session ended kind=TRANSPORT_CLOSED retryable=true
[1788502449114] MA: session ended kind=TRANSPORT_CLOSED retryable=true
[1788502449618] MA: session ended kind=TRANSPORT_CLOSED retryable=true
[1788502450220] MA: session ended kind=TRANSPORT_CLOSED retryable=true
[1788502450770] MA: session ended kind=TRANSPORT_CLOSED retryable=true
[1788502451294] MA: session ended kind=TRANSPORT_CLOSED retryable=true
[1788502451820] MA: session ended kind=TRANSPORT_CLOSED retryable=true
[1788502452348] MA: session ended kind=TRANSPORT_CLOSED retryable=true
[1788502452859] MA: session ended kind=TRANSPORT_CLOSED retryable=true
[1788502453287] MA: session ended kind=TRANSPORT_CLOSED retryable=true
[1788502453910] MA: session ended kind=TRANSPORT_CLOSED retryable=true
[1788502454531] MA: session ended kind=TRANSPORT_CLOSED retryable=true
[1788502455112] MA: session ended kind=TRANSPORT_CLOSED retryable=true
[1788502455547] MA: session ended kind=TRANSPORT_CLOSED retryable=true
[1788502456047] MA: session ended kind=TRANSPORT_CLOSED retryable=true
[1788502456580] MA: session ended kind=TRANSPORT_CLOSED retryable=true
[1788502457061] MA: session ended kind=TRANSPORT_CLOSED retryable=true
[1788502457660] MA: session ended kind=TRANSPORT_CLOSED retryable=true
[1788502458096] MA: session ended kind=TRANSPORT_CLOSED retryable=true
[1788502458630] MA: session ended kind=TRANSPORT_CLOSED retryable=true
[1788502459215] MA: session ended kind=TRANSPORT_CLOSED retryable=true
[1788502459759] MA: session ended kind=TRANSPORT_CLOSED retryable=true
[1788502460368] MA: session ended kind=TRANSPORT_CLOSED retryable=true
[1788502460945] MA: session ended kind=TRANSPORT_CLOSED retryable=true
[1788502461502] MA: session ended kind=TRANSPORT_CLOSED retryable=true
[1788502462006] MA: session ended kind=TRANSPORT_CLOSED retryable=true
[1788502462609] MA: session ended kind=TRANSPORT_CLOSED retryable=true
[1788502463209] MA: session ended kind=TRANSPORT_CLOSED retryable=true
[1788502463676] MA: session ended kind=TRANSPORT_CLOSED retryable=true
[1788502464163] MA: session ended kind=TRANSPORT_CLOSED retryable=true
[1788502464612] MA: session ended kind=TRANSPORT_CLOSED retryable=true
[1788502465178] MA: session ended kind=TRANSPORT_CLOSED retryable=true
[1788502465762] MA: session ended kind=TRANSPORT_CLOSED retryable=true
[1788502466218] MA: session ended kind=TRANSPORT_CLOSED retryable=true
[1788502466648] MA: session ended kind=TRANSPORT_CLOSED retryable=true
[1788502467186] MA: session ended kind=TRANSPORT_CLOSED retryable=true
[1788502467641] MA: session ended kind=TRANSPORT_CLOSED retryable=true
[1788502468128] MA: session ended kind=TRANSPORT_CLOSED retryable=true
[1788502468619] MA: session ended kind=TRANSPORT_CLOSED retryable=true
[1788502469165] MA: session ended kind=TRANSPORT_CLOSED retryable=true
[1788502469645] MA: session ended kind=TRANSPORT_CLOSED retryable=true
[1788502470203] MA: session ended kind=TRANSPORT_CLOSED retryable=true
[1788502470641] MA: session ended kind=TRANSPORT_CLOSED retryable=true
[1788502471062] MA: session ended kind=TRANSPORT_CLOSED retryable=true
[1788502471528] MA: session ended kind=TRANSPORT_CLOSED retryable=true
[1788502472155] MA: session ended kind=TRANSPORT_CLOSED retryable=true
[1788502472644] MA: session ended kind=TRANSPORT_CLOSED retryable=true
[1788502473230] MA: session ended kind=TRANSPORT_CLOSED retryable=true
[1788502473839] MA: session ended kind=TRANSPORT_CLOSED retryable=true
[1788502474393] MA: session ended kind=TRANSPORT_CLOSED retryable=true
[1788502474944] MA: session ended kind=TRANSPORT_CLOSED retryable=true
[1788502475434] MA: session ended kind=TRANSPORT_CLOSED retryable=true
[1788502475907] MA: session ended kind=TRANSPORT_CLOSED retryable=true
[1788502476328] MA: session ended kind=TRANSPORT_CLOSED retryable=true
[1788502476916] MA: session ended kind=TRANSPORT_CLOSED retryable=true
[1788502477430] MA: session ended kind=TRANSPORT_CLOSED retryable=true
[1788502478005] MA: session ended kind=TRANSPORT_CLOSED retryable=true
[1788502478502] MA: session ended kind=TRANSPORT_CLOSED retryable=true
[1788502479059] MA: session ended kind=TRANSPORT_CLOSED retryable=true
[1788502479582] MA: session ended kind=TRANSPORT_CLOSED retryable=true
[1788502480180] MA: session ended kind=TRANSPORT_CLOSED retryable=true
[1788502480651] MA: session ended kind=TRANSPORT_CLOSED retryable=true
[1788502481218] MA: session ended kind=TRANSPORT_CLOSED retryable=true
[1788502481772] MA: session ended kind=TRANSPORT_CLOSED retryable=true
[1788502482207] MA: session ended kind=TRANSPORT_CLOSED retryable=true
[1788502482818] MA: session ended kind=TRANSPORT_CLOSED retryable=true
[1788502483395] MA: session ended kind=TRANSPORT_CLOSED retryable=true
[1788502483972] MA: session ended kind=TRANSPORT_CLOSED retryable=true
[1788502484475] MA: session ended kind=TRANSPORT_CLOSED retryable=true
[1788502484972] MA: session ended kind=TRANSPORT_CLOSED retryable=true
[1788502485431] MA: session ended kind=TRANSPORT_CLOSED retryable=true
[1788502485915] MA: session ended kind=TRANSPORT_CLOSED retryable=true
[1788502486450] MA: session ended kind=TRANSPORT_CLOSED retryable=true
[1788502487027] MA: session ended kind=TRANSPORT_CLOSED retryable=true
[1788502487540] MA: session ended kind=TRANSPORT_CLOSED retryable=true
[1788502488059] MA: session ended kind=TRANSPORT_CLOSED retryable=true
[1788502488482] MA: session ended kind=TRANSPORT_CLOSED retryable=true
[1788502488977] MA: session ended kind=TRANSPORT_CLOSED retryable=true
[1788502489578] MA: session ended kind=TRANSPORT_CLOSED retryable=true
[1788502490066] MA: session ended kind=TRANSPORT_CLOSED retryable=true
[1788502490659] MA: session ended kind=TRANSPORT_CLOSED retryable=true
[1788502491116] MA: session ended kind=TRANSPORT_CLOSED retryable=true
[1788502491600] MA: session ended kind=TRANSPORT_CLOSED retryable=true
[1788502492021] MA: session ended kind=TRANSPORT_CLOSED retryable=true
[1788502492645] MA: session ended kind=TRANSPORT_CLOSED retryable=true
[1788502493128] MA: session ended kind=TRANSPORT_CLOSED retryable=true
[1788502493717] MA: session ended kind=TRANSPORT_CLOSED retryable=true
[1788502494250] MA: session ended kind=TRANSPORT_CLOSED retryable=true
[1788502494725] MA: session ended kind=TRANSPORT_CLOSED retryable=true
[1788502495159] MA: session ended kind=TRANSPORT_CLOSED retryable=true
[1788502495724] MA: session ended kind=TRANSPORT_CLOSED retryable=true
[1788502496328] MA: session ended kind=TRANSPORT_CLOSED retryable=true
[1788502496888] MA: session ended kind=TRANSPORT_CLOSED retryable=true
[1788502497333] MA: session ended kind=TRANSPORT_CLOSED retryable=true
[1788502497876] MA: session ended kind=TRANSPORT_CLOSED retryable=true
[1788502498483] MA: session ended kind=TRANSPORT_CLOSED retryable=true
[1788502498978] MA: session ended kind=TRANSPORT_CLOSED retryable=true
[1788502499580] MA: session ended kind=TRANSPORT_CLOSED retryable=true
[1788502500181] MA: session ended kind=TRANSPORT_CLOSED retryable=true
[1788502500688] MA: session ended kind=TRANSPORT_CLOSED retryable=true
[1788502501226] MA: session ended kind=TRANSPORT_CLOSED retryable=true
[1788502501825] MA: session ended kind=TRANSPORT_CLOSED retryable=true
[1788502502388] MA: session ended kind=TRANSPORT_CLOSED retryable=true
[1788502502854] MA: session ended kind=TRANSPORT_CLOSED retryable=true
[1788502503470] MA: session ended kind=TRANSPORT_CLOSED retryable=true
[1788502504011] MA: session ended kind=TRANSPORT_CLOSED retryable=true
[1788502504510] MA: session ended kind=TRANSPORT_CLOSED retryable=true
[1788502505006] MA: session ended kind=TRANSPORT_CLOSED retryable=true
[1788502505443] MA: session ended kind=TRANSPORT_CLOSED retryable=true
[1788502505955] MA: session ended kind=TRANSPORT_CLOSED retryable=true
[1788502506442] MA: session ended kind=TRANSPORT_CLOSED retryable=true
[1788502507061] MA: session ended kind=TRANSPORT_CLOSED retryable=true
[1788502507510] MA: session ended kind=TRANSPORT_CLOSED retryable=true
[1788502508069] MA: session ended kind=TRANSPORT_CLOSED retryable=true
[1788502508635] MA: session ended kind=TRANSPORT_CLOSED retryable=true
[1788502509074] MA: session ended kind=TRANSPORT_CLOSED retryable=true
[1788502509587] MA: session ended kind=TRANSPORT_CLOSED retryable=true
[1788502510032] MA: session ended kind=TRANSPORT_CLOSED retryable=true
[1788502510559] MA: session ended kind=TRANSPORT_CLOSED retryable=true
[1788502511007] MA: session ended kind=TRANSPORT_CLOSED retryable=true
[1788502511605] MA: session ended kind=TRANSPORT_CLOSED retryable=true
[1788502512078] MA: session ended kind=TRANSPORT_CLOSED retryable=true
[1788502512522] MA: session ended kind=TRANSPORT_CLOSED retryable=true
[1788502512991] MA: session ended kind=TRANSPORT_CLOSED retryable=true
[1788502513436] MA: session ended kind=TRANSPORT_CLOSED retryable=true
[1788502513971] MA: session ended kind=TRANSPORT_CLOSED retryable=true
[1788502514536] MA: session ended kind=TRANSPORT_CLOSED retryable=true
[1788502514974] MA: session ended kind=TRANSPORT_CLOSED retryable=true
[1788502515537] MA: session ended kind=TRANSPORT_CLOSED retryable=true
[1788502516139] MA: session ended kind=TRANSPORT_CLOSED retryable=true
[1788502516611] MA: session ended kind=TRANSPORT_CLOSED retryable=true
[1788502517122] MA: session ended kind=TRANSPORT_CLOSED retryable=true
[1788502517588] MA: session ended kind=TRANSPORT_CLOSED retryable=true
[1788502518159] MA: session ended kind=TRANSPORT_CLOSED retryable=true
[1788502518655] MA: session ended kind=TRANSPORT_CLOSED retryable=true
[1788502519216] MA: session ended kind=TRANSPORT_CLOSED retryable=true
[1788502519723] MA: session ended kind=TRANSPORT_CLOSED retryable=true
[1788502520264] MA: session ended kind=TRANSPORT_CLOSED retryable=true
[1788502520857] MA: session ended kind=TRANSPORT_CLOSED retryable=true
[1788502521278] MA: session ended kind=TRANSPORT_CLOSED retryable=true
[1788502521881] MA: session ended kind=TRANSPORT_CLOSED retryable=true
[1788502522451] MA: session ended kind=TRANSPORT_CLOSED retryable=true
[1788502523012] MA: session ended kind=TRANSPORT_CLOSED retryable=true
[1788502523488] MA: session ended kind=TRANSPORT_CLOSED retryable=true
[1788502523984] MA: session ended kind=TRANSPORT_CLOSED retryable=true
[1788502524507] MA: session ended kind=TRANSPORT_CLOSED retryable=true
[1788502524963] MA: session ended kind=TRANSPORT_CLOSED retryable=true
[1788502525472] MA: session ended kind=TRANSPORT_CLOSED retryable=true
[1788502526055] MA: session ended kind=TRANSPORT_CLOSED retryable=true
[1788502526643] MA: session ended kind=TRANSPORT_CLOSED retryable=true
[1788502527218] MA: session ended kind=TRANSPORT_CLOSED retryable=true
[1788502527722] MA: session ended kind=TRANSPORT_CLOSED retryable=true
[1788502528284] MA: session ended kind=TRANSPORT_CLOSED retryable=true
[1788502528850] MA: session ended kind=TRANSPORT_CLOSED retryable=true
[1788502529330] MA: session ended kind=TRANSPORT_CLOSED retryable=true
[1788502529922] MA: session ended kind=TRANSPORT_CLOSED retryable=true
[1788502530427] MA: session ended kind=TRANSPORT_CLOSED retryable=true
[1788502530870] MA: session ended kind=TRANSPORT_CLOSED retryable=true
[1788502531433] MA: session ended kind=TRANSPORT_CLOSED retryable=true
[1788502531913] MA: session ended kind=TRANSPORT_CLOSED retryable=true
[1788502532367] MA: session ended kind=TRANSPORT_CLOSED retryable=true
[1788502532864] MA: session ended kind=TRANSPORT_CLOSED retryable=true
[1788502533357] MA: session ended kind=TRANSPORT_CLOSED retryable=true
[1788502533838] MA: session ended kind=TRANSPORT_CLOSED retryable=true
[1788502534295] MA: session ended kind=TRANSPORT_CLOSED retryable=true
[1788502534901] MA: session ended kind=TRANSPORT_CLOSED retryable=true
[1788502535382] MA: session ended kind=TRANSPORT_CLOSED retryable=true
[1788502535811] MA: session ended kind=TRANSPORT_CLOSED retryable=true
[1788502536357] MA: session ended kind=TRANSPORT_CLOSED retryable=true
[1788502536810] MA: session ended kind=TRANSPORT_CLOSED retryable=true
[1788502537252] MA: session ended kind=TRANSPORT_CLOSED retryable=true
[1788502537774] MA: session ended kind=TRANSPORT_CLOSED retryable=true
[1788502538258] MA: session ended kind=TRANSPORT_CLOSED retryable=true
[1788502538732] MA: session ended kind=TRANSPORT_CLOSED retryable=true
[1788502539216] MA: session ended kind=TRANSPORT_CLOSED retryable=true
[1788502539767] MA: session ended kind=TRANSPORT_CLOSED retryable=true
[1788502540347] MA: session ended kind=TRANSPORT_CLOSED retryable=true
[1788502540914] MA: session ended kind=TRANSPORT_CLOSED retryable=true
[1788502541527] MA: session ended kind=TRANSPORT_CLOSED retryable=true
[1788502542072] MA: session ended kind=TRANSPORT_CLOSED retryable=true
[1788502542660] MA: session ended kind=TRANSPORT_CLOSED retryable=true
[1788502543114] MA: session ended kind=TRANSPORT_CLOSED retryable=true
[1788502543635] MA: session ended kind=TRANSPORT_CLOSED retryable=true
[1788502544129] MA: session ended kind=TRANSPORT_CLOSED retryable=true
[1788502544613] MA: session ended kind=TRANSPORT_CLOSED retryable=true
[1788502545218] MA: session ended kind=TRANSPORT_CLOSED retryable=true
[1788502545755] MA: session ended kind=TRANSPORT_CLOSED retryable=true
[1788502546185] MA: session ended kind=TRANSPORT_CLOSED retryable=true
[1788502546699] MA: session ended kind=TRANSPORT_CLOSED retryable=true
[1788502547182] MA: session ended kind=TRANSPORT_CLOSED retryable=true
[1788502547715] MA: session ended kind=TRANSPORT_CLOSED retryable=true
[1788502548136] MA: session ended kind=TRANSPORT_CLOSED retryable=true
[1788502548694] MA: session ended kind=TRANSPORT_CLOSED retryable=true
[1788502549303] MA: session ended kind=TRANSPORT_CLOSED retryable=true
[1788502549846] MA: session ended kind=TRANSPORT_CLOSED retryable=true
[1788502550403] MA: session ended kind=TRANSPORT_CLOSED retryable=true
[1788502550974] MA: session ended kind=TRANSPORT_CLOSED retryable=true
[1788502551491] MA: session ended kind=TRANSPORT_CLOSED retryable=true
[1788502551947] MA: session ended kind=TRANSPORT_CLOSED retryable=true
[1788502552490] MA: session ended kind=TRANSPORT_CLOSED retryable=true
[1788502552977] MA: session ended kind=TRANSPORT_CLOSED retryable=true
[1788502553523] MA: session ended kind=TRANSPORT_CLOSED retryable=true
[1788502553981] MA: session ended kind=TRANSPORT_CLOSED retryable=true
[1788502554539] MA: session ended kind=TRANSPORT_CLOSED retryable=true
[1788502554995] MA: session ended kind=TRANSPORT_CLOSED retryable=true
[1788502555579] MA: session ended kind=TRANSPORT_CLOSED retryable=true
[1788502556003] MA: session ended kind=TRANSPORT_CLOSED retryable=true
[1788502556432] MA: session ended kind=TRANSPORT_CLOSED retryable=true
[1788502556962] MA: session ended kind=TRANSPORT_CLOSED retryable=true
[1788502557475] MA: session ended kind=TRANSPORT_CLOSED retryable=true
[1788502558041] MA: session ended kind=TRANSPORT_CLOSED retryable=true
[1788502558526] MA: session ended kind=TRANSPORT_CLOSED retryable=true
[1788502559166] MA: session ended kind=TRANSPORT_CLOSED retryable=true
[1788502559626] MA: session ended kind=TRANSPORT_CLOSED retryable=true
[1788502560194] MA: session ended kind=TRANSPORT_CLOSED retryable=true
[1788502560798] MA: session ended kind=TRANSPORT_CLOSED retryable=true
[1788502561420] MA: session ended kind=TRANSPORT_CLOSED retryable=true
[1788502561995] MA: session ended kind=TRANSPORT_CLOSED retryable=true
[1788502562432] MA: session ended kind=TRANSPORT_CLOSED retryable=true
[1788502562937] MA: session ended kind=TRANSPORT_CLOSED retryable=true
[1788502563548] MA: session ended kind=TRANSPORT_CLOSED retryable=true
[1788502563994] MA: session ended kind=TRANSPORT_CLOSED retryable=true
[1788502564523] MA: session ended kind=TRANSPORT_CLOSED retryable=true
[1788502565052] MA: session ended kind=TRANSPORT_CLOSED retryable=true
[1788502565577] MA: session ended kind=TRANSPORT_CLOSED retryable=true
[1788502566152] MA: session ended kind=TRANSPORT_CLOSED retryable=true
[1788502566663] MA: session ended kind=TRANSPORT_CLOSED retryable=true
[1788502567235] MA: session ended kind=TRANSPORT_CLOSED retryable=true
[1788502567681] MA: session ended kind=TRANSPORT_CLOSED retryable=true
[1788502568171] MA: session ended kind=TRANSPORT_CLOSED retryable=true
[1788502568755] MA: session ended kind=TRANSPORT_CLOSED retryable=true
[1788502569295] MA: session ended kind=TRANSPORT_CLOSED retryable=true
[1788502569756] MA: session ended kind=TRANSPORT_CLOSED retryable=true
[1788502570266] MA: session ended kind=TRANSPORT_CLOSED retryable=true
[1788502570690] MA: session ended kind=TRANSPORT_CLOSED retryable=true
[1788502571226] MA: session ended kind=TRANSPORT_CLOSED retryable=true
[1788502571750] MA: session ended kind=TRANSPORT_CLOSED retryable=true
[1788502572237] MA: session ended kind=TRANSPORT_CLOSED retryable=true
[1788502572743] MA: session ended kind=TRANSPORT_CLOSED retryable=true
[1788502573266] MA: session ended kind=TRANSPORT_CLOSED retryable=true
[1788502573769] MA: session ended kind=TRANSPORT_CLOSED retryable=true
[1788502574343] MA: session ended kind=TRANSPORT_CLOSED retryable=true
[1788502574963] MA: session ended kind=TRANSPORT_CLOSED retryable=true
[1788502575531] MA: session ended kind=TRANSPORT_CLOSED retryable=true
[1788502576040] MA: session ended kind=TRANSPORT_CLOSED retryable=true
[1788502576474] MA: session ended kind=TRANSPORT_CLOSED retryable=true
[1788502576988] MA: session ended kind=TRANSPORT_CLOSED retryable=true
[1788502577613] MA: session ended kind=TRANSPORT_CLOSED retryable=true
[1788502578108] MA: session ended kind=TRANSPORT_CLOSED retryable=true
[1788502578639] MA: session ended kind=TRANSPORT_CLOSED retryable=true
[1788502579150] MA: session ended kind=TRANSPORT_CLOSED retryable=true
[1788502579686] MA: session ended kind=TRANSPORT_CLOSED retryable=true
[1788502580151] MA: session ended kind=TRANSPORT_CLOSED retryable=true
[1788502580682] MA: session ended kind=TRANSPORT_CLOSED retryable=true
[1788502581251] MA: session ended kind=TRANSPORT_CLOSED retryable=true
[1788502581783] MA: session ended kind=TRANSPORT_CLOSED retryable=true
[1788502582275] MA: session ended kind=TRANSPORT_CLOSED retryable=true
[1788502582731] MA: session ended kind=TRANSPORT_CLOSED retryable=true
[1788502583296] MA: session ended kind=TRANSPORT_CLOSED retryable=true
[1788502583843] MA: session ended kind=TRANSPORT_CLOSED retryable=true
[1788502584282] MA: session ended kind=TRANSPORT_CLOSED retryable=true
[1788502584795] MA: session ended kind=TRANSPORT_CLOSED retryable=true
[1788502585387] MA: session ended kind=TRANSPORT_CLOSED retryable=true
[1788502585860] MA: session ended kind=TRANSPORT_CLOSED retryable=true
[1788502586322] MA: session ended kind=TRANSPORT_CLOSED retryable=true
[1788502586751] MA: session ended kind=TRANSPORT_CLOSED retryable=true
[1788502587355] MA: session ended kind=TRANSPORT_CLOSED retryable=true
[1788502587811] MA: session ended kind=TRANSPORT_CLOSED retryable=true
[1788502588331] MA: session ended kind=TRANSPORT_CLOSED retryable=true
[1788502588775] MA: session ended kind=TRANSPORT_CLOSED retryable=true
[1788502589367] MA: session ended kind=TRANSPORT_CLOSED retryable=true
[1788502589916] MA: session ended kind=TRANSPORT_CLOSED retryable=true
[1788502590387] MA: session ended kind=TRANSPORT_CLOSED retryable=true
[1788502590823] MA: session ended kind=TRANSPORT_CLOSED retryable=true
[1788502591307] MA: session ended kind=TRANSPORT_CLOSED retryable=true
[1788502591806] MA: session ended kind=TRANSPORT_CLOSED retryable=true
[1788502592320] MA: session ended kind=TRANSPORT_CLOSED retryable=true
[1788502592783] MA: session ended kind=TRANSPORT_CLOSED retryable=true
[1788502593299] MA: session ended kind=TRANSPORT_CLOSED retryable=true
[1788502593843] MA: session ended kind=TRANSPORT_CLOSED retryable=true
[1788502594372] MA: session ended kind=TRANSPORT_CLOSED retryable=true
[1788502594935] MA: session ended kind=TRANSPORT_CLOSED retryable=true
[1788502595438] MA: session ended kind=TRANSPORT_CLOSED retryable=true
[1788502595943] MA: session ended kind=TRANSPORT_CLOSED retryable=true
[1788502596540] MA: session ended kind=TRANSPORT_CLOSED retryable=true
[1788502596976] MA: session ended kind=TRANSPORT_CLOSED retryable=true
[1788502597580] MA: session ended kind=TRANSPORT_CLOSED retryable=true
[1788502598185] MA: session ended kind=TRANSPORT_CLOSED retryable=true
[1788502598755] MA: session ended kind=TRANSPORT_CLOSED retryable=true
[1788502599308] MA: session ended kind=TRANSPORT_CLOSED retryable=true
[1788502599840] MA: session ended kind=TRANSPORT_CLOSED retryable=true
[1788502600351] MA: session ended kind=TRANSPORT_CLOSED retryable=true
[1788502600957] MA: session ended kind=TRANSPORT_CLOSED retryable=true
[1788502601419] MA: session ended kind=TRANSPORT_CLOSED retryable=true
[1788502601938] MA: session ended kind=TRANSPORT_CLOSED retryable=true
[1788502602375] MA: session ended kind=TRANSPORT_CLOSED retryable=true
[1788502602859] MA: session ended kind=TRANSPORT_CLOSED retryable=true
[1788502603357] MA: session ended kind=TRANSPORT_CLOSED retryable=true
[1788502603802] MA: session ended kind=TRANSPORT_CLOSED retryable=true
[1788502604377] MA: session ended kind=TRANSPORT_CLOSED retryable=true
[1788502604812] MA: session ended kind=TRANSPORT_CLOSED retryable=true
[1788502605385] MA: session ended kind=TRANSPORT_CLOSED retryable=true
[1788502605936] MA: session ended kind=TRANSPORT_CLOSED retryable=true
[1788502606551] MA: session ended kind=TRANSPORT_CLOSED retryable=true
[1788502607038] MA: session ended kind=TRANSPORT_CLOSED retryable=true
[1788502607460] MA: session ended kind=TRANSPORT_CLOSED retryable=true
[1788502607946] MA: session ended kind=TRANSPORT_CLOSED retryable=true
[1788502608455] MA: session ended kind=TRANSPORT_CLOSED retryable=true
[1788502609043] MA: session ended kind=TRANSPORT_CLOSED retryable=true
[1788502609535] MA: session ended kind=TRANSPORT_CLOSED retryable=true
[1788502609999] MA: session ended kind=TRANSPORT_CLOSED retryable=true
[1788502610475] MA: session ended kind=TRANSPORT_CLOSED retryable=true
[1788502611089] MA: session ended kind=TRANSPORT_CLOSED retryable=true
[1788502611698] MA: session ended kind=TRANSPORT_CLOSED retryable=true
[1788502612265] MA: session ended kind=TRANSPORT_CLOSED retryable=true
[1788502612714] MA: session ended kind=TRANSPORT_CLOSED retryable=true
[1788502613236] MA: session ended kind=TRANSPORT_CLOSED retryable=true
[1788502613779] MA: session ended kind=TRANSPORT_CLOSED retryable=true
[1788502614306] MA: session ended kind=TRANSPORT_CLOSED retryable=true
[1788502614878] MA: session ended kind=TRANSPORT_CLOSED retryable=true
[1788502615363] MA: session ended kind=TRANSPORT_CLOSED retryable=true
[1788502615799] MA: session ended kind=TRANSPORT_CLOSED retryable=true
[1788502616393] MA: session ended kind=TRANSPORT_CLOSED retryable=true
[1788502617008] MA: session ended kind=TRANSPORT_CLOSED retryable=true
[1788502617568] MA: session ended kind=TRANSPORT_CLOSED retryable=true
[1788502618120] MA: session ended kind=TRANSPORT_CLOSED retryable=true
[1788502618578] MA: session ended kind=TRANSPORT_CLOSED retryable=true
[1788502619140] MA: session ended kind=TRANSPORT_CLOSED retryable=true
[1788502619728] MA: session ended kind=TRANSPORT_CLOSED retryable=true
[1788502620289] MA: session ended kind=TRANSPORT_CLOSED retryable=true
[1788502620731] MA: session ended kind=TRANSPORT_CLOSED retryable=true
[1788502621233] MA: session ended kind=TRANSPORT_CLOSED retryable=true
[1788502621681] MA: session ended kind=TRANSPORT_CLOSED retryable=true
[1788502622300] MA: session ended kind=TRANSPORT_CLOSED retryable=true
[1788502622895] MA: session ended kind=TRANSPORT_CLOSED retryable=true
[1788502623383] MA: session ended kind=TRANSPORT_CLOSED retryable=true
[1788502623896] MA: session ended kind=TRANSPORT_CLOSED retryable=true
[1788502624373] MA: session ended kind=TRANSPORT_CLOSED retryable=true
[1788502624915] MA: session ended kind=TRANSPORT_CLOSED retryable=true
[1788502625461] MA: session ended kind=TRANSPORT_CLOSED retryable=true
[1788502625878] MA: session ended kind=TRANSPORT_CLOSED retryable=true
[1788502626354] MA: session ended kind=TRANSPORT_CLOSED retryable=true
[1788502626783] MA: session ended kind=TRANSPORT_CLOSED retryable=true
[1788502627246] MA: session ended kind=TRANSPORT_CLOSED retryable=true
[1788502627748] MA: session ended kind=TRANSPORT_CLOSED retryable=true
[1788502628334] MA: session ended kind=TRANSPORT_CLOSED retryable=true
[1788502628966] MA: session ended kind=TRANSPORT_CLOSED retryable=true
[1788502629407] MA: session ended kind=TRANSPORT_CLOSED retryable=true
[1788502630011] MA: session ended kind=TRANSPORT_CLOSED retryable=true
[1788502630566] MA: session ended kind=TRANSPORT_CLOSED retryable=true
[1788502631147] MA: session ended kind=TRANSPORT_CLOSED retryable=true
[1788502631687] MA: session ended kind=TRANSPORT_CLOSED retryable=true
[1788502632133] MA: session ended kind=TRANSPORT_CLOSED retryable=true
[1788502632713] MA: session ended kind=TRANSPORT_CLOSED retryable=true
[1788502633194] MA: session ended kind=TRANSPORT_CLOSED retryable=true
[1788502633771] MA: session ended kind=TRANSPORT_CLOSED retryable=true
[1788502634346] MA: session ended kind=TRANSPORT_CLOSED retryable=true
[1788502634952] MA: session ended kind=TRANSPORT_CLOSED retryable=true
[1788502635496] MA: session ended kind=TRANSPORT_CLOSED retryable=true
[1788502635979] MA: session ended kind=TRANSPORT_CLOSED retryable=true
[1788502636481] MA: session ended kind=TRANSPORT_CLOSED retryable=true
[1788502636915] MA: session ended kind=TRANSPORT_CLOSED retryable=true
[1788502637410] MA: session ended kind=TRANSPORT_CLOSED retryable=true
[1788502638029] MA: session ended kind=TRANSPORT_CLOSED retryable=true
[1788502638603] MA: session ended kind=TRANSPORT_CLOSED retryable=true
[1788502639081] MA: session ended kind=TRANSPORT_CLOSED retryable=true
[1788502639578] MA: session ended kind=TRANSPORT_CLOSED retryable=true
[1788502640158] MA: session ended kind=TRANSPORT_CLOSED retryable=true
[1788502640704] MA: session ended kind=TRANSPORT_CLOSED retryable=true
[1788502641118] MA: session ended kind=TRANSPORT_CLOSED retryable=true
[1788502641732] MA: session ended kind=TRANSPORT_CLOSED retryable=true
[1788502642314] MA: session ended kind=TRANSPORT_CLOSED retryable=true
[1788502642842] MA: session ended kind=TRANSPORT_CLOSED retryable=true
[1788502643419] MA: session ended kind=TRANSPORT_CLOSED retryable=true
[1788502644034] MA: session ended kind=TRANSPORT_CLOSED retryable=true
[1788502644595] MA: session ended kind=TRANSPORT_CLOSED retryable=true
[1788502645147] MA: session ended kind=TRANSPORT_CLOSED retryable=true
[1788502645736] MA: session ended kind=TRANSPORT_CLOSED retryable=true
[1788502646177] MA: session ended kind=TRANSPORT_CLOSED retryable=true
[1788502646768] MA: session ended kind=TRANSPORT_CLOSED retryable=true
[1788502647290] MA: session ended kind=TRANSPORT_CLOSED retryable=true
[1788502647765] MA: session ended kind=TRANSPORT_CLOSED retryable=true
[1788502648342] MA: session ended kind=TRANSPORT_CLOSED retryable=true
[1788502648823] MA: session ended kind=TRANSPORT_CLOSED retryable=true
[1788502649429] MA: session ended kind=TRANSPORT_CLOSED retryable=true
[1788502649956] MA: session ended kind=TRANSPORT_CLOSED retryable=true
[1788502650444] MA: session ended kind=TRANSPORT_CLOSED retryable=true
[1788502650994] MA: session ended kind=TRANSPORT_CLOSED retryable=true
[1788502651445] MA: session ended kind=TRANSPORT_CLOSED retryable=true
[1788502651888] MA: session ended kind=TRANSPORT_CLOSED retryable=true
[1788502652461] MA: session ended kind=TRANSPORT_CLOSED retryable=true
[1788502653004] MA: session ended kind=TRANSPORT_CLOSED retryable=true
[1788502653578] MA: session ended kind=TRANSPORT_CLOSED retryable=true
[1788502654052] MA: session ended kind=TRANSPORT_CLOSED retryable=true
[1788502654638] MA: session ended kind=TRANSPORT_CLOSED retryable=true
[1788502655151] MA: session ended kind=TRANSPORT_CLOSED retryable=true
[1788502655763] MA: session ended kind=TRANSPORT_CLOSED retryable=true
[1788502656332] MA: session ended kind=TRANSPORT_CLOSED retryable=true
[1788502656951] MA: session ended kind=TRANSPORT_CLOSED retryable=true
[1788502657516] MA: session ended kind=TRANSPORT_CLOSED retryable=true
[1788502658097] MA: session ended kind=TRANSPORT_CLOSED retryable=true
[1788502658699] MA: session ended kind=TRANSPORT_CLOSED retryable=true
[1788502659161] MA: session ended kind=TRANSPORT_CLOSED retryable=true
[1788502659612] MA: session ended kind=TRANSPORT_CLOSED retryable=true
[1788502660075] MA: session ended kind=TRANSPORT_CLOSED retryable=true
[1788502660508] MA: session ended kind=TRANSPORT_CLOSED retryable=true
[1788502660968] MA: session ended kind=TRANSPORT_CLOSED retryable=true
[1788502661552] MA: session ended kind=TRANSPORT_CLOSED retryable=true
[1788502662091] MA: session ended kind=TRANSPORT_CLOSED retryable=true
[1788502662625] MA: session ended kind=TRANSPORT_CLOSED retryable=true
[1788502663243] MA: session ended kind=TRANSPORT_CLOSED retryable=true
[1788502663762] MA: session ended kind=TRANSPORT_CLOSED retryable=true
[1788502664259] MA: session ended kind=TRANSPORT_CLOSED retryable=true
[1788502664754] MA: session ended kind=TRANSPORT_CLOSED retryable=true
[1788502665251] MA: session ended kind=TRANSPORT_CLOSED retryable=true
[1788502665770] MA: session ended kind=TRANSPORT_CLOSED retryable=true
[1788502666270] MA: session ended kind=TRANSPORT_CLOSED retryable=true
[1788502666750] MA: session ended kind=TRANSPORT_CLOSED retryable=true
[1788502667195] MA: session ended kind=TRANSPORT_CLOSED retryable=true
[1788502667650] MA: session ended kind=TRANSPORT_CLOSED retryable=true
[1788502668202] MA: session ended kind=TRANSPORT_CLOSED retryable=true
[1788502668713] MA: session ended kind=TRANSPORT_CLOSED retryable=true
[1788502669167] MA: session ended kind=TRANSPORT_CLOSED retryable=true
[1788502669741] MA: session ended kind=TRANSPORT_CLOSED retryable=true
[1788502670275] MA: session ended kind=TRANSPORT_CLOSED retryable=true
[1788502670832] MA: session ended kind=TRANSPORT_CLOSED retryable=true
[1788502671277] MA: session ended kind=TRANSPORT_CLOSED retryable=true
[1788502671769] MA: session ended kind=TRANSPORT_CLOSED retryable=true
[1788502672241] MA: session ended kind=TRANSPORT_CLOSED retryable=true
[1788502672798] MA: session ended kind=TRANSPORT_CLOSED retryable=true
[1788502673322] MA: session ended kind=TRANSPORT_CLOSED retryable=true
[1788502673802] MA: session ended kind=TRANSPORT_CLOSED retryable=true
[1788502674380] MA: session ended kind=TRANSPORT_CLOSED retryable=true
[1788502674882] MA: session ended kind=TRANSPORT_CLOSED retryable=true
[1788502675494] MA: session ended kind=TRANSPORT_CLOSED retryable=true
[1788502675963] MA: session ended kind=TRANSPORT_CLOSED retryable=true
[1788502676578] MA: session ended kind=TRANSPORT_CLOSED retryable=true
[1788502677033] MA: session ended kind=TRANSPORT_CLOSED retryable=true
[1788502677626] MA: session ended kind=TRANSPORT_CLOSED retryable=true
[1788502678188] MA: session ended kind=TRANSPORT_CLOSED retryable=true
[1788502678726] MA: session ended kind=TRANSPORT_CLOSED retryable=true
[1788502679264] MA: session ended kind=TRANSPORT_CLOSED retryable=true
[1788502679707] MA: session ended kind=TRANSPORT_CLOSED retryable=true
[1788502680231] MA: session ended kind=TRANSPORT_CLOSED retryable=true
[1788502680774] MA: session ended kind=TRANSPORT_CLOSED retryable=true
[1788502681274] MA: session ended kind=TRANSPORT_CLOSED retryable=true
[1788502681729] MA: session ended kind=TRANSPORT_CLOSED retryable=true
[1788502682317] MA: session ended kind=TRANSPORT_CLOSED retryable=true
[1788502682823] MA: session ended kind=TRANSPORT_CLOSED retryable=true
[1788502683409] MA: session ended kind=TRANSPORT_CLOSED retryable=true
[1788502683938] MA: session ended kind=TRANSPORT_CLOSED retryable=true
[1788502684433] MA: session ended kind=TRANSPORT_CLOSED retryable=true
[1788502684989] MA: session ended kind=TRANSPORT_CLOSED retryable=true
[1788502685425] MA: session ended kind=TRANSPORT_CLOSED retryable=true
[1788502685962] MA: session ended kind=TRANSPORT_CLOSED retryable=true
[1788502686412] MA: session ended kind=TRANSPORT_CLOSED retryable=true
[1788502686890] MA: session ended kind=TRANSPORT_CLOSED retryable=true
[1788502687392] MA: session ended kind=TRANSPORT_CLOSED retryable=true
[1788502687835] MA: session ended kind=TRANSPORT_CLOSED retryable=true
[1788502688364] MA: session ended kind=TRANSPORT_CLOSED retryable=true
[1788502688837] MA: session ended kind=TRANSPORT_CLOSED retryable=true
[1788502689292] MA: session ended kind=TRANSPORT_CLOSED retryable=true
[1788502689826] MA: session ended kind=TRANSPORT_CLOSED retryable=true
[1788502690331] MA: session ended kind=TRANSPORT_CLOSED retryable=true
[1788502690909] MA: session ended kind=TRANSPORT_CLOSED retryable=true
[1788502691353] MA: session ended kind=TRANSPORT_CLOSED retryable=true
[1788502691836] MA: session ended kind=TRANSPORT_CLOSED retryable=true
[1788502692333] MA: session ended kind=TRANSPORT_CLOSED retryable=true
[1788502692947] MA: session ended kind=TRANSPORT_CLOSED retryable=true
[1788502693516] MA: session ended kind=TRANSPORT_CLOSED retryable=true
[1788502693979] MA: session ended kind=TRANSPORT_CLOSED retryable=true
[1788502694485] MA: session ended kind=TRANSPORT_CLOSED retryable=true
[1788502695074] MA: session ended kind=TRANSPORT_CLOSED retryable=true
[1788502695722] MA: session ended kind=TRANSPORT_CLOSED retryable=true
[1788502696286] MA: session ended kind=TRANSPORT_CLOSED retryable=true
[1788502696787] MA: session ended kind=TRANSPORT_CLOSED retryable=true
[1788502697267] MA: session ended kind=TRANSPORT_CLOSED retryable=true
[1788502697827] MA: session ended kind=TRANSPORT_CLOSED retryable=true
[1788502698389] MA: session ended kind=TRANSPORT_CLOSED retryable=true
[1788502698877] MA: session ended kind=TRANSPORT_CLOSED retryable=true
[1788502699482] MA: session ended kind=TRANSPORT_CLOSED retryable=true
[1788502699914] MA: session ended kind=TRANSPORT_CLOSED retryable=true
[1788502700403] MA: session ended kind=TRANSPORT_CLOSED retryable=true
[1788502700836] MA: session ended kind=TRANSPORT_CLOSED retryable=true
[1788502701322] MA: session ended kind=TRANSPORT_CLOSED retryable=true
[1788502701931] MA: session ended kind=TRANSPORT_CLOSED retryable=true
[1788502702540] MA: session ended kind=TRANSPORT_CLOSED retryable=true
[1788502703107] MA: session ended kind=TRANSPORT_CLOSED retryable=true
[1788502703596] MA: session ended kind=TRANSPORT_CLOSED retryable=true
[1788502704192] MA: session ended kind=TRANSPORT_CLOSED retryable=true
[1788502704815] MA: session ended kind=TRANSPORT_CLOSED retryable=true
[1788502705423] MA: session ended kind=TRANSPORT_CLOSED retryable=true
[1788502705944] MA: session ended kind=TRANSPORT_CLOSED retryable=true
[1788502706543] MA: session ended kind=TRANSPORT_CLOSED retryable=true
[1788502707136] MA: session ended kind=TRANSPORT_CLOSED retryable=true
[1788502707582] MA: session ended kind=TRANSPORT_CLOSED retryable=true
[1788502708127] MA: session ended kind=TRANSPORT_CLOSED retryable=true
[1788502708653] MA: session ended kind=TRANSPORT_CLOSED retryable=true
[1788502709157] MA: session ended kind=TRANSPORT_CLOSED retryable=true
[1788502709681] MA: session ended kind=TRANSPORT_CLOSED retryable=true
[1788502710255] MA: session ended kind=TRANSPORT_CLOSED retryable=true
[1788502710860] MA: session ended kind=TRANSPORT_CLOSED retryable=true
[1788502711452] MA: session ended kind=TRANSPORT_CLOSED retryable=true
[1788502711880] MA: session ended kind=TRANSPORT_CLOSED retryable=true
[1788502712495] MA: session ended kind=TRANSPORT_CLOSED retryable=true
[1788502713014] MA: session ended kind=TRANSPORT_CLOSED retryable=true
[1788502713532] MA: session ended kind=TRANSPORT_CLOSED retryable=true
[1788502714088] MA: session ended kind=TRANSPORT_CLOSED retryable=true
[1788502714695] MA: session ended kind=TRANSPORT_CLOSED retryable=true
[1788502715167] MA: session ended kind=TRANSPORT_CLOSED retryable=true
[1788502715643] MA: session ended kind=TRANSPORT_CLOSED retryable=true
[1788502716255] MA: session ended kind=TRANSPORT_CLOSED retryable=true
[1788502716854] MA: session ended kind=TRANSPORT_CLOSED retryable=true
[1788502717469] MA: session ended kind=TRANSPORT_CLOSED retryable=true
[1788502718043] MA: session ended kind=TRANSPORT_CLOSED retryable=true
[1788502718463] MA: session ended kind=TRANSPORT_CLOSED retryable=true
[1788502718987] MA: session ended kind=TRANSPORT_CLOSED retryable=true
[1788502719603] MA: session ended kind=TRANSPORT_CLOSED retryable=true
[1788502720169] MA: session ended kind=TRANSPORT_CLOSED retryable=true
[1788502720692] MA: session ended kind=TRANSPORT_CLOSED retryable=true
[1788502721235] MA: session ended kind=TRANSPORT_CLOSED retryable=true
[1788502721787] MA: session ended kind=TRANSPORT_CLOSED retryable=true
[1788502722258] MA: session ended kind=TRANSPORT_CLOSED retryable=true
[1788502722690] MA: session ended kind=TRANSPORT_CLOSED retryable=true
[1788502723292] MA: session ended kind=TRANSPORT_CLOSED retryable=true
[1788502723806] MA: session ended kind=TRANSPORT_CLOSED retryable=true
[1788502724377] MA: session ended kind=TRANSPORT_CLOSED retryable=true
[1788502724960] MA: session ended kind=TRANSPORT_CLOSED retryable=true
[1788502725572] MA: session ended kind=TRANSPORT_CLOSED retryable=true
[1788502726195] MA: session ended kind=TRANSPORT_CLOSED retryable=true
[1788502726619] MA: session ended kind=TRANSPORT_CLOSED retryable=true
[1788502727072] MA: session ended kind=TRANSPORT_CLOSED retryable=true
[1788502727568] MA: session ended kind=TRANSPORT_CLOSED retryable=true
[1788502728040] MA: session ended kind=TRANSPORT_CLOSED retryable=true
[1788502728592] MA: session ended kind=TRANSPORT_CLOSED retryable=true
[1788502729139] MA: session ended kind=TRANSPORT_CLOSED retryable=true
[1788502729691] MA: session ended kind=TRANSPORT_CLOSED retryable=true
[1788502730275] MA: session ended kind=TRANSPORT_CLOSED retryable=true
[1788502730756] MA: session ended kind=TRANSPORT_CLOSED retryable=true
[1788502731311] MA: session ended kind=TRANSPORT_CLOSED retryable=true
[1788502731860] MA: session ended kind=TRANSPORT_CLOSED retryable=true
[1788502732364] MA: session ended kind=TRANSPORT_CLOSED retryable=true
[1788502732864] MA: session ended kind=TRANSPORT_CLOSED retryable=true
[1788502733456] MA: session ended kind=TRANSPORT_CLOSED retryable=true
[1788502734078] MA: session ended kind=TRANSPORT_CLOSED retryable=true
[1788502734664] MA: session ended kind=TRANSPORT_CLOSED retryable=true
[1788502735219] MA: session ended kind=TRANSPORT_CLOSED retryable=true
[1788502735808] MA: session ended kind=TRANSPORT_CLOSED retryable=true
[1788502736387] MA: session ended kind=TRANSPORT_CLOSED retryable=true
[1788502736844] MA: session ended kind=TRANSPORT_CLOSED retryable=true
[1788502737372] MA: session ended kind=TRANSPORT_CLOSED retryable=true
[1788502737849] MA: session ended kind=TRANSPORT_CLOSED retryable=true
[1788502738298] MA: session ended kind=TRANSPORT_CLOSED retryable=true
[1788502738711] MA: session ended kind=TRANSPORT_CLOSED retryable=true
[1788502739245] MA: session ended kind=TRANSPORT_CLOSED retryable=true
[1788502739835] MA: session ended kind=TRANSPORT_CLOSED retryable=true
[1788502740406] MA: session ended kind=TRANSPORT_CLOSED retryable=true
[1788502740957] MA: session ended kind=TRANSPORT_CLOSED retryable=true
[1788502741388] MA: session ended kind=TRANSPORT_CLOSED retryable=true
[1788502741820] MA: session ended kind=TRANSPORT_CLOSED retryable=true
[1788502742395] MA: session ended kind=TRANSPORT_CLOSED retryable=true
[1788502742987] MA: session ended kind=TRANSPORT_CLOSED retryable=true
[1788502743431] MA: session ended kind=TRANSPORT_CLOSED retryable=true
[1788502743924] MA: session ended kind=TRANSPORT_CLOSED retryable=true
[1788502744389] MA: session ended kind=TRANSPORT_CLOSED retryable=true
[1788502744883] MA: session ended kind=TRANSPORT_CLOSED retryable=true
[1788502745384] MA: session ended kind=TRANSPORT_CLOSED retryable=true
[1788502745978] MA: session ended kind=TRANSPORT_CLOSED retryable=true
[1788502746582] MA: session ended kind=TRANSPORT_CLOSED retryable=true
[1788502747099] MA: session ended kind=TRANSPORT_CLOSED retryable=true
[1788502747700] MA: session ended kind=TRANSPORT_CLOSED retryable=true
[1788502748262] MA: session ended kind=TRANSPORT_CLOSED retryable=true
[1788502748774] MA: session ended kind=TRANSPORT_CLOSED retryable=true
[1788502749338] MA: session ended kind=TRANSPORT_CLOSED retryable=true
[1788502749946] MA: session ended kind=TRANSPORT_CLOSED retryable=true
[1788502750507] MA: session ended kind=TRANSPORT_CLOSED retryable=true
[1788502750937] MA: session ended kind=TRANSPORT_CLOSED retryable=true
[1788502751386] MA: session ended kind=TRANSPORT_CLOSED retryable=true
[1788502751940] MA: session ended kind=TRANSPORT_CLOSED retryable=true
[1788502752452] MA: session ended kind=TRANSPORT_CLOSED retryable=true
[1788502752935] MA: session ended kind=TRANSPORT_CLOSED retryable=true
[1788502753422] MA: session ended kind=TRANSPORT_CLOSED retryable=true
[1788502754013] MA: session ended kind=TRANSPORT_CLOSED retryable=true
[1788502754599] MA: session ended kind=TRANSPORT_CLOSED retryable=true
[1788502755121] MA: session ended kind=TRANSPORT_CLOSED retryable=true
[1788502755681] MA: session ended kind=TRANSPORT_CLOSED retryable=true
[1788502756174] MA: session ended kind=TRANSPORT_CLOSED retryable=true
[1788502756771] MA: session ended kind=TRANSPORT_CLOSED retryable=true
[1788502757287] MA: session ended kind=TRANSPORT_CLOSED retryable=true
[1788502757808] MA: session ended kind=TRANSPORT_CLOSED retryable=true
[1788502758326] MA: session ended kind=TRANSPORT_CLOSED retryable=true
[1788502758893] MA: session ended kind=TRANSPORT_CLOSED retryable=true
[1788502759349] MA: session ended kind=TRANSPORT_CLOSED retryable=true
[1788502759970] MA: session ended kind=TRANSPORT_CLOSED retryable=true
[1788502760534] MA: session ended kind=TRANSPORT_CLOSED retryable=true
[1788502761155] MA: session ended kind=TRANSPORT_CLOSED retryable=true
[1788502761718] MA: session ended kind=TRANSPORT_CLOSED retryable=true
[1788502762355] MA: session ended kind=TRANSPORT_CLOSED retryable=true
[1788502762883] MA: session ended kind=TRANSPORT_CLOSED retryable=true
[1788502763303] MA: session ended kind=TRANSPORT_CLOSED retryable=true
[1788502763723] MA: session ended kind=TRANSPORT_CLOSED retryable=true
[1788502764267] MA: session ended kind=TRANSPORT_CLOSED retryable=true
[1788502764789] MA: session ended kind=TRANSPORT_CLOSED retryable=true
[1788502765257] MA: session ended kind=TRANSPORT_CLOSED retryable=true
[1788502765681] MA: session ended kind=TRANSPORT_CLOSED retryable=true
[1788502766178] MA: session ended kind=TRANSPORT_CLOSED retryable=true
[1788502766717] MA: session ended kind=TRANSPORT_CLOSED retryable=true
[1788502767280] MA: session ended kind=TRANSPORT_CLOSED retryable=true
[1788502767726] MA: session ended kind=TRANSPORT_CLOSED retryable=true
[1788502768348] MA: session ended kind=TRANSPORT_CLOSED retryable=true
[1788502768928] MA: session ended kind=TRANSPORT_CLOSED retryable=true
[1788502769370] MA: session ended kind=TRANSPORT_CLOSED retryable=true
[1788502769954] MA: session ended kind=TRANSPORT_CLOSED retryable=true
[1788502770449] MA: session ended kind=TRANSPORT_CLOSED retryable=true
[1788502770989] MA: session ended kind=TRANSPORT_CLOSED retryable=true
[1788502771586] MA: session ended kind=TRANSPORT_CLOSED retryable=true
[1788502772115] MA: session ended kind=TRANSPORT_CLOSED retryable=true
[1788502772570] MA: session ended kind=TRANSPORT_CLOSED retryable=true
[1788502773036] MA: session ended kind=TRANSPORT_CLOSED retryable=true
[1788502773644] MA: session ended kind=TRANSPORT_CLOSED retryable=true
[1788502774100] MA: session ended kind=TRANSPORT_CLOSED retryable=true
[1788502774677] MA: session ended kind=TRANSPORT_CLOSED retryable=true
[1788502775256] MA: session ended kind=TRANSPORT_CLOSED retryable=true
[1788502775817] MA: session ended kind=TRANSPORT_CLOSED retryable=true
[1788502776395] MA: session ended kind=TRANSPORT_CLOSED retryable=true
[1788502776912] MA: session ended kind=TRANSPORT_CLOSED retryable=true
[1788502777406] MA: session ended kind=TRANSPORT_CLOSED retryable=true
[1788502777890] MA: session ended kind=TRANSPORT_CLOSED retryable=true
[1788502778548] MA: session ended kind=TRANSPORT_CLOSED retryable=true
[1788502779051] MA: session ended kind=TRANSPORT_CLOSED retryable=true
[1788502779638] MA: session ended kind=TRANSPORT_CLOSED retryable=true
[1788502780173] MA: session ended kind=TRANSPORT_CLOSED retryable=true
[1788502780723] MA: session ended kind=TRANSPORT_CLOSED retryable=true
[1788502781305] MA: session ended kind=TRANSPORT_CLOSED retryable=true
[1788502781777] MA: session ended kind=TRANSPORT_CLOSED retryable=true
[1788502782372] MA: session ended kind=TRANSPORT_CLOSED retryable=true
[1788502782965] MA: session ended kind=TRANSPORT_CLOSED retryable=true
[1788502783587] MA: session ended kind=TRANSPORT_CLOSED retryable=true
[1788502784187] MA: session ended kind=TRANSPORT_CLOSED retryable=true
[1788502784739] MA: session ended kind=TRANSPORT_CLOSED retryable=true
[1788502785265] MA: session ended kind=TRANSPORT_CLOSED retryable=true
[1788502785796] MA: session ended kind=TRANSPORT_CLOSED retryable=true
[1788502786398] MA: session ended kind=TRANSPORT_CLOSED retryable=true
[1788502786915] MA: session ended kind=TRANSPORT_CLOSED retryable=true
[1788502787456] MA: session ended kind=TRANSPORT_CLOSED retryable=true
[1788502787931] MA: session ended kind=TRANSPORT_CLOSED retryable=true
[1788502788391] MA: session ended kind=TRANSPORT_CLOSED retryable=true
[1788502788883] MA: session ended kind=TRANSPORT_CLOSED retryable=true
[1788502789411] MA: session ended kind=TRANSPORT_CLOSED retryable=true
[1788502790004] MA: session ended kind=TRANSPORT_CLOSED retryable=true
[1788502790554] MA: session ended kind=TRANSPORT_CLOSED retryable=true
[1788502791116] MA: session ended kind=TRANSPORT_CLOSED retryable=true
[1788502791578] MA: session ended kind=TRANSPORT_CLOSED retryable=true
[1788502792066] MA: session ended kind=TRANSPORT_CLOSED retryable=true
[1788502792540] MA: session ended kind=TRANSPORT_CLOSED retryable=true
[1788502793147] MA: session ended kind=TRANSPORT_CLOSED retryable=true
[1788502793622] MA: session ended kind=TRANSPORT_CLOSED retryable=true
[1788502794171] MA: session ended kind=TRANSPORT_CLOSED retryable=true
[1788502794635] MA: session ended kind=TRANSPORT_CLOSED retryable=true
[1788502795197] MA: session ended kind=TRANSPORT_CLOSED retryable=true
[1788502795819] MA: session ended kind=TRANSPORT_CLOSED retryable=true
[1788502796434] MA: session ended kind=TRANSPORT_CLOSED retryable=true
[1788502796909] MA: session ended kind=TRANSPORT_CLOSED retryable=true
[1788502797458] MA: session ended kind=TRANSPORT_CLOSED retryable=true
[1788502797899] MA: session ended kind=TRANSPORT_CLOSED retryable=true
[1788502798340] MA: session ended kind=TRANSPORT_CLOSED retryable=true
[1788502798907] MA: session ended kind=TRANSPORT_CLOSED retryable=true
[1788502799499] MA: session ended kind=TRANSPORT_CLOSED retryable=true
[1788502799991] MA: session ended kind=TRANSPORT_CLOSED retryable=true
[1788502800562] MA: session ended kind=TRANSPORT_CLOSED retryable=true
[1788502801114] MA: session ended kind=TRANSPORT_CLOSED retryable=true
[1788502801548] MA: session ended kind=TRANSPORT_CLOSED retryable=true
[1788502802049] MA: session ended kind=TRANSPORT_CLOSED retryable=true
[1788502802623] MA: session ended kind=TRANSPORT_CLOSED retryable=true
[1788502803046] MA: session ended kind=TRANSPORT_CLOSED retryable=true
[1788502803575] MA: session ended kind=TRANSPORT_CLOSED retryable=true
[1788502804058] MA: session ended kind=TRANSPORT_CLOSED retryable=true
[1788502804667] MA: session ended kind=TRANSPORT_CLOSED retryable=true
[1788502805100] MA: session ended kind=TRANSPORT_CLOSED retryable=true
[1788502805617] MA: session ended kind=TRANSPORT_CLOSED retryable=true
[1788502806212] MA: session ended kind=TRANSPORT_CLOSED retryable=true
[1788502806664] MA: session ended kind=TRANSPORT_CLOSED retryable=true
[1788502807268] MA: session ended kind=TRANSPORT_CLOSED retryable=true
[1788502807832] MA: session ended kind=TRANSPORT_CLOSED retryable=true
[1788502808274] MA: session ended kind=TRANSPORT_CLOSED retryable=true
[1788502808760] MA: session ended kind=TRANSPORT_CLOSED retryable=true
[1788502809223] MA: session ended kind=TRANSPORT_CLOSED retryable=true
[1788502809763] MA: session ended kind=TRANSPORT_CLOSED retryable=true
[1788502810340] MA: session ended kind=TRANSPORT_CLOSED retryable=true
[1788502810912] MA: session ended kind=TRANSPORT_CLOSED retryable=true
[1788502811363] MA: session ended kind=TRANSPORT_CLOSED retryable=true
[1788502811940] MA: session ended kind=TRANSPORT_CLOSED retryable=true
[1788502812414] MA: session ended kind=TRANSPORT_CLOSED retryable=true
[1788502812959] MA: session ended kind=TRANSPORT_CLOSED retryable=true
[1788502813495] MA: session ended kind=TRANSPORT_CLOSED retryable=true
[1788502814030] MA: session ended kind=TRANSPORT_CLOSED retryable=true
[1788502814510] MA: session ended kind=TRANSPORT_CLOSED retryable=true
[1788502815102] MA: session ended kind=TRANSPORT_CLOSED retryable=true
[1788502815563] MA: session ended kind=TRANSPORT_CLOSED retryable=true
[1788502816003] MA: session ended kind=TRANSPORT_CLOSED retryable=true
[1788502816429] MA: session ended kind=TRANSPORT_CLOSED retryable=true
[1788502816936] MA: session ended kind=TRANSPORT_CLOSED retryable=true
[1788502817425] MA: session ended kind=TRANSPORT_CLOSED retryable=true
[1788502818023] MA: session ended kind=TRANSPORT_CLOSED retryable=true
[1788502818461] MA: session ended kind=TRANSPORT_CLOSED retryable=true
[1788502818975] MA: session ended kind=TRANSPORT_CLOSED retryable=true
[1788502819469] MA: session ended kind=TRANSPORT_CLOSED retryable=true
[1788502819957] MA: session ended kind=TRANSPORT_CLOSED retryable=true
[1788502820443] MA: session ended kind=TRANSPORT_CLOSED retryable=true
[1788502821003] MA: session ended kind=TRANSPORT_CLOSED retryable=true
[1788502821545] MA: session ended kind=TRANSPORT_CLOSED retryable=true
[1788502822165] MA: session ended kind=TRANSPORT_CLOSED retryable=true
[1788502822719] MA: session ended kind=TRANSPORT_CLOSED retryable=true
[1788502823333] MA: session ended kind=TRANSPORT_CLOSED retryable=true
[1788502823927] MA: session ended kind=TRANSPORT_CLOSED retryable=true
[1788502824475] MA: session ended kind=TRANSPORT_CLOSED retryable=true
[1788502824986] MA: session ended kind=TRANSPORT_CLOSED retryable=true
[1788502825474] MA: session ended kind=TRANSPORT_CLOSED retryable=true
[1788502826038] MA: session ended kind=TRANSPORT_CLOSED retryable=true
[1788502826526] MA: session ended kind=TRANSPORT_CLOSED retryable=true
[1788502827116] MA: session ended kind=TRANSPORT_CLOSED retryable=true
[1788502827630] MA: session ended kind=TRANSPORT_CLOSED retryable=true
[1788502828103] MA: session ended kind=TRANSPORT_CLOSED retryable=true
[1788502828653] MA: session ended kind=TRANSPORT_CLOSED retryable=true
[1788502829194] MA: session ended kind=TRANSPORT_CLOSED retryable=true
[1788502829797] MA: session ended kind=TRANSPORT_CLOSED retryable=true
[1788502830315] MA: session ended kind=TRANSPORT_CLOSED retryable=true
[1788502830899] MA: session ended kind=TRANSPORT_CLOSED retryable=true
[1788502831340] MA: session ended kind=TRANSPORT_CLOSED retryable=true
[1788502831947] MA: session ended kind=TRANSPORT_CLOSED retryable=true
[1788502832440] MA: session ended kind=TRANSPORT_CLOSED retryable=true
[1788502832893] MA: session ended kind=TRANSPORT_CLOSED retryable=true
[1788502833430] MA: session ended kind=TRANSPORT_CLOSED retryable=true
[1788502834006] MA: session ended kind=TRANSPORT_CLOSED retryable=true
[1788502834635] MA: session ended kind=TRANSPORT_CLOSED retryable=true
[1788502835196] MA: session ended kind=TRANSPORT_CLOSED retryable=true
[1788502835723] MA: session ended kind=TRANSPORT_CLOSED retryable=true
[1788502836223] MA: session ended kind=TRANSPORT_CLOSED retryable=true
[1788502836681] MA: session ended kind=TRANSPORT_CLOSED retryable=true
[1788502837250] MA: session ended kind=TRANSPORT_CLOSED retryable=true
[1788502837827] MA: session ended kind=TRANSPORT_CLOSED retryable=true
[1788502838390] MA: session ended kind=TRANSPORT_CLOSED retryable=true
[1788502838955] MA: session ended kind=TRANSPORT_CLOSED retryable=true
[1788502839399] MA: session ended kind=TRANSPORT_CLOSED retryable=true
[1788502839969] MA: session ended kind=TRANSPORT_CLOSED retryable=true
[1788502840542] MA: session ended kind=TRANSPORT_CLOSED retryable=true
[1788502841100] MA: session ended kind=TRANSPORT_CLOSED retryable=true
[1788502841628] MA: session ended kind=TRANSPORT_CLOSED retryable=true
[1788502842145] MA: session ended kind=TRANSPORT_CLOSED retryable=true
[1788502842604] MA: session ended kind=TRANSPORT_CLOSED retryable=true
[1788502843211] MA: session ended kind=TRANSPORT_CLOSED retryable=true
[1788502843628] MA: session ended kind=TRANSPORT_CLOSED retryable=true
[1788502844113] MA: session ended kind=TRANSPORT_CLOSED retryable=true
[1788502844678] MA: session ended kind=TRANSPORT_CLOSED retryable=true
[1788502845171] MA: session ended kind=TRANSPORT_CLOSED retryable=true
[1788502845761] MA: session ended kind=TRANSPORT_CLOSED retryable=true
[1788502846198] MA: session ended kind=TRANSPORT_CLOSED retryable=true
[1788502846736] MA: session ended kind=TRANSPORT_CLOSED retryable=true
[1788502847203] MA: session ended kind=TRANSPORT_CLOSED retryable=true
[1788502847667] MA: session ended kind=TRANSPORT_CLOSED retryable=true
[1788502848230] MA: session ended kind=TRANSPORT_CLOSED retryable=true
[1788502848831] MA: session ended kind=TRANSPORT_CLOSED retryable=true
[1788502849431] MA: session ended kind=TRANSPORT_CLOSED retryable=true
[1788502849930] MA: session ended kind=TRANSPORT_CLOSED retryable=true
[1788502850360] MA: session ended kind=TRANSPORT_CLOSED retryable=true
[1788502850884] MA: session ended kind=TRANSPORT_CLOSED retryable=true
[1788502851477] MA: session ended kind=TRANSPORT_CLOSED retryable=true
[1788502852045] MA: session ended kind=TRANSPORT_CLOSED retryable=true
[1788502852653] MA: session ended kind=TRANSPORT_CLOSED retryable=true
[1788502853112] MA: session ended kind=TRANSPORT_CLOSED retryable=true
[1788502853582] MA: session ended kind=TRANSPORT_CLOSED retryable=true
[1788502854059] MA: session ended kind=TRANSPORT_CLOSED retryable=true
[1788502854662] MA: session ended kind=TRANSPORT_CLOSED retryable=true
[1788502855132] MA: session ended kind=TRANSPORT_CLOSED retryable=true
[1788502855667] MA: session ended kind=TRANSPORT_CLOSED retryable=true
[1788502856265] MA: session ended kind=TRANSPORT_CLOSED retryable=true
[1788502856844] MA: session ended kind=TRANSPORT_CLOSED retryable=true
[1788502857340] MA: session ended kind=TRANSPORT_CLOSED retryable=true
[1788502857928] MA: session ended kind=TRANSPORT_CLOSED retryable=true
[1788502858447] MA: session ended kind=TRANSPORT_CLOSED retryable=true
[1788502858963] MA: session ended kind=TRANSPORT_CLOSED retryable=true
[1788502859483] MA: session ended kind=TRANSPORT_CLOSED retryable=true
[1788502860084] MA: session ended kind=TRANSPORT_CLOSED retryable=true
[1788502860635] MA: session ended kind=TRANSPORT_CLOSED retryable=true
[1788502861195] MA: session ended kind=TRANSPORT_CLOSED retryable=true
[1788502861769] MA: session ended kind=TRANSPORT_CLOSED retryable=true
[1788502862278] MA: session ended kind=TRANSPORT_CLOSED retryable=true
[1788502862737] MA: session ended kind=TRANSPORT_CLOSED retryable=true
[1788502863283] MA: session ended kind=TRANSPORT_CLOSED retryable=true
[1788502863745] MA: session ended kind=TRANSPORT_CLOSED retryable=true
[1788502864185] MA: session ended kind=TRANSPORT_CLOSED retryable=true
[1788502864660] MA: session ended kind=TRANSPORT_CLOSED retryable=true
[1788502865273] MA: session ended kind=TRANSPORT_CLOSED retryable=true
[1788502865748] MA: session ended kind=TRANSPORT_CLOSED retryable=true
[1788502866158] MA: session ended kind=TRANSPORT_CLOSED retryable=true
[1788502866689] MA: session ended kind=TRANSPORT_CLOSED retryable=true
[1788502867140] MA: session ended kind=TRANSPORT_CLOSED retryable=true
[1788502867580] MA: session ended kind=TRANSPORT_CLOSED retryable=true
[1788502868106] MA: session ended kind=TRANSPORT_CLOSED retryable=true
[1788502868571] MA: session ended kind=TRANSPORT_CLOSED retryable=true
[1788502869096] MA: session ended kind=TRANSPORT_CLOSED retryable=true
[1788502869714] MA: session ended kind=TRANSPORT_CLOSED retryable=true
[1788502870277] MA: session ended kind=TRANSPORT_CLOSED retryable=true
[1788502870868] MA: session ended kind=TRANSPORT_CLOSED retryable=true
[1788502871318] MA: session ended kind=TRANSPORT_CLOSED retryable=true
[1788502871890] MA: session ended kind=TRANSPORT_CLOSED retryable=true
[1788502872333] MA: session ended kind=TRANSPORT_CLOSED retryable=true
[1788502872852] MA: session ended kind=TRANSPORT_CLOSED retryable=true
[1788502873459] MA: session ended kind=TRANSPORT_CLOSED retryable=true
[1788502873975] MA: session ended kind=TRANSPORT_CLOSED retryable=true
[1788502874489] MA: session ended kind=TRANSPORT_CLOSED retryable=true
[1788502875084] MA: session ended kind=TRANSPORT_CLOSED retryable=true
[1788502875700] MA: session ended kind=TRANSPORT_CLOSED retryable=true
[1788502876254] MA: session ended kind=TRANSPORT_CLOSED retryable=true
[1788502876761] MA: session ended kind=TRANSPORT_CLOSED retryable=true
[1788502877354] MA: session ended kind=TRANSPORT_CLOSED retryable=true
[1788502877930] MA: session ended kind=TRANSPORT_CLOSED retryable=true
[1788502878492] MA: session ended kind=TRANSPORT_CLOSED retryable=true
[1788502878956] MA: session ended kind=TRANSPORT_CLOSED retryable=true
[1788502879587] MA: session ended kind=TRANSPORT_CLOSED retryable=true
[1788502880050] MA: session ended kind=TRANSPORT_CLOSED retryable=true
[1788502880592] MA: session ended kind=TRANSPORT_CLOSED retryable=true
[1788502881170] MA: session ended kind=TRANSPORT_CLOSED retryable=true
[1788502881740] MA: session ended kind=TRANSPORT_CLOSED retryable=true
[1788502882158] MA: session ended kind=TRANSPORT_CLOSED retryable=true
[1788502882584] MA: session ended kind=TRANSPORT_CLOSED retryable=true
[1788502883032] MA: session ended kind=TRANSPORT_CLOSED retryable=true
[1788502883579] MA: session ended kind=TRANSPORT_CLOSED retryable=true
[1788502884184] MA: session ended kind=TRANSPORT_CLOSED retryable=true
[1788502884741] MA: session ended kind=TRANSPORT_CLOSED retryable=true
[1788502885243] MA: session ended kind=TRANSPORT_CLOSED retryable=true
[1788502885734] MA: session ended kind=TRANSPORT_CLOSED retryable=true
[1788502886359] MA: session ended kind=TRANSPORT_CLOSED retryable=true
[1788502886850] MA: session ended kind=TRANSPORT_CLOSED retryable=true
[1788502887411] MA: session ended kind=TRANSPORT_CLOSED retryable=true
[1788502887918] MA: session ended kind=TRANSPORT_CLOSED retryable=true
[1788502888434] MA: session ended kind=TRANSPORT_CLOSED retryable=true
[1788502888979] MA: session ended kind=TRANSPORT_CLOSED retryable=true
[1788502889405] MA: session ended kind=TRANSPORT_CLOSED retryable=true
[1788502889903] MA: session ended kind=TRANSPORT_CLOSED retryable=true
[1788502890417] MA: session ended kind=TRANSPORT_CLOSED retryable=true
[1788502890863] MA: session ended kind=TRANSPORT_CLOSED retryable=true
[1788502891340] MA: session ended kind=TRANSPORT_CLOSED retryable=true
[1788502891916] MA: session ended kind=TRANSPORT_CLOSED retryable=true
[1788502892471] MA: session ended kind=TRANSPORT_CLOSED retryable=true
[1788502893051] MA: session ended kind=TRANSPORT_CLOSED retryable=true
[1788502893561] MA: session ended kind=TRANSPORT_CLOSED retryable=true
[1788502894087] MA: session ended kind=TRANSPORT_CLOSED retryable=true
[1788502894575] MA: session ended kind=TRANSPORT_CLOSED retryable=true
[1788502895137] MA: session ended kind=TRANSPORT_CLOSED retryable=true
[1788502895610] MA: session ended kind=TRANSPORT_CLOSED retryable=true
[1788502896136] MA: session ended kind=TRANSPORT_CLOSED retryable=true
[1788502896552] MA: session ended kind=TRANSPORT_CLOSED retryable=true
[1788502896987] MA: session ended kind=TRANSPORT_CLOSED retryable=true
[1788502897454] MA: session ended kind=TRANSPORT_CLOSED retryable=true
[1788502897915] MA: session ended kind=TRANSPORT_CLOSED retryable=true
[1788502898365] MA: session ended kind=TRANSPORT_CLOSED retryable=true
[1788502898861] MA: session ended kind=TRANSPORT_CLOSED retryable=true
[1788502899495] MA: session ended kind=TRANSPORT_CLOSED retryable=true
[1788502900091] MA: session ended kind=TRANSPORT_CLOSED retryable=true
[1788502900581] MA: session ended kind=TRANSPORT_CLOSED retryable=true
[1788502901090] MA: session ended kind=TRANSPORT_CLOSED retryable=true
[1788502901551] MA: session ended kind=TRANSPORT_CLOSED retryable=true
[1788502902085] MA: session ended kind=TRANSPORT_CLOSED retryable=true
[1788502902630] MA: session ended kind=TRANSPORT_CLOSED retryable=true
[1788502903106] MA: session ended kind=TRANSPORT_CLOSED retryable=true
[1788502903583] MA: session ended kind=TRANSPORT_CLOSED retryable=true
[1788502904143] MA: session ended kind=TRANSPORT_CLOSED retryable=true
[1788502904671] MA: session ended kind=TRANSPORT_CLOSED retryable=true
[1788502905116] MA: session ended kind=TRANSPORT_CLOSED retryable=true
[1788502905683] MA: session ended kind=TRANSPORT_CLOSED retryable=true
[1788502906231] MA: session ended kind=TRANSPORT_CLOSED retryable=true
[1788502906823] MA: session ended kind=TRANSPORT_CLOSED retryable=true
[1788502907335] MA: session ended kind=TRANSPORT_CLOSED retryable=true
[1788502907794] MA: session ended kind=TRANSPORT_CLOSED retryable=true
[1788502908321] MA: session ended kind=TRANSPORT_CLOSED retryable=true
[1788502908898] MA: session ended kind=TRANSPORT_CLOSED retryable=true
[1788502909339] MA: session ended kind=TRANSPORT_CLOSED retryable=true
[1788502909923] MA: session ended kind=TRANSPORT_CLOSED retryable=true
[1788502910458] MA: session ended kind=TRANSPORT_CLOSED retryable=true
[1788502911065] MA: session ended kind=TRANSPORT_CLOSED retryable=true
[1788502911652] MA: session ended kind=TRANSPORT_CLOSED retryable=true
[1788502912196] MA: session ended kind=TRANSPORT_CLOSED retryable=true
[1788502912811] MA: session ended kind=TRANSPORT_CLOSED retryable=true
[1788502913300] MA: session ended kind=TRANSPORT_CLOSED retryable=true
[1788502913766] MA: session ended kind=TRANSPORT_CLOSED retryable=true
[1788502914224] MA: session ended kind=TRANSPORT_CLOSED retryable=true
[1788502914652] MA: session ended kind=TRANSPORT_CLOSED retryable=true
[1788502915188] MA: session ended kind=TRANSPORT_CLOSED retryable=true
[1788502915743] MA: session ended kind=TRANSPORT_CLOSED retryable=true
[1788502916361] MA: session ended kind=TRANSPORT_CLOSED retryable=true
[1788502916919] MA: session ended kind=TRANSPORT_CLOSED retryable=true
[1788502917357] MA: session ended kind=TRANSPORT_CLOSED retryable=true
[1788502917814] MA: session ended kind=TRANSPORT_CLOSED retryable=true
[1788502918339] MA: session ended kind=TRANSPORT_CLOSED retryable=true
[1788502918761] MA: session ended kind=TRANSPORT_CLOSED retryable=true
[1788502919192] MA: session ended kind=TRANSPORT_CLOSED retryable=true
[1788502919723] MA: session ended kind=TRANSPORT_CLOSED retryable=true
[1788502920278] MA: session ended kind=TRANSPORT_CLOSED retryable=true
[1788502920831] MA: session ended kind=TRANSPORT_CLOSED retryable=true
[1788502921347] MA: session ended kind=TRANSPORT_CLOSED retryable=true
[1788502921803] MA: session ended kind=TRANSPORT_CLOSED retryable=true
[1788502922260] MA: session ended kind=TRANSPORT_CLOSED retryable=true
[1788502922808] MA: session ended kind=TRANSPORT_CLOSED retryable=true
[1788502923402] MA: session ended kind=TRANSPORT_CLOSED retryable=true
[1788502923975] MA: session ended kind=TRANSPORT_CLOSED retryable=true
[1788502924455] MA: session ended kind=TRANSPORT_CLOSED retryable=true
[1788502925011] MA: session ended kind=TRANSPORT_CLOSED retryable=true
[1788502925649] MA: session ended kind=TRANSPORT_CLOSED retryable=true
[1788502926255] MA: session ended kind=TRANSPORT_CLOSED retryable=true
[1788502926812] MA: session ended kind=TRANSPORT_CLOSED retryable=true
[1788502927240] MA: session ended kind=TRANSPORT_CLOSED retryable=true
[1788502927820] MA: session ended kind=TRANSPORT_CLOSED retryable=true
[1788502928419] MA: session ended kind=TRANSPORT_CLOSED retryable=true
[1788502928899] MA: session ended kind=TRANSPORT_CLOSED retryable=true
[1788502929353] MA: session ended kind=TRANSPORT_CLOSED retryable=true
[1788502929934] MA: session ended kind=TRANSPORT_CLOSED retryable=true
[1788502930448] MA: session ended kind=TRANSPORT_CLOSED retryable=true
[1788502931026] MA: session ended kind=TRANSPORT_CLOSED retryable=true
[1788502931651] MA: session ended kind=TRANSPORT_CLOSED retryable=true
[1788502932158] MA: session ended kind=TRANSPORT_CLOSED retryable=true
[1788502932767] MA: session ended kind=TRANSPORT_CLOSED retryable=true
[1788502933216] MA: session ended kind=TRANSPORT_CLOSED retryable=true
[1788502933822] MA: session ended kind=TRANSPORT_CLOSED retryable=true
[1788502934347] MA: session ended kind=TRANSPORT_CLOSED retryable=true
[1788502934800] MA: session ended kind=TRANSPORT_CLOSED retryable=true
[1788502935388] MA: session ended kind=TRANSPORT_CLOSED retryable=true
[1788502935968] MA: session ended kind=TRANSPORT_CLOSED retryable=true
[1788502936479] MA: session ended kind=TRANSPORT_CLOSED retryable=true
[1788502936978] MA: session ended kind=TRANSPORT_CLOSED retryable=true
[1788502937440] MA: session ended kind=TRANSPORT_CLOSED retryable=true
[1788502938024] MA: session ended kind=TRANSPORT_CLOSED retryable=true
[1788502938472] MA: session ended kind=TRANSPORT_CLOSED retryable=true
[1788502939011] MA: session ended kind=TRANSPORT_CLOSED retryable=true
[1788502939495] MA: session ended kind=TRANSPORT_CLOSED retryable=true
[1788502940083] MA: session ended kind=TRANSPORT_CLOSED retryable=true
[1788502940515] MA: session ended kind=TRANSPORT_CLOSED retryable=true
[1788502940965] MA: session ended kind=TRANSPORT_CLOSED retryable=true
[1788502941547] MA: session ended kind=TRANSPORT_CLOSED retryable=true
[1788502942041] MA: session ended kind=TRANSPORT_CLOSED retryable=true
[1788502942564] MA: session ended kind=TRANSPORT_CLOSED retryable=true
[1788502942983] MA: session ended kind=TRANSPORT_CLOSED retryable=true
[1788502943592] MA: session ended kind=TRANSPORT_CLOSED retryable=true
[1788502944193] MA: session ended kind=TRANSPORT_CLOSED retryable=true
[1788502944784] MA: session ended kind=TRANSPORT_CLOSED retryable=true
[1788502945330] MA: session ended kind=TRANSPORT_CLOSED retryable=true
[1788502945822] MA: session ended kind=TRANSPORT_CLOSED retryable=true
[1788502946304] MA: session ended kind=TRANSPORT_CLOSED retryable=true
[1788502946791] MA: session ended kind=TRANSPORT_CLOSED retryable=true
[1788502947384] MA: session ended kind=TRANSPORT_CLOSED retryable=true
[1788502947802] MA: session ended kind=TRANSPORT_CLOSED retryable=true
[1788502948307] MA: session ended kind=TRANSPORT_CLOSED retryable=true
[1788502948907] MA: session ended kind=TRANSPORT_CLOSED retryable=true
[1788502949481] MA: session ended kind=TRANSPORT_CLOSED retryable=true
[1788502950092] MA: session ended kind=TRANSPORT_CLOSED retryable=true
[1788502950568] MA: session ended kind=TRANSPORT_CLOSED retryable=true
[1788502951167] MA: session ended kind=TRANSPORT_CLOSED retryable=true
[1788502951767] MA: session ended kind=TRANSPORT_CLOSED retryable=true
[1788502952386] MA: session ended kind=TRANSPORT_CLOSED retryable=true
[1788502952839] MA: session ended kind=TRANSPORT_CLOSED retryable=true
[1788502953337] MA: session ended kind=TRANSPORT_CLOSED retryable=true
[1788502953949] MA: session ended kind=TRANSPORT_CLOSED retryable=true
[1788502954528] MA: session ended kind=TRANSPORT_CLOSED retryable=true
[1788502955058] MA: session ended kind=TRANSPORT_CLOSED retryable=true
[1788502955617] MA: session ended kind=TRANSPORT_CLOSED retryable=true
[1788502956071] MA: session ended kind=TRANSPORT_CLOSED retryable=true
[1788502956640] MA: session ended kind=TRANSPORT_CLOSED retryable=true
[1788502957225] MA: session ended kind=TRANSPORT_CLOSED retryable=true
[1788502957747] MA: session ended kind=TRANSPORT_CLOSED retryable=true
[1788502958272] MA: session ended kind=TRANSPORT_CLOSED retryable=true
[1788502958867] MA: session ended kind=TRANSPORT_CLOSED retryable=true
[1788502959339] MA: session ended kind=TRANSPORT_CLOSED retryable=true
[1788502959774] MA: session ended kind=TRANSPORT_CLOSED retryable=true
[1788502960246] MA: session ended kind=TRANSPORT_CLOSED retryable=true
[1788502960776] MA: session ended kind=TRANSPORT_CLOSED retryable=true
[1788502961224] MA: session ended kind=TRANSPORT_CLOSED retryable=true
[1788502961762] MA: session ended kind=TRANSPORT_CLOSED retryable=true
[1788502962251] MA: session ended kind=TRANSPORT_CLOSED retryable=true
[1788502962684] MA: session ended kind=TRANSPORT_CLOSED retryable=true
[1788502963268] MA: session ended kind=TRANSPORT_CLOSED retryable=true
[1788502963805] MA: session ended kind=TRANSPORT_CLOSED retryable=true
[1788502964393] MA: session ended kind=TRANSPORT_CLOSED retryable=true
[1788502964885] MA: session ended kind=TRANSPORT_CLOSED retryable=true
[1788502965481] MA: session ended kind=TRANSPORT_CLOSED retryable=true
[1788502966083] MA: session ended kind=TRANSPORT_CLOSED retryable=true
[1788502966606] MA: session ended kind=TRANSPORT_CLOSED retryable=true
[1788502967201] MA: session ended kind=TRANSPORT_CLOSED retryable=true
[1788502967781] MA: session ended kind=TRANSPORT_CLOSED retryable=true
[1788502968260] MA: session ended kind=TRANSPORT_CLOSED retryable=true
[1788502968819] MA: session ended kind=TRANSPORT_CLOSED retryable=true
[1788502969376] MA: session ended kind=TRANSPORT_CLOSED retryable=true
[1788502969887] MA: session ended kind=TRANSPORT_CLOSED retryable=true
[1788502970319] MA: session ended kind=TRANSPORT_CLOSED retryable=true
[1788502970738] MA: session ended kind=TRANSPORT_CLOSED retryable=true
[1788502971225] MA: session ended kind=TRANSPORT_CLOSED retryable=true
[1788502971790] MA: session ended kind=TRANSPORT_CLOSED retryable=true
[1788502972352] MA: session ended kind=TRANSPORT_CLOSED retryable=true
[1788502972776] MA: session ended kind=TRANSPORT_CLOSED retryable=true
[1788502973296] MA: session ended kind=TRANSPORT_CLOSED retryable=true
[1788502973743] MA: session ended kind=TRANSPORT_CLOSED retryable=true
[1788502974353] MA: session ended kind=TRANSPORT_CLOSED retryable=true
[1788502974895] MA: session ended kind=TRANSPORT_CLOSED retryable=true
[1788502975367] MA: session ended kind=TRANSPORT_CLOSED retryable=true
[1788502975957] MA: session ended kind=TRANSPORT_CLOSED retryable=true
[1788502976461] MA: session ended kind=TRANSPORT_CLOSED retryable=true
[1788502976943] MA: session ended kind=TRANSPORT_CLOSED retryable=true
[1788502977500] MA: session ended kind=TRANSPORT_CLOSED retryable=true
[1788502978013] MA: session ended kind=TRANSPORT_CLOSED retryable=true
[1788502978491] MA: session ended kind=TRANSPORT_CLOSED retryable=true
[1788502978992] MA: session ended kind=TRANSPORT_CLOSED retryable=true
[1788502979466] MA: session ended kind=TRANSPORT_CLOSED retryable=true
[1788502980027] MA: session ended kind=TRANSPORT_CLOSED retryable=true
[1788502980484] MA: session ended kind=TRANSPORT_CLOSED retryable=true
[1788502980921] MA: session ended kind=TRANSPORT_CLOSED retryable=true
[1788502981461] MA: session ended kind=TRANSPORT_CLOSED retryable=true
[1788502981996] MA: session ended kind=TRANSPORT_CLOSED retryable=true
[1788502982602] MA: session ended kind=TRANSPORT_CLOSED retryable=true
[1788502983191] MA: session ended kind=TRANSPORT_CLOSED retryable=true
[1788502983613] MA: session ended kind=TRANSPORT_CLOSED retryable=true
[1788502984101] MA: session ended kind=TRANSPORT_CLOSED retryable=true
[1788502984665] MA: session ended kind=TRANSPORT_CLOSED retryable=true
[1788502985116] MA: session ended kind=TRANSPORT_CLOSED retryable=true
[1788502985643] MA: session ended kind=TRANSPORT_CLOSED retryable=true
[1788502986117] MA: session ended kind=TRANSPORT_CLOSED retryable=true
[1788502986662] MA: session ended kind=TRANSPORT_CLOSED retryable=true
[1788502987211] MA: session ended kind=TRANSPORT_CLOSED retryable=true
[1788502987634] MA: session ended kind=TRANSPORT_CLOSED retryable=true
[1788502988140] MA: session ended kind=TRANSPORT_CLOSED retryable=true
[1788502988634] MA: session ended kind=TRANSPORT_CLOSED retryable=true
[1788502989256] MA: session ended kind=TRANSPORT_CLOSED retryable=true
[1788502989860] MA: session ended kind=TRANSPORT_CLOSED retryable=true
[1788502990328] MA: session ended kind=TRANSPORT_CLOSED retryable=true
[1788502990908] MA: session ended kind=TRANSPORT_CLOSED retryable=true
[1788502991433] MA: session ended kind=TRANSPORT_CLOSED retryable=true
[1788502991959] MA: session ended kind=TRANSPORT_CLOSED retryable=true
[1788502992414] MA: session ended kind=TRANSPORT_CLOSED retryable=true
[1788502992996] MA: session ended kind=TRANSPORT_CLOSED retryable=true
[1788502993419] MA: session ended kind=TRANSPORT_CLOSED retryable=true
[1788502994035] MA: session ended kind=TRANSPORT_CLOSED retryable=true
[1788502994631] MA: session ended kind=TRANSPORT_CLOSED retryable=true
[1788502995090] MA: session ended kind=TRANSPORT_CLOSED retryable=true
[1788502995595] MA: session ended kind=TRANSPORT_CLOSED retryable=true
[1788502996209] MA: session ended kind=TRANSPORT_CLOSED retryable=true
[1788502996668] MA: session ended kind=TRANSPORT_CLOSED retryable=true
[1788502997214] MA: session ended kind=TRANSPORT_CLOSED retryable=true
[1788502997799] MA: session ended kind=TRANSPORT_CLOSED retryable=true
[1788502998415] MA: session ended kind=TRANSPORT_CLOSED retryable=true
[1788502998891] MA: session ended kind=TRANSPORT_CLOSED retryable=true
[1788502999419] MA: session ended kind=TRANSPORT_CLOSED retryable=true
[1788502999914] MA: session ended kind=TRANSPORT_CLOSED retryable=true
[1788503000385] MA: session ended kind=TRANSPORT_CLOSED retryable=true
[1788503000906] MA: session ended kind=TRANSPORT_CLOSED retryable=true
[1788503001345] MA: session ended kind=TRANSPORT_CLOSED retryable=true
[1788503001769] MA: session ended kind=TRANSPORT_CLOSED retryable=true
[1788503002370] MA: session ended kind=TRANSPORT_CLOSED retryable=true
[1788503002858] MA: session ended kind=TRANSPORT_CLOSED retryable=true
[1788503003341] MA: session ended kind=TRANSPORT_CLOSED retryable=true
[1788503003810] MA: session ended kind=TRANSPORT_CLOSED retryable=true
[1788503004324] MA: session ended kind=TRANSPORT_CLOSED retryable=true
[1788503004799] MA: session ended kind=TRANSPORT_CLOSED retryable=true
[1788503005390] MA: session ended kind=TRANSPORT_CLOSED retryable=true
[1788503005967] MA: session ended kind=TRANSPORT_CLOSED retryable=true
[1788503006465] MA: session ended kind=TRANSPORT_CLOSED retryable=true
[1788503007065] MA: session ended kind=TRANSPORT_CLOSED retryable=true
[1788503007624] MA: session ended kind=TRANSPORT_CLOSED retryable=true
[1788503008250] MA: session ended kind=TRANSPORT_CLOSED retryable=true
[1788503008814] MA: session ended kind=TRANSPORT_CLOSED retryable=true
[1788503009432] MA: session ended kind=TRANSPORT_CLOSED retryable=true
[1788503010004] MA: session ended kind=TRANSPORT_CLOSED retryable=true
[1788503010601] MA: session ended kind=TRANSPORT_CLOSED retryable=true
[1788503011132] MA: session ended kind=TRANSPORT_CLOSED retryable=true
[1788503011600] MA: session ended kind=TRANSPORT_CLOSED retryable=true
[1788503012041] MA: session ended kind=TRANSPORT_CLOSED retryable=true
[1788503012614] MA: session ended kind=TRANSPORT_CLOSED retryable=true
[1788503013163] MA: session ended kind=TRANSPORT_CLOSED retryable=true
[1788503013755] MA: session ended kind=TRANSPORT_CLOSED retryable=true
[1788503014380] MA: session ended kind=TRANSPORT_CLOSED retryable=true
[1788503014871] MA: session ended kind=TRANSPORT_CLOSED retryable=true
[1788503015348] MA: session ended kind=TRANSPORT_CLOSED retryable=true
[1788503015950] MA: session ended kind=TRANSPORT_CLOSED retryable=true
[1788503016476] MA: session ended kind=TRANSPORT_CLOSED retryable=true
[1788503016921] MA: session ended kind=TRANSPORT_CLOSED retryable=true
[1788503017350] MA: session ended kind=TRANSPORT_CLOSED retryable=true
[1788503017851] MA: session ended kind=TRANSPORT_CLOSED retryable=true
[1788503018425] MA: session ended kind=TRANSPORT_CLOSED retryable=true
[1788503018848] MA: session ended kind=TRANSPORT_CLOSED retryable=true
[1788503019405] MA: session ended kind=TRANSPORT_CLOSED retryable=true
[1788503019985] MA: session ended kind=TRANSPORT_CLOSED retryable=true
[1788503020463] MA: session ended kind=TRANSPORT_CLOSED retryable=true
[1788503020889] MA: session ended kind=TRANSPORT_CLOSED retryable=true
[1788503021356] MA: session ended kind=TRANSPORT_CLOSED retryable=true
[1788503021870] MA: session ended kind=TRANSPORT_CLOSED retryable=true
[1788503022468] MA: session ended kind=TRANSPORT_CLOSED retryable=true
[1788503023063] MA: session ended kind=TRANSPORT_CLOSED retryable=true
[1788503023608] MA: session ended kind=TRANSPORT_CLOSED retryable=true
[1788503024193] MA: session ended kind=TRANSPORT_CLOSED retryable=true
[1788503024672] MA: session ended kind=TRANSPORT_CLOSED retryable=true
[1788503025093] MA: session ended kind=TRANSPORT_CLOSED retryable=true
[1788503025615] MA: session ended kind=TRANSPORT_CLOSED retryable=true
[1788503026065] MA: session ended kind=TRANSPORT_CLOSED retryable=true
[1788503026552] MA: session ended kind=TRANSPORT_CLOSED retryable=true
[1788503027115] MA: session ended kind=TRANSPORT_CLOSED retryable=true
[1788503027544] MA: session ended kind=TRANSPORT_CLOSED retryable=true
[1788503028009] MA: session ended kind=TRANSPORT_CLOSED retryable=true
[1788503028436] MA: session ended kind=TRANSPORT_CLOSED retryable=true
[1788503028964] MA: session ended kind=TRANSPORT_CLOSED retryable=true
[1788503029382] MA: session ended kind=TRANSPORT_CLOSED retryable=true
[1788503029890] MA: session ended kind=TRANSPORT_CLOSED retryable=true
[1788503030343] MA: session ended kind=TRANSPORT_CLOSED retryable=true
[1788503030894] MA: session ended kind=TRANSPORT_CLOSED retryable=true
[1788503031497] MA: session ended kind=TRANSPORT_CLOSED retryable=true
[1788503031976] MA: session ended kind=TRANSPORT_CLOSED retryable=true
[1788503032541] MA: session ended kind=TRANSPORT_CLOSED retryable=true
[1788503033148] MA: session ended kind=TRANSPORT_CLOSED retryable=true
[1788503033578] MA: session ended kind=TRANSPORT_CLOSED retryable=true
[1788503034168] MA: session ended kind=TRANSPORT_CLOSED retryable=true
[1788503034657] MA: session ended kind=TRANSPORT_CLOSED retryable=true
[1788503035151] MA: session ended kind=TRANSPORT_CLOSED retryable=true
[1788503035607] MA: session ended kind=TRANSPORT_CLOSED retryable=true
[1788503036106] MA: session ended kind=TRANSPORT_CLOSED retryable=true
[1788503036657] MA: session ended kind=TRANSPORT_CLOSED retryable=true
[1788503037205] MA: session ended kind=TRANSPORT_CLOSED retryable=true
[1788503037788] MA: session ended kind=TRANSPORT_CLOSED retryable=true
[1788503038341] MA: session ended kind=TRANSPORT_CLOSED retryable=true
[1788503038783] MA: session ended kind=TRANSPORT_CLOSED retryable=true
[1788503039218] MA: session ended kind=TRANSPORT_CLOSED retryable=true
[1788503039768] MA: session ended kind=TRANSPORT_CLOSED retryable=true
[1788503040395] MA: session ended kind=TRANSPORT_CLOSED retryable=true
[1788503040840] MA: session ended kind=TRANSPORT_CLOSED retryable=true
[1788503041323] MA: session ended kind=TRANSPORT_CLOSED retryable=true
[1788503041788] MA: session ended kind=TRANSPORT_CLOSED retryable=true
[1788503042221] MA: session ended kind=TRANSPORT_CLOSED retryable=true
[1788503042754] MA: session ended kind=TRANSPORT_CLOSED retryable=true
[1788503043228] MA: session ended kind=TRANSPORT_CLOSED retryable=true
[1788503043695] MA: session ended kind=TRANSPORT_CLOSED retryable=true
[1788503044161] MA: session ended kind=TRANSPORT_CLOSED retryable=true
[1788503044670] MA: session ended kind=TRANSPORT_CLOSED retryable=true
[1788503045195] MA: session ended kind=TRANSPORT_CLOSED retryable=true
[1788503045730] MA: session ended kind=TRANSPORT_CLOSED retryable=true
[1788503046179] MA: session ended kind=TRANSPORT_CLOSED retryable=true
[1788503046706] MA: session ended kind=TRANSPORT_CLOSED retryable=true
[1788503047233] MA: session ended kind=TRANSPORT_CLOSED retryable=true
[1788503047812] MA: session ended kind=TRANSPORT_CLOSED retryable=true
[1788503048275] MA: session ended kind=TRANSPORT_CLOSED retryable=true
[1788503048829] MA: session ended kind=TRANSPORT_CLOSED retryable=true
[1788503049287] MA: session ended kind=TRANSPORT_CLOSED retryable=true
[1788503049847] MA: session ended kind=TRANSPORT_CLOSED retryable=true
[1788503050433] MA: session ended kind=TRANSPORT_CLOSED retryable=true
[1788503050963] MA: session ended kind=TRANSPORT_CLOSED retryable=true
[1788503051428] MA: session ended kind=TRANSPORT_CLOSED retryable=true
[1788503052014] MA: session ended kind=TRANSPORT_CLOSED retryable=true
[1788503052576] MA: session ended kind=TRANSPORT_CLOSED retryable=true
[1788503053021] MA: session ended kind=TRANSPORT_CLOSED retryable=true
[1788503053616] MA: session ended kind=TRANSPORT_CLOSED retryable=true
[1788503054147] MA: session ended kind=TRANSPORT_CLOSED retryable=true
[1788503054702] MA: session ended kind=TRANSPORT_CLOSED retryable=true
[1788503055288] MA: session ended kind=TRANSPORT_CLOSED retryable=true
[1788503055883] MA: session ended kind=TRANSPORT_CLOSED retryable=true
[1788503056468] MA: session ended kind=TRANSPORT_CLOSED retryable=true
[1788503057069] MA: session ended kind=TRANSPORT_CLOSED retryable=true
[1788503057665] MA: session ended kind=TRANSPORT_CLOSED retryable=true
[1788503058259] MA: session ended kind=TRANSPORT_CLOSED retryable=true
[1788503058713] MA: session ended kind=TRANSPORT_CLOSED retryable=true
[1788503059173] MA: session ended kind=TRANSPORT_CLOSED retryable=true
[1788503059676] MA: session ended kind=TRANSPORT_CLOSED retryable=true
[1788503060245] MA: session ended kind=TRANSPORT_CLOSED retryable=true
[1788503060766] MA: session ended kind=TRANSPORT_CLOSED retryable=true
[1788503061370] MA: session ended kind=TRANSPORT_CLOSED retryable=true
[1788503061854] MA: session ended kind=TRANSPORT_CLOSED retryable=true
[1788503062307] MA: session ended kind=TRANSPORT_CLOSED retryable=true
[1788503062818] MA: session ended kind=TRANSPORT_CLOSED retryable=true
[1788503063240] MA: session ended kind=TRANSPORT_CLOSED retryable=true
[1788503063845] MA: session ended kind=TRANSPORT_CLOSED retryable=true
[1788503064411] MA: session ended kind=TRANSPORT_CLOSED retryable=true
[1788503064904] MA: session ended kind=TRANSPORT_CLOSED retryable=true
[1788503065440] MA: session ended kind=TRANSPORT_CLOSED retryable=true
[1788503065979] MA: session ended kind=TRANSPORT_CLOSED retryable=true
[1788503066424] MA: session ended kind=TRANSPORT_CLOSED retryable=true
[1788503066841] MA: session ended kind=TRANSPORT_CLOSED retryable=true
[1788503067302] MA: session ended kind=TRANSPORT_CLOSED retryable=true
[1788503067779] MA: session ended kind=TRANSPORT_CLOSED retryable=true
[1788503068321] MA: session ended kind=TRANSPORT_CLOSED retryable=true
[1788503068889] MA: session ended kind=TRANSPORT_CLOSED retryable=true
[1788503069439] MA: session ended kind=TRANSPORT_CLOSED retryable=true
[1788503069895] MA: session ended kind=TRANSPORT_CLOSED retryable=true
[1788503070451] MA: session ended kind=TRANSPORT_CLOSED retryable=true
[1788503071069] MA: session ended kind=TRANSPORT_CLOSED retryable=true
[1788503071581] MA: session ended kind=TRANSPORT_CLOSED retryable=true
[1788503072122] MA: session ended kind=TRANSPORT_CLOSED retryable=true
[1788503072691] MA: session ended kind=TRANSPORT_CLOSED retryable=true
[1788503073138] MA: session ended kind=TRANSPORT_CLOSED retryable=true
[1788503073716] MA: session ended kind=TRANSPORT_CLOSED retryable=true
[1788503074141] MA: session ended kind=TRANSPORT_CLOSED retryable=true
[1788503074723] MA: session ended kind=TRANSPORT_CLOSED retryable=true
[1788503075264] MA: session ended kind=TRANSPORT_CLOSED retryable=true
[1788503075699] MA: session ended kind=TRANSPORT_CLOSED retryable=true
[1788503076223] MA: session ended kind=TRANSPORT_CLOSED retryable=true
[1788503076655] MA: session ended kind=TRANSPORT_CLOSED retryable=true
[1788503077236] MA: session ended kind=TRANSPORT_CLOSED retryable=true
[1788503077802] MA: session ended kind=TRANSPORT_CLOSED retryable=true
[1788503078232] MA: session ended kind=TRANSPORT_CLOSED retryable=true
[1788503078789] MA: session ended kind=TRANSPORT_CLOSED retryable=true
[1788503079240] MA: session ended kind=TRANSPORT_CLOSED retryable=true
[1788503079830] MA: session ended kind=TRANSPORT_CLOSED retryable=true
[1788503080260] MA: session ended kind=TRANSPORT_CLOSED retryable=true
[1788503080754] MA: session ended kind=TRANSPORT_CLOSED retryable=true
[1788503081354] MA: session ended kind=TRANSPORT_CLOSED retryable=true
[1788503081943] MA: session ended kind=TRANSPORT_CLOSED retryable=true
[1788503082471] MA: session ended kind=TRANSPORT_CLOSED retryable=true
[1788503083019] MA: session ended kind=TRANSPORT_CLOSED retryable=true
[1788503083525] MA: session ended kind=TRANSPORT_CLOSED retryable=true
[1788503084029] MA: session ended kind=TRANSPORT_CLOSED retryable=true
[1788503084588] MA: session ended kind=TRANSPORT_CLOSED retryable=true
[1788503085062] MA: session ended kind=TRANSPORT_CLOSED retryable=true
[1788503085515] MA: session ended kind=TRANSPORT_CLOSED retryable=true
[1788503086134] MA: session ended kind=TRANSPORT_CLOSED retryable=true
[1788503086577] MA: session ended kind=TRANSPORT_CLOSED retryable=true
[1788503087071] MA: session ended kind=TRANSPORT_CLOSED retryable=true
[1788503087558] MA: session ended kind=TRANSPORT_CLOSED retryable=true
[1788503088164] MA: session ended kind=TRANSPORT_CLOSED retryable=true
[1788503088648] MA: session ended kind=TRANSPORT_CLOSED retryable=true
[1788503089172] MA: session ended kind=TRANSPORT_CLOSED retryable=true
[1788503089777] MA: session ended kind=TRANSPORT_CLOSED retryable=true
[1788503090363] MA: session ended kind=TRANSPORT_CLOSED retryable=true
[1788503090855] MA: session ended kind=TRANSPORT_CLOSED retryable=true
[1788503091276] MA: session ended kind=TRANSPORT_CLOSED retryable=true
[1788503091858] MA: session ended kind=TRANSPORT_CLOSED retryable=true
[1788503092427] MA: session ended kind=TRANSPORT_CLOSED retryable=true
[1788503092987] MA: session ended kind=TRANSPORT_CLOSED retryable=true
[1788503093558] MA: session ended kind=TRANSPORT_CLOSED retryable=true
[1788503094122] MA: session ended kind=TRANSPORT_CLOSED retryable=true
[1788503094625] MA: session ended kind=TRANSPORT_CLOSED retryable=true
[1788503095178] MA: session ended kind=TRANSPORT_CLOSED retryable=true
[1788503095606] MA: session ended kind=TRANSPORT_CLOSED retryable=true
[1788503096185] MA: session ended kind=TRANSPORT_CLOSED retryable=true
[1788503096711] MA: session ended kind=TRANSPORT_CLOSED retryable=true
[1788503097326] MA: session ended kind=TRANSPORT_CLOSED retryable=true
[1788503097951] MA: session ended kind=TRANSPORT_CLOSED retryable=true
[1788503098464] MA: session ended kind=TRANSPORT_CLOSED retryable=true
[1788503098902] MA: session ended kind=TRANSPORT_CLOSED retryable=true
[1788503099389] MA: session ended kind=TRANSPORT_CLOSED retryable=true
[1788503099832] MA: session ended kind=TRANSPORT_CLOSED retryable=true
[1788503100408] MA: session ended kind=TRANSPORT_CLOSED retryable=true
[1788503100945] MA: session ended kind=TRANSPORT_CLOSED retryable=true
[1788503101394] MA: session ended kind=TRANSPORT_CLOSED retryable=true
[1788503102008] MA: session ended kind=TRANSPORT_CLOSED retryable=true
[1788503102459] MA: session ended kind=TRANSPORT_CLOSED retryable=true
[1788503103010] MA: session ended kind=TRANSPORT_CLOSED retryable=true
[1788503103478] MA: session ended kind=TRANSPORT_CLOSED retryable=true
[1788503104089] MA: session ended kind=TRANSPORT_CLOSED retryable=true
[1788503104619] MA: session ended kind=TRANSPORT_CLOSED retryable=true
[1788503105149] MA: session ended kind=TRANSPORT_CLOSED retryable=true
[1788503105576] MA: session ended kind=TRANSPORT_CLOSED retryable=true
[1788503106113] MA: session ended kind=TRANSPORT_CLOSED retryable=true
[1788503106649] MA: session ended kind=TRANSPORT_CLOSED retryable=true
[1788503107221] MA: session ended kind=TRANSPORT_CLOSED retryable=true
[1788503107769] MA: session ended kind=TRANSPORT_CLOSED retryable=true
[1788503108279] MA: session ended kind=TRANSPORT_CLOSED retryable=true
[1788503108827] MA: session ended kind=TRANSPORT_CLOSED retryable=true
[1788503109381] MA: session ended kind=TRANSPORT_CLOSED retryable=true
[1788503109871] MA: session ended kind=TRANSPORT_CLOSED retryable=true
[1788503110347] MA: session ended kind=TRANSPORT_CLOSED retryable=true
[1788503110780] MA: session ended kind=TRANSPORT_CLOSED retryable=true
[1788503111238] MA: session ended kind=TRANSPORT_CLOSED retryable=true
[1788503111763] MA: session ended kind=TRANSPORT_CLOSED retryable=true
[1788503112247] MA: session ended kind=TRANSPORT_CLOSED retryable=true
[1788503112784] MA: session ended kind=TRANSPORT_CLOSED retryable=true
[1788503113367] MA: session ended kind=TRANSPORT_CLOSED retryable=true
[1788503113839] MA: session ended kind=TRANSPORT_CLOSED retryable=true
[1788503114284] MA: session ended kind=TRANSPORT_CLOSED retryable=true
[1788503114793] MA: session ended kind=TRANSPORT_CLOSED retryable=true
[1788503115383] MA: session ended kind=TRANSPORT_CLOSED retryable=true
[1788503115803] MA: session ended kind=TRANSPORT_CLOSED retryable=true
[1788503116283] MA: session ended kind=TRANSPORT_CLOSED retryable=true
[1788503116821] MA: session ended kind=TRANSPORT_CLOSED retryable=true
[1788503117346] MA: session ended kind=TRANSPORT_CLOSED retryable=true
[1788503117868] MA: session ended kind=TRANSPORT_CLOSED retryable=true
[1788503118352] MA: session ended kind=TRANSPORT_CLOSED retryable=true
[1788503118908] MA: session ended kind=TRANSPORT_CLOSED retryable=true
[1788503119480] MA: session ended kind=TRANSPORT_CLOSED retryable=true
[1788503120089] MA: session ended kind=TRANSPORT_CLOSED retryable=true
[1788503120688] MA: session ended kind=TRANSPORT_CLOSED retryable=true
[1788503121133] MA: session ended kind=TRANSPORT_CLOSED retryable=true
[1788503121678] MA: session ended kind=TRANSPORT_CLOSED retryable=true
[1788503122274] MA: session ended kind=TRANSPORT_CLOSED retryable=true
[1788503122871] MA: session ended kind=TRANSPORT_CLOSED retryable=true
[1788503123438] MA: session ended kind=TRANSPORT_CLOSED retryable=true
[1788503124042] MA: session ended kind=TRANSPORT_CLOSED retryable=true
[1788503124658] MA: session ended kind=TRANSPORT_CLOSED retryable=true
[1788503125180] MA: session ended kind=TRANSPORT_CLOSED retryable=true
[1788503125769] MA: session ended kind=TRANSPORT_CLOSED retryable=true
[1788503126372] MA: session ended kind=TRANSPORT_CLOSED retryable=true
[1788503126864] MA: session ended kind=TRANSPORT_CLOSED retryable=true
[1788503127327] MA: session ended kind=TRANSPORT_CLOSED retryable=true
[1788503127826] MA: session ended kind=TRANSPORT_CLOSED retryable=true
[1788503128384] MA: session ended kind=TRANSPORT_CLOSED retryable=true
[1788503128970] MA: session ended kind=TRANSPORT_CLOSED retryable=true
[1788503129413] MA: session ended kind=TRANSPORT_CLOSED retryable=true
[1788503129906] MA: session ended kind=TRANSPORT_CLOSED retryable=true
[1788503130413] MA: session ended kind=TRANSPORT_CLOSED retryable=true
[1788503130892] MA: session ended kind=TRANSPORT_CLOSED retryable=true
[1788503131443] MA: session ended kind=TRANSPORT_CLOSED retryable=true
[1788503131994] MA: session ended kind=TRANSPORT_CLOSED retryable=true
[1788503132608] MA: session ended kind=TRANSPORT_CLOSED retryable=true
[1788503133131] MA: session ended kind=TRANSPORT_CLOSED retryable=true
[1788503133710] MA: session ended kind=TRANSPORT_CLOSED retryable=true
[1788503134153] MA: session ended kind=TRANSPORT_CLOSED retryable=true
[1788503134692] MA: session ended kind=TRANSPORT_CLOSED retryable=true
[1788503135213] MA: session ended kind=TRANSPORT_CLOSED retryable=true
[1788503135679] MA: session ended kind=TRANSPORT_CLOSED retryable=true
[1788503136284] MA: session ended kind=TRANSPORT_CLOSED retryable=true
[1788503136894] MA: session ended kind=TRANSPORT_CLOSED retryable=true
[1788503137379] MA: session ended kind=TRANSPORT_CLOSED retryable=true
[1788503137811] MA: session ended kind=TRANSPORT_CLOSED retryable=true
[1788503138250] MA: session ended kind=TRANSPORT_CLOSED retryable=true
[1788503138713] MA: session ended kind=TRANSPORT_CLOSED retryable=true
[1788503139320] MA: session ended kind=TRANSPORT_CLOSED retryable=true
[1788503139756] MA: session ended kind=TRANSPORT_CLOSED retryable=true
[1788503140270] MA: session ended kind=TRANSPORT_CLOSED retryable=true
[1788503140764] MA: session ended kind=TRANSPORT_CLOSED retryable=true
[1788503141331] MA: session ended kind=TRANSPORT_CLOSED retryable=true
[1788503141883] MA: session ended kind=TRANSPORT_CLOSED retryable=true
[1788503142308] MA: session ended kind=TRANSPORT_CLOSED retryable=true
[1788503142860] MA: session ended kind=TRANSPORT_CLOSED retryable=true
[1788503143339] MA: session ended kind=TRANSPORT_CLOSED retryable=true
[1788503143879] MA: session ended kind=TRANSPORT_CLOSED retryable=true
[1788503144475] MA: session ended kind=TRANSPORT_CLOSED retryable=true
[1788503144983] MA: session ended kind=TRANSPORT_CLOSED retryable=true
[1788503145453] MA: session ended kind=TRANSPORT_CLOSED retryable=true
[1788503145881] MA: session ended kind=TRANSPORT_CLOSED retryable=true
[1788503146464] MA: session ended kind=TRANSPORT_CLOSED retryable=true
[1788503146909] MA: session ended kind=TRANSPORT_CLOSED retryable=true
[1788503147525] MA: session ended kind=TRANSPORT_CLOSED retryable=true
[1788503148071] MA: session ended kind=TRANSPORT_CLOSED retryable=true
[1788503148595] MA: session ended kind=TRANSPORT_CLOSED retryable=true
[1788503149195] MA: session ended kind=TRANSPORT_CLOSED retryable=true
[1788503149799] MA: session ended kind=TRANSPORT_CLOSED retryable=true
[1788503150258] MA: session ended kind=TRANSPORT_CLOSED retryable=true
[1788503150753] MA: session ended kind=TRANSPORT_CLOSED retryable=true
[1788503151242] MA: session ended kind=TRANSPORT_CLOSED retryable=true
[1788503151704] MA: session ended kind=TRANSPORT_CLOSED retryable=true
[1788503152180] MA: session ended kind=TRANSPORT_CLOSED retryable=true
[1788503152736] MA: session ended kind=TRANSPORT_CLOSED retryable=true
[1788503153262] MA: session ended kind=TRANSPORT_CLOSED retryable=true
[1788503153762] MA: session ended kind=TRANSPORT_CLOSED retryable=true
[1788503154275] MA: session ended kind=TRANSPORT_CLOSED retryable=true
[1788503154830] MA: session ended kind=TRANSPORT_CLOSED retryable=true
[1788503155407] MA: session ended kind=TRANSPORT_CLOSED retryable=true
[1788503155977] MA: session ended kind=TRANSPORT_CLOSED retryable=true
[1788503156499] MA: session ended kind=TRANSPORT_CLOSED retryable=true
[1788503156988] MA: session ended kind=TRANSPORT_CLOSED retryable=true
[1788503157556] MA: session ended kind=TRANSPORT_CLOSED retryable=true
[1788503158097] MA: session ended kind=TRANSPORT_CLOSED retryable=true
[1788503158552] MA: session ended kind=TRANSPORT_CLOSED retryable=true
[1788503159163] MA: session ended kind=TRANSPORT_CLOSED retryable=true
[1788503159759] MA: session ended kind=TRANSPORT_CLOSED retryable=true
[1788503160241] MA: session ended kind=TRANSPORT_CLOSED retryable=true
[1788503160723] MA: session ended kind=TRANSPORT_CLOSED retryable=true
[1788503161222] MA: session ended kind=TRANSPORT_CLOSED retryable=true
[1788503161779] MA: session ended kind=TRANSPORT_CLOSED retryable=true
[1788503162327] MA: session ended kind=TRANSPORT_CLOSED retryable=true
[1788503162794] MA: session ended kind=TRANSPORT_CLOSED retryable=true
[1788503163275] MA: session ended kind=TRANSPORT_CLOSED retryable=true
[1788503163869] MA: session ended kind=TRANSPORT_CLOSED retryable=true
[1788503164335] MA: session ended kind=TRANSPORT_CLOSED retryable=true
[1788503164895] MA: session ended kind=TRANSPORT_CLOSED retryable=true
[1788503165499] MA: session ended kind=TRANSPORT_CLOSED retryable=true
[1788503166033] MA: session ended kind=TRANSPORT_CLOSED retryable=true
[1788503166656] MA: session ended kind=TRANSPORT_CLOSED retryable=true
[1788503167124] MA: session ended kind=TRANSPORT_CLOSED retryable=true
[1788503167699] MA: session ended kind=TRANSPORT_CLOSED retryable=true
[1788503168235] MA: session ended kind=TRANSPORT_CLOSED retryable=true
[1788503168682] MA: session ended kind=TRANSPORT_CLOSED retryable=true
[1788503169244] MA: session ended kind=TRANSPORT_CLOSED retryable=true
[1788503169741] MA: session ended kind=TRANSPORT_CLOSED retryable=true
[1788503170222] MA: session ended kind=TRANSPORT_CLOSED retryable=true
[1788503170744] MA: session ended kind=TRANSPORT_CLOSED retryable=true
[1788503171216] MA: session ended kind=TRANSPORT_CLOSED retryable=true
[1788503171776] MA: session ended kind=TRANSPORT_CLOSED retryable=true
[1788503172238] MA: session ended kind=TRANSPORT_CLOSED retryable=true
[1788503172679] MA: session ended kind=TRANSPORT_CLOSED retryable=true
[1788503173256] MA: session ended kind=TRANSPORT_CLOSED retryable=true
[1788503173678] MA: session ended kind=TRANSPORT_CLOSED retryable=true
[1788503174144] MA: session ended kind=TRANSPORT_CLOSED retryable=true
[1788503174740] MA: session ended kind=TRANSPORT_CLOSED retryable=true
[1788503175283] MA: session ended kind=TRANSPORT_CLOSED retryable=true
[1788503175848] MA: session ended kind=TRANSPORT_CLOSED retryable=true
[1788503176387] MA: session ended kind=TRANSPORT_CLOSED retryable=true
[1788503177002] MA: session ended kind=TRANSPORT_CLOSED retryable=true
[1788503177531] MA: session ended kind=TRANSPORT_CLOSED retryable=true
[1788503178004] MA: session ended kind=TRANSPORT_CLOSED retryable=true
[1788503178518] MA: session ended kind=TRANSPORT_CLOSED retryable=true
[1788503179076] MA: session ended kind=TRANSPORT_CLOSED retryable=true
[1788503179610] MA: session ended kind=TRANSPORT_CLOSED retryable=true
[1788503180128] MA: session ended kind=TRANSPORT_CLOSED retryable=true
[1788503180571] MA: session ended kind=TRANSPORT_CLOSED retryable=true
[1788503181054] MA: session ended kind=TRANSPORT_CLOSED retryable=true
[1788503181632] MA: session ended kind=TRANSPORT_CLOSED retryable=true
[1788503182167] MA: session ended kind=TRANSPORT_CLOSED retryable=true
[1788503182634] MA: session ended kind=TRANSPORT_CLOSED retryable=true
[1788503183112] MA: session ended kind=TRANSPORT_CLOSED retryable=true
[1788503183612] MA: session ended kind=TRANSPORT_CLOSED retryable=true
[1788503184116] MA: session ended kind=TRANSPORT_CLOSED retryable=true
[1788503184666] MA: session ended kind=TRANSPORT_CLOSED retryable=true
[1788503185139] MA: session ended kind=TRANSPORT_CLOSED retryable=true
[1788503185569] MA: session ended kind=TRANSPORT_CLOSED retryable=true
[1788503186153] MA: session ended kind=TRANSPORT_CLOSED retryable=true
[1788503186627] MA: session ended kind=TRANSPORT_CLOSED retryable=true
[1788503187112] MA: session ended kind=TRANSPORT_CLOSED retryable=true
[1788503187595] MA: session ended kind=TRANSPORT_CLOSED retryable=true
[1788503188180] MA: session ended kind=TRANSPORT_CLOSED retryable=true
[1788503188812] MA: session ended kind=TRANSPORT_CLOSED retryable=true
[1788503189256] MA: session ended kind=TRANSPORT_CLOSED retryable=true
[1788503189849] MA: session ended kind=TRANSPORT_CLOSED retryable=true
[1788503190308] MA: session ended kind=TRANSPORT_CLOSED retryable=true
[1788503190758] MA: session ended kind=TRANSPORT_CLOSED retryable=true
[1788503191331] MA: session ended kind=TRANSPORT_CLOSED retryable=true
[1788503191931] MA: session ended kind=TRANSPORT_CLOSED retryable=true
[1788503192439] MA: session ended kind=TRANSPORT_CLOSED retryable=true
[1788503192966] MA: session ended kind=TRANSPORT_CLOSED retryable=true
[1788503193389] MA: session ended kind=TRANSPORT_CLOSED retryable=true
[1788503193944] MA: session ended kind=TRANSPORT_CLOSED retryable=true
[1788503194434] MA: session ended kind=TRANSPORT_CLOSED retryable=true
[1788503194854] MA: session ended kind=TRANSPORT_CLOSED retryable=true
[1788503195464] MA: session ended kind=TRANSPORT_CLOSED retryable=true
[1788503195952] MA: session ended kind=TRANSPORT_CLOSED retryable=true
[1788503196403] MA: session ended kind=TRANSPORT_CLOSED retryable=true
[1788503196950] MA: session ended kind=TRANSPORT_CLOSED retryable=true
[1788503197398] MA: session ended kind=TRANSPORT_CLOSED retryable=true
[1788503197846] MA: session ended kind=TRANSPORT_CLOSED retryable=true
[1788503198334] MA: session ended kind=TRANSPORT_CLOSED retryable=true
[1788503198761] MA: session ended kind=TRANSPORT_CLOSED retryable=true
[1788503199315] MA: session ended kind=TRANSPORT_CLOSED retryable=true
[1788503199772] MA: session ended kind=TRANSPORT_CLOSED retryable=true
[1788503200306] MA: session ended kind=TRANSPORT_CLOSED retryable=true
[1788503200847] MA: session ended kind=TRANSPORT_CLOSED retryable=true
[1788503201324] MA: session ended kind=TRANSPORT_CLOSED retryable=true
[1788503201788] MA: session ended kind=TRANSPORT_CLOSED retryable=true
[1788503202284] MA: session ended kind=TRANSPORT_CLOSED retryable=true
[1788503202731] MA: session ended kind=TRANSPORT_CLOSED retryable=true
[1788503203353] MA: session ended kind=TRANSPORT_CLOSED retryable=true
[1788503203828] MA: session ended kind=TRANSPORT_CLOSED retryable=true
[1788503204252] MA: session ended kind=TRANSPORT_CLOSED retryable=true
[1788503204836] MA: session ended kind=TRANSPORT_CLOSED retryable=true
[1788503205422] MA: session ended kind=TRANSPORT_CLOSED retryable=true
[1788503205991] MA: session ended kind=TRANSPORT_CLOSED retryable=true
[1788503206511] MA: session ended kind=TRANSPORT_CLOSED retryable=true
[1788503206980] MA: session ended kind=TRANSPORT_CLOSED retryable=true
[1788503207428] MA: session ended kind=TRANSPORT_CLOSED retryable=true
[1788503208025] MA: session ended kind=TRANSPORT_CLOSED retryable=true
[1788503208472] MA: session ended kind=TRANSPORT_CLOSED retryable=true
[1788503208970] MA: session ended kind=TRANSPORT_CLOSED retryable=true
[1788503209592] MA: session ended kind=TRANSPORT_CLOSED retryable=true
[1788503210178] MA: session ended kind=TRANSPORT_CLOSED retryable=true
[1788503210727] MA: session ended kind=TRANSPORT_CLOSED retryable=true
[1788503211239] MA: session ended kind=TRANSPORT_CLOSED retryable=true
[1788503211781] MA: session ended kind=TRANSPORT_CLOSED retryable=true
[1788503212201] MA: session ended kind=TRANSPORT_CLOSED retryable=true
[1788503212772] MA: session ended kind=TRANSPORT_CLOSED retryable=true
[1788503213264] MA: session ended kind=TRANSPORT_CLOSED retryable=true
[1788503213843] MA: session ended kind=TRANSPORT_CLOSED retryable=true
[1788503214267] MA: session ended kind=TRANSPORT_CLOSED retryable=true
[1788503214867] MA: session ended kind=TRANSPORT_CLOSED retryable=true
[1788503215492] MA: session ended kind=TRANSPORT_CLOSED retryable=true
[1788503216063] MA: session ended kind=TRANSPORT_CLOSED retryable=true
[1788503216611] MA: session ended kind=TRANSPORT_CLOSED retryable=true
[1788503217061] MA: session ended kind=TRANSPORT_CLOSED retryable=true
[1788503217667] MA: session ended kind=TRANSPORT_CLOSED retryable=true
[1788503218201] MA: session ended kind=TRANSPORT_CLOSED retryable=true
[1788503218649] MA: session ended kind=TRANSPORT_CLOSED retryable=true
[1788503219134] MA: session ended kind=TRANSPORT_CLOSED retryable=true
[1788503219748] MA: session ended kind=TRANSPORT_CLOSED retryable=true
[1788503220215] MA: session ended kind=TRANSPORT_CLOSED retryable=true
[1788503220672] MA: session ended kind=TRANSPORT_CLOSED retryable=true
[1788503221204] MA: session ended kind=TRANSPORT_CLOSED retryable=true
[1788503221771] MA: session ended kind=TRANSPORT_CLOSED retryable=true
[1788503222359] MA: session ended kind=TRANSPORT_CLOSED retryable=true
[1788503222926] MA: session ended kind=TRANSPORT_CLOSED retryable=true
[1788503223437] MA: session ended kind=TRANSPORT_CLOSED retryable=true
[1788503223865] MA: session ended kind=TRANSPORT_CLOSED retryable=true
[1788503224397] MA: session ended kind=TRANSPORT_CLOSED retryable=true
[1788503225003] MA: session ended kind=TRANSPORT_CLOSED retryable=true
[1788503225574] MA: session ended kind=TRANSPORT_CLOSED retryable=true
[1788503226195] MA: session ended kind=TRANSPORT_CLOSED retryable=true
[1788503226743] MA: session ended kind=TRANSPORT_CLOSED retryable=true
[1788503227340] MA: session ended kind=TRANSPORT_CLOSED retryable=true
[1788503227922] MA: session ended kind=TRANSPORT_CLOSED retryable=true
[1788503228419] MA: session ended kind=TRANSPORT_CLOSED retryable=true
[1788503229002] MA: session ended kind=TRANSPORT_CLOSED retryable=true
[1788503229556] MA: session ended kind=TRANSPORT_CLOSED retryable=true
[1788503230112] MA: session ended kind=TRANSPORT_CLOSED retryable=true
[1788503230586] MA: session ended kind=TRANSPORT_CLOSED retryable=true
[1788503231087] MA: session ended kind=TRANSPORT_CLOSED retryable=true
[1788503231507] MA: session ended kind=TRANSPORT_CLOSED retryable=true
[1788503232119] MA: session ended kind=TRANSPORT_CLOSED retryable=true
[1788503232619] MA: session ended kind=TRANSPORT_CLOSED retryable=true
[1788503233147] MA: session ended kind=TRANSPORT_CLOSED retryable=true
[1788503233747] MA: session ended kind=TRANSPORT_CLOSED retryable=true
[1788503234291] MA: session ended kind=TRANSPORT_CLOSED retryable=true
[1788503234798] MA: session ended kind=TRANSPORT_CLOSED retryable=true
[1788503235346] MA: session ended kind=TRANSPORT_CLOSED retryable=true
[1788503235816] MA: session ended kind=TRANSPORT_CLOSED retryable=true
[1788503236313] MA: session ended kind=TRANSPORT_CLOSED retryable=true
[1788503236898] MA: session ended kind=TRANSPORT_CLOSED retryable=true
[1788503237467] MA: session ended kind=TRANSPORT_CLOSED retryable=true
[1788503238032] MA: session ended kind=TRANSPORT_CLOSED retryable=true
[1788503238596] MA: session ended kind=TRANSPORT_CLOSED retryable=true
[1788503239162] MA: session ended kind=TRANSPORT_CLOSED retryable=true
[1788503239630] MA: session ended kind=TRANSPORT_CLOSED retryable=true
[1788503240136] MA: session ended kind=TRANSPORT_CLOSED retryable=true
[1788503240643] MA: session ended kind=TRANSPORT_CLOSED retryable=true
[1788503241124] MA: session ended kind=TRANSPORT_CLOSED retryable=true
[1788503241658] MA: session ended kind=TRANSPORT_CLOSED retryable=true
[1788503242083] MA: session ended kind=TRANSPORT_CLOSED retryable=true
[1788503242625] MA: session ended kind=TRANSPORT_CLOSED retryable=true
[1788503243116] MA: session ended kind=TRANSPORT_CLOSED retryable=true
[1788503243576] MA: session ended kind=TRANSPORT_CLOSED retryable=true
[1788503244146] MA: session ended kind=TRANSPORT_CLOSED retryable=true
[1788503244692] MA: session ended kind=TRANSPORT_CLOSED retryable=true
[1788503245187] MA: session ended kind=TRANSPORT_CLOSED retryable=true
[1788503245719] MA: session ended kind=TRANSPORT_CLOSED retryable=true
[1788503246311] MA: session ended kind=TRANSPORT_CLOSED retryable=true
[1788503246780] MA: session ended kind=TRANSPORT_CLOSED retryable=true
[1788503247371] MA: session ended kind=TRANSPORT_CLOSED retryable=true
[1788503247799] MA: session ended kind=TRANSPORT_CLOSED retryable=true
[1788503248344] MA: session ended kind=TRANSPORT_CLOSED retryable=true
[1788503248932] MA: session ended kind=TRANSPORT_CLOSED retryable=true
[1788503249516] MA: session ended kind=TRANSPORT_CLOSED retryable=true
[1788503250011] MA: session ended kind=TRANSPORT_CLOSED retryable=true
[1788503250579] MA: session ended kind=TRANSPORT_CLOSED retryable=true
[1788503251149] MA: session ended kind=TRANSPORT_CLOSED retryable=true
[1788503251671] MA: session ended kind=TRANSPORT_CLOSED retryable=true
[1788503252222] MA: session ended kind=TRANSPORT_CLOSED retryable=true
[1788503252679] MA: session ended kind=TRANSPORT_CLOSED retryable=true
[1788503253252] MA: session ended kind=TRANSPORT_CLOSED retryable=true
[1788503253699] MA: session ended kind=TRANSPORT_CLOSED retryable=true
[1788503254151] MA: session ended kind=TRANSPORT_CLOSED retryable=true
[1788503254641] MA: session ended kind=TRANSPORT_CLOSED retryable=true
[1788503255257] MA: session ended kind=TRANSPORT_CLOSED retryable=true
[1788503255821] MA: session ended kind=TRANSPORT_CLOSED retryable=true
[1788503256396] MA: session ended kind=TRANSPORT_CLOSED retryable=true
[1788503256978] MA: session ended kind=TRANSPORT_CLOSED retryable=true
[1788503257572] MA: session ended kind=TRANSPORT_CLOSED retryable=true
[1788503258123] MA: session ended kind=TRANSPORT_CLOSED retryable=true
[1788503258573] MA: session ended kind=TRANSPORT_CLOSED retryable=true
[1788503259016] MA: session ended kind=TRANSPORT_CLOSED retryable=true
[1788503259457] MA: session ended kind=TRANSPORT_CLOSED retryable=true
[1788503259917] MA: session ended kind=TRANSPORT_CLOSED retryable=true
[1788503260454] MA: session ended kind=TRANSPORT_CLOSED retryable=true
[1788503260929] MA: session ended kind=TRANSPORT_CLOSED retryable=true
[1788503261439] MA: session ended kind=TRANSPORT_CLOSED retryable=true
[1788503262040] MA: session ended kind=TRANSPORT_CLOSED retryable=true
[1788503262469] MA: session ended kind=TRANSPORT_CLOSED retryable=true
[1788503262977] MA: session ended kind=TRANSPORT_CLOSED retryable=true
[1788503263531] MA: session ended kind=TRANSPORT_CLOSED retryable=true
[1788503264009] MA: session ended kind=TRANSPORT_CLOSED retryable=true
[1788503264489] MA: session ended kind=TRANSPORT_CLOSED retryable=true
[1788503265043] MA: session ended kind=TRANSPORT_CLOSED retryable=true
[1788503265541] MA: session ended kind=TRANSPORT_CLOSED retryable=true
[1788503266168] MA: session ended kind=TRANSPORT_CLOSED retryable=true
[1788503266783] MA: session ended kind=TRANSPORT_CLOSED retryable=true
[1788503267232] MA: session ended kind=TRANSPORT_CLOSED retryable=true
[1788503267795] MA: session ended kind=TRANSPORT_CLOSED retryable=true
[1788503268376] MA: session ended kind=TRANSPORT_CLOSED retryable=true
[1788503268946] MA: session ended kind=TRANSPORT_CLOSED retryable=true
[1788503269359] MA: session ended kind=TRANSPORT_CLOSED retryable=true
[1788503269934] MA: session ended kind=TRANSPORT_CLOSED retryable=true
[1788503270445] MA: session ended kind=TRANSPORT_CLOSED retryable=true
[1788503270963] MA: session ended kind=TRANSPORT_CLOSED retryable=true
[1788503271575] MA: session ended kind=TRANSPORT_CLOSED retryable=true
[1788503272148] MA: session ended kind=TRANSPORT_CLOSED retryable=true
[1788503272620] MA: session ended kind=TRANSPORT_CLOSED retryable=true
[1788503273113] MA: session ended kind=TRANSPORT_CLOSED retryable=true
[1788503273681] MA: session ended kind=TRANSPORT_CLOSED retryable=true
[1788503274152] MA: session ended kind=TRANSPORT_CLOSED retryable=true
[1788503274761] MA: session ended kind=TRANSPORT_CLOSED retryable=true
[1788503275194] MA: session ended kind=TRANSPORT_CLOSED retryable=true
[1788503275628] MA: session ended kind=TRANSPORT_CLOSED retryable=true
[1788503276132] MA: session ended kind=TRANSPORT_CLOSED retryable=true
[1788503276641] MA: session ended kind=TRANSPORT_CLOSED retryable=true
[1788503277247] MA: session ended kind=TRANSPORT_CLOSED retryable=true
[1788503277678] MA: session ended kind=TRANSPORT_CLOSED retryable=true
[1788503278231] MA: session ended kind=TRANSPORT_CLOSED retryable=true
[1788503278677] MA: session ended kind=TRANSPORT_CLOSED retryable=true
[1788503279255] MA: session ended kind=TRANSPORT_CLOSED retryable=true
[1788503279877] MA: session ended kind=TRANSPORT_CLOSED retryable=true
[1788503280382] MA: session ended kind=TRANSPORT_CLOSED retryable=true
[1788503280883] MA: session ended kind=TRANSPORT_CLOSED retryable=true
[1788503281436] MA: session ended kind=TRANSPORT_CLOSED retryable=true
[1788503282037] MA: session ended kind=TRANSPORT_CLOSED retryable=true
[1788503282469] MA: session ended kind=TRANSPORT_CLOSED retryable=true
[1788503282960] MA: session ended kind=TRANSPORT_CLOSED retryable=true
[1788503283489] MA: session ended kind=TRANSPORT_CLOSED retryable=true
[1788503284071] MA: session ended kind=TRANSPORT_CLOSED retryable=true
[1788503284525] MA: session ended kind=TRANSPORT_CLOSED retryable=true
[1788503285082] MA: session ended kind=TRANSPORT_CLOSED retryable=true
[1788503285575] MA: session ended kind=TRANSPORT_CLOSED retryable=true
[1788503286039] MA: session ended kind=TRANSPORT_CLOSED retryable=true
[1788503286631] MA: session ended kind=TRANSPORT_CLOSED retryable=true
[1788503287167] MA: session ended kind=TRANSPORT_CLOSED retryable=true
[1788503287715] MA: session ended kind=TRANSPORT_CLOSED retryable=true
[1788503288275] MA: session ended kind=TRANSPORT_CLOSED retryable=true
[1788503288873] MA: session ended kind=TRANSPORT_CLOSED retryable=true
[1788503289390] MA: session ended kind=TRANSPORT_CLOSED retryable=true
[1788503290004] MA: session ended kind=TRANSPORT_CLOSED retryable=true
[1788503290500] MA: session ended kind=TRANSPORT_CLOSED retryable=true
[1788503291118] MA: session ended kind=TRANSPORT_CLOSED retryable=true
[1788503291619] MA: session ended kind=TRANSPORT_CLOSED retryable=true
[1788503292068] MA: session ended kind=TRANSPORT_CLOSED retryable=true
[1788503292679] MA: session ended kind=TRANSPORT_CLOSED retryable=true
[1788503293227] MA: session ended kind=TRANSPORT_CLOSED retryable=true
[1788503293715] MA: session ended kind=TRANSPORT_CLOSED retryable=true
[1788503294139] MA: session ended kind=TRANSPORT_CLOSED retryable=true
[1788503294676] MA: session ended kind=TRANSPORT_CLOSED retryable=true
[1788503295168] MA: session ended kind=TRANSPORT_CLOSED retryable=true
[1788503295621] MA: session ended kind=TRANSPORT_CLOSED retryable=true
[1788503296113] MA: session ended kind=TRANSPORT_CLOSED retryable=true
[1788503296729] MA: session ended kind=TRANSPORT_CLOSED retryable=true
[1788503297157] MA: session ended kind=TRANSPORT_CLOSED retryable=true
[1788503297699] MA: session ended kind=TRANSPORT_CLOSED retryable=true
[1788503298196] MA: session ended kind=TRANSPORT_CLOSED retryable=true
[1788503298652] MA: session ended kind=TRANSPORT_CLOSED retryable=true
[1788503299186] MA: session ended kind=TRANSPORT_CLOSED retryable=true
[1788503299700] MA: session ended kind=TRANSPORT_CLOSED retryable=true
[1788503300125] MA: session ended kind=TRANSPORT_CLOSED retryable=true
[1788503300625] MA: session ended kind=TRANSPORT_CLOSED retryable=true
[1788503301162] MA: session ended kind=TRANSPORT_CLOSED retryable=true
[1788503301761] MA: session ended kind=TRANSPORT_CLOSED retryable=true
[1788503302283] MA: session ended kind=TRANSPORT_CLOSED retryable=true
[1788503302733] MA: session ended kind=TRANSPORT_CLOSED retryable=true
[1788503303160] MA: session ended kind=TRANSPORT_CLOSED retryable=true
[1788503303623] MA: session ended kind=TRANSPORT_CLOSED retryable=true
[1788503304167] MA: session ended kind=TRANSPORT_CLOSED retryable=true
[1788503304607] MA: session ended kind=TRANSPORT_CLOSED retryable=true
[1788503305133] MA: session ended kind=TRANSPORT_CLOSED retryable=true
[1788503305603] MA: session ended kind=TRANSPORT_CLOSED retryable=true
[1788503306172] MA: session ended kind=TRANSPORT_CLOSED retryable=true
[1788503306595] MA: session ended kind=TRANSPORT_CLOSED retryable=true
[1788503307208] MA: session ended kind=TRANSPORT_CLOSED retryable=true
[1788503307755] MA: session ended kind=TRANSPORT_CLOSED retryable=true
[1788503308376] MA: session ended kind=TRANSPORT_CLOSED retryable=true
[1788503308970] MA: session ended kind=TRANSPORT_CLOSED retryable=true
[1788503309466] MA: session ended kind=TRANSPORT_CLOSED retryable=true
[1788503309938] MA: session ended kind=TRANSPORT_CLOSED retryable=true
[1788503310562] MA: session ended kind=TRANSPORT_CLOSED retryable=true
[1788503311067] MA: session ended kind=TRANSPORT_CLOSED retryable=true
[1788503311647] MA: session ended kind=TRANSPORT_CLOSED retryable=true
[1788503312146] MA: session ended kind=TRANSPORT_CLOSED retryable=true
[1788503312758] MA: session ended kind=TRANSPORT_CLOSED retryable=true
[1788503313324] MA: session ended kind=TRANSPORT_CLOSED retryable=true
[1788503313922] MA: session ended kind=TRANSPORT_CLOSED retryable=true
[1788503314544] MA: session ended kind=TRANSPORT_CLOSED retryable=true
[1788503315085] MA: session ended kind=TRANSPORT_CLOSED retryable=true
[1788503315591] MA: session ended kind=TRANSPORT_CLOSED retryable=true
[1788503316187] MA: session ended kind=TRANSPORT_CLOSED retryable=true
[1788503316762] MA: session ended kind=TRANSPORT_CLOSED retryable=true
[1788503317341] MA: session ended kind=TRANSPORT_CLOSED retryable=true
[1788503317843] MA: session ended kind=TRANSPORT_CLOSED retryable=true
[1788503318284] MA: session ended kind=TRANSPORT_CLOSED retryable=true
[1788503318727] MA: session ended kind=TRANSPORT_CLOSED retryable=true
[1788503319274] MA: session ended kind=TRANSPORT_CLOSED retryable=true
[1788503319873] MA: session ended kind=TRANSPORT_CLOSED retryable=true
[1788503320478] MA: session ended kind=TRANSPORT_CLOSED retryable=true
[1788503321044] MA: session ended kind=TRANSPORT_CLOSED retryable=true
[1788503321519] MA: session ended kind=TRANSPORT_CLOSED retryable=true
[1788503322018] MA: session ended kind=TRANSPORT_CLOSED retryable=true
[1788503322624] MA: session ended kind=TRANSPORT_CLOSED retryable=true
[1788503323226] MA: session ended kind=TRANSPORT_CLOSED retryable=true
[1788503323763] MA: session ended kind=TRANSPORT_CLOSED retryable=true
[1788503324299] MA: session ended kind=TRANSPORT_CLOSED retryable=true
[1788503324733] MA: session ended kind=TRANSPORT_CLOSED retryable=true
[1788503325340] MA: session ended kind=TRANSPORT_CLOSED retryable=true
[1788503325907] MA: session ended kind=TRANSPORT_CLOSED retryable=true
[1788503326510] MA: session ended kind=TRANSPORT_CLOSED retryable=true
[1788503327118] MA: session ended kind=TRANSPORT_CLOSED retryable=true
[1788503327665] MA: session ended kind=TRANSPORT_CLOSED retryable=true
[1788503328261] MA: session ended kind=TRANSPORT_CLOSED retryable=true
[1788503328902] MA: session ended kind=TRANSPORT_CLOSED retryable=true
[1788503329490] MA: session ended kind=TRANSPORT_CLOSED retryable=true
[1788503329964] MA: session ended kind=TRANSPORT_CLOSED retryable=true
[1788503330501] MA: session ended kind=TRANSPORT_CLOSED retryable=true
[1788503331095] MA: session ended kind=TRANSPORT_CLOSED retryable=true
[1788503331693] MA: session ended kind=TRANSPORT_CLOSED retryable=true
[1788503332211] MA: session ended kind=TRANSPORT_CLOSED retryable=true
[1788503332766] MA: session ended kind=TRANSPORT_CLOSED retryable=true
[1788503333179] MA: session ended kind=TRANSPORT_CLOSED retryable=true
[1788503333598] MA: session ended kind=TRANSPORT_CLOSED retryable=true
[1788503334206] MA: session ended kind=TRANSPORT_CLOSED retryable=true
[1788503334778] MA: session ended kind=TRANSPORT_CLOSED retryable=true
[1788503335305] MA: session ended kind=TRANSPORT_CLOSED retryable=true
[1788503335753] MA: session ended kind=TRANSPORT_CLOSED retryable=true
[1788503336207] MA: session ended kind=TRANSPORT_CLOSED retryable=true
[1788503336660] MA: session ended kind=TRANSPORT_CLOSED retryable=true
[1788503337131] MA: session ended kind=TRANSPORT_CLOSED retryable=true
[1788503337589] MA: session ended kind=TRANSPORT_CLOSED retryable=true
[1788503338196] MA: session ended kind=TRANSPORT_CLOSED retryable=true
[1788503338700] MA: session ended kind=TRANSPORT_CLOSED retryable=true
[1788503339140] MA: session ended kind=TRANSPORT_CLOSED retryable=true
[1788503339607] MA: session ended kind=TRANSPORT_CLOSED retryable=true
[1788503340024] MA: session ended kind=TRANSPORT_CLOSED retryable=true
[1788503340534] MA: session ended kind=TRANSPORT_CLOSED retryable=true
[1788503341014] MA: session ended kind=TRANSPORT_CLOSED retryable=true
[1788503341443] MA: session ended kind=TRANSPORT_CLOSED retryable=true
[1788503341948] MA: session ended kind=TRANSPORT_CLOSED retryable=true
[1788503342428] MA: session ended kind=TRANSPORT_CLOSED retryable=true
[1788503343696] MA: device health battery=100 charging=true saver=false thermal=nominal
[1788503343696] MA: lifecycle foreground connected=false
[1788503343744] MA: surfaceCreated
[1788503343745] MA: surfaceChanged: 1264x2800
[1788503343863] MA: session ended kind=TRANSPORT_CLOSED retryable=true
[1788503344357] MA: session ended kind=TRANSPORT_CLOSED retryable=true
[1788503344965] MA: session ended kind=TRANSPORT_CLOSED retryable=true
[1788503345524] MA: session ended kind=TRANSPORT_CLOSED retryable=true
[1788503345998] MA: session ended kind=TRANSPORT_CLOSED retryable=true
[1788503346611] MA: session ended kind=TRANSPORT_CLOSED retryable=true
[1788503347155] MA: session ended kind=TRANSPORT_CLOSED retryable=true
[1788503347735] MA: session ended kind=TRANSPORT_CLOSED retryable=true
[1788503348211] MA: session ended kind=TRANSPORT_CLOSED retryable=true
[1788503348743] MA: session ended kind=TRANSPORT_CLOSED retryable=true
[1788503349275] MA: session ended kind=TRANSPORT_CLOSED retryable=true
[1788503349757] MA: session ended kind=TRANSPORT_CLOSED retryable=true
[1788503350336] MA: session ended kind=TRANSPORT_CLOSED retryable=true
[1788503350848] MA: session ended kind=TRANSPORT_CLOSED retryable=true
[1788503351339] MA: session ended kind=TRANSPORT_CLOSED retryable=true
[1788503351909] MA: session ended kind=TRANSPORT_CLOSED retryable=true
[1788503352453] MA: session ended kind=TRANSPORT_CLOSED retryable=true
[1788503352895] MA: session ended kind=TRANSPORT_CLOSED retryable=true
[1788503353470] MA: session ended kind=TRANSPORT_CLOSED retryable=true
[1788503353924] MA: session ended kind=TRANSPORT_CLOSED retryable=true
[1788503354461] MA: session ended kind=TRANSPORT_CLOSED retryable=true
[1788503354970] MA: session ended kind=TRANSPORT_CLOSED retryable=true
[1788503355528] MA: session ended kind=TRANSPORT_CLOSED retryable=true
[1788503355961] MA: session ended kind=TRANSPORT_CLOSED retryable=true
[1788503356401] MA: session ended kind=TRANSPORT_CLOSED retryable=true
[1788503356923] MA: session ended kind=TRANSPORT_CLOSED retryable=true
[1788503357363] MA: session ended kind=TRANSPORT_CLOSED retryable=true
[1788503357960] MA: session ended kind=TRANSPORT_CLOSED retryable=true
[1788503358380] MA: session ended kind=TRANSPORT_CLOSED retryable=true
[1788503358881] MA: session ended kind=TRANSPORT_CLOSED retryable=true
[1788503359367] MA: session ended kind=TRANSPORT_CLOSED retryable=true
[1788503359800] MA: session ended kind=TRANSPORT_CLOSED retryable=true
[1788503360228] MA: session ended kind=TRANSPORT_CLOSED retryable=true
[1788503360656] MA: session ended kind=TRANSPORT_CLOSED retryable=true
[1788503361186] MA: session ended kind=TRANSPORT_CLOSED retryable=true
[1788503361770] MA: session ended kind=TRANSPORT_CLOSED retryable=true
[1788503362272] MA: session ended kind=TRANSPORT_CLOSED retryable=true
[1788503362787] MA: session ended kind=TRANSPORT_CLOSED retryable=true
[1788503363279] MA: session ended kind=TRANSPORT_CLOSED retryable=true
[1788503363803] MA: session ended kind=TRANSPORT_CLOSED retryable=true
[1788503364376] MA: session ended kind=TRANSPORT_CLOSED retryable=true
[1788503364908] MA: session ended kind=TRANSPORT_CLOSED retryable=true
[1788503365375] MA: session ended kind=TRANSPORT_CLOSED retryable=true
[1788503365954] MA: session ended kind=TRANSPORT_CLOSED retryable=true
[1788503366511] MA: session ended kind=TRANSPORT_CLOSED retryable=true
[1788503367030] MA: session ended kind=TRANSPORT_CLOSED retryable=true
[1788503367521] MA: session ended kind=TRANSPORT_CLOSED retryable=true
[1788503367980] MA: session ended kind=TRANSPORT_CLOSED retryable=true
[1788503368426] MA: session ended kind=TRANSPORT_CLOSED retryable=true
[1788503369034] MA: session ended kind=TRANSPORT_CLOSED retryable=true
[1788503369574] MA: session ended kind=TRANSPORT_CLOSED retryable=true
[1788503370001] MA: session ended kind=TRANSPORT_CLOSED retryable=true
[1788503370538] MA: session ended kind=TRANSPORT_CLOSED retryable=true
[1788503371093] MA: session ended kind=TRANSPORT_CLOSED retryable=true
[1788503371729] MA: session ended kind=TRANSPORT_CLOSED retryable=true
[1788503372198] MA: session ended kind=TRANSPORT_CLOSED retryable=true
[1788503372693] MA: session ended kind=TRANSPORT_CLOSED retryable=true
[1788503373197] MA: session ended kind=TRANSPORT_CLOSED retryable=true
[1788503373764] MA: session ended kind=TRANSPORT_CLOSED retryable=true
[1788503374371] MA: session ended kind=TRANSPORT_CLOSED retryable=true
[1788503374916] MA: session ended kind=TRANSPORT_CLOSED retryable=true
[1788503375470] MA: session ended kind=TRANSPORT_CLOSED retryable=true
[1788503376060] MA: session ended kind=TRANSPORT_CLOSED retryable=true
[1788503376640] MA: session ended kind=TRANSPORT_CLOSED retryable=true
[1788503377147] MA: session ended kind=TRANSPORT_CLOSED retryable=true
[1788503377678] MA: session ended kind=TRANSPORT_CLOSED retryable=true
[1788503378203] MA: session ended kind=TRANSPORT_CLOSED retryable=true
[1788503378687] MA: session ended kind=TRANSPORT_CLOSED retryable=true
[1788503379282] MA: session ended kind=TRANSPORT_CLOSED retryable=true
[1788503379794] MA: session ended kind=TRANSPORT_CLOSED retryable=true
[1788503380225] MA: session ended kind=TRANSPORT_CLOSED retryable=true
[1788503380675] MA: session ended kind=TRANSPORT_CLOSED retryable=true
[1788503381217] MA: session ended kind=TRANSPORT_CLOSED retryable=true
[1788503381651] MA: session ended kind=TRANSPORT_CLOSED retryable=true
[1788503382235] MA: session ended kind=TRANSPORT_CLOSED retryable=true
[1788503382827] MA: session ended kind=TRANSPORT_CLOSED retryable=true
[1788503383372] MA: session ended kind=TRANSPORT_CLOSED retryable=true
[1788503383821] MA: session ended kind=TRANSPORT_CLOSED retryable=true
[1788503384317] MA: session ended kind=TRANSPORT_CLOSED retryable=true
[1788503384887] MA: session ended kind=TRANSPORT_CLOSED retryable=true
[1788503385391] MA: session ended kind=TRANSPORT_CLOSED retryable=true
[1788503385990] MA: session ended kind=TRANSPORT_CLOSED retryable=true
[1788503386584] MA: session ended kind=TRANSPORT_CLOSED retryable=true
[1788503387112] MA: session ended kind=TRANSPORT_CLOSED retryable=true
[1788503387563] MA: session ended kind=TRANSPORT_CLOSED retryable=true
[1788503388122] MA: session ended kind=TRANSPORT_CLOSED retryable=true
[1788503388556] MA: session ended kind=TRANSPORT_CLOSED retryable=true
[1788503389177] MA: session ended kind=TRANSPORT_CLOSED retryable=true
[1788503389665] MA: session ended kind=TRANSPORT_CLOSED retryable=true
[1788503390264] MA: session ended kind=TRANSPORT_CLOSED retryable=true
[1788503390810] MA: session ended kind=TRANSPORT_CLOSED retryable=true
[1788503391380] MA: session ended kind=TRANSPORT_CLOSED retryable=true
[1788503391906] MA: session ended kind=TRANSPORT_CLOSED retryable=true
[1788503392499] MA: session ended kind=TRANSPORT_CLOSED retryable=true
[1788503393006] MA: session ended kind=TRANSPORT_CLOSED retryable=true
[1788503393458] MA: session ended kind=TRANSPORT_CLOSED retryable=true
[1788503393878] MA: session ended kind=TRANSPORT_CLOSED retryable=true
[1788503394346] MA: session ended kind=TRANSPORT_CLOSED retryable=true
[1788503394854] MA: session ended kind=TRANSPORT_CLOSED retryable=true
[1788503395419] MA: session ended kind=TRANSPORT_CLOSED retryable=true
[1788503395994] MA: session ended kind=TRANSPORT_CLOSED retryable=true
[1788503396462] MA: session ended kind=TRANSPORT_CLOSED retryable=true
[1788503396987] MA: session ended kind=TRANSPORT_CLOSED retryable=true
[1788503397482] MA: session ended kind=TRANSPORT_CLOSED retryable=true
[1788503397987] MA: session ended kind=TRANSPORT_CLOSED retryable=true
[1788503398602] MA: session ended kind=TRANSPORT_CLOSED retryable=true
[1788503399076] MA: session ended kind=TRANSPORT_CLOSED retryable=true
[1788503399631] MA: session ended kind=TRANSPORT_CLOSED retryable=true
[1788503400265] MA: session ended kind=TRANSPORT_CLOSED retryable=true
[1788503400841] MA: session ended kind=TRANSPORT_CLOSED retryable=true
[1788503401315] MA: session ended kind=TRANSPORT_CLOSED retryable=true
[1788503401878] MA: session ended kind=TRANSPORT_CLOSED retryable=true
[1788503402331] MA: session ended kind=TRANSPORT_CLOSED retryable=true
[1788503402933] MA: session ended kind=TRANSPORT_CLOSED retryable=true
[1788503403388] MA: session ended kind=TRANSPORT_CLOSED retryable=true
[1788503403994] MA: session ended kind=TRANSPORT_CLOSED retryable=true
[1788503404465] MA: session ended kind=TRANSPORT_CLOSED retryable=true
[1788503404883] MA: session ended kind=TRANSPORT_CLOSED retryable=true
[1788503405483] MA: session ended kind=TRANSPORT_CLOSED retryable=true
[1788503406065] MA: session ended kind=TRANSPORT_CLOSED retryable=true
[1788503406632] MA: session ended kind=TRANSPORT_CLOSED retryable=true
[1788503407254] MA: session ended kind=TRANSPORT_CLOSED retryable=true
[1788503407695] MA: session ended kind=TRANSPORT_CLOSED retryable=true
[1788503408300] MA: session ended kind=TRANSPORT_CLOSED retryable=true
[1788503408788] MA: session ended kind=TRANSPORT_CLOSED retryable=true
[1788503409231] MA: session ended kind=TRANSPORT_CLOSED retryable=true
[1788503409687] MA: session ended kind=TRANSPORT_CLOSED retryable=true
[1788503410282] MA: session ended kind=TRANSPORT_CLOSED retryable=true
[1788503410874] MA: session ended kind=TRANSPORT_CLOSED retryable=true
[1788503411513] MA: session ended kind=TRANSPORT_CLOSED retryable=true
[1788503411968] MA: session ended kind=TRANSPORT_CLOSED retryable=true
[1788503412520] MA: session ended kind=TRANSPORT_CLOSED retryable=true
[1788503413054] MA: session ended kind=TRANSPORT_CLOSED retryable=true
[1788503413659] MA: session ended kind=TRANSPORT_CLOSED retryable=true
[1788503414138] MA: session ended kind=TRANSPORT_CLOSED retryable=true
[1788503414652] MA: session ended kind=TRANSPORT_CLOSED retryable=true
[1788503415246] MA: session ended kind=TRANSPORT_CLOSED retryable=true
[1788503415812] MA: session ended kind=TRANSPORT_CLOSED retryable=true
[1788503416315] MA: session ended kind=TRANSPORT_CLOSED retryable=true
[1788503417379] MA: device health battery=100 charging=true saver=false thermal=nominal
[1788503417379] MA: lifecycle foreground connected=false
[1788503417424] MA: surfaceCreated
[1788503417425] MA: surfaceChanged: 1264x2800
