[1787245893321] MA: device health battery=100 charging=true saver=false thermal=elevated
[1787245893323] MA: lifecycle foreground connected=false
[1787245893375] MA: surfaceCreated
[1787245893375] MA: surfaceChanged: 2800x1264
[1787245894692] MA: surfaceChanged: 1264x2800
[1787245899470] MA: device health battery=100 charging=true saver=false thermal=nominal
[1787245939616] MA: surfaceDestroyed
[1787245939639] MA: lifecycle background connected=true; retries paused
[1787246279204] MA: device health battery=100 charging=true saver=false thermal=nominal
[1787246279205] MA: lifecycle foreground connected=false
[1787246279262] MA: surfaceCreated
[1787246279263] MA: surfaceChanged: 2800x1264
[1787246279373] MA: session ended kind=TRANSPORT_CLOSED retryable=true
[1787246280893] MA: session ended kind=TRANSPORT_CLOSED retryable=true
[1787246282415] MA: session ended kind=TRANSPORT_CLOSED retryable=true
[1787246284204] MA: device health battery=100 charging=true saver=false thermal=nominal
[1787246284204] MA: lifecycle foreground connected=false
[1787246284266] MA: surfaceCreated
[1787246284267] MA: surfaceChanged: 2800x1264
[1787246284370] MA: session ended kind=TRANSPORT_CLOSED retryable=true
[1787246285609] MA: session ended kind=TRANSPORT_CLOSED retryable=true
[1787246287134] MA: session ended kind=TRANSPORT_CLOSED retryable=true
[1787246288658] MA: session ended kind=TRANSPORT_CLOSED retryable=true
[1787246290193] MA: session ended kind=TRANSPORT_CLOSED retryable=true
[1787246291718] MA: session ended kind=TRANSPORT_CLOSED retryable=true
[1787246293258] MA: session ended kind=TRANSPORT_CLOSED retryable=true
[1787246294783] MA: session ended kind=TRANSPORT_CLOSED retryable=true
[1787246296328] MA: session ended kind=TRANSPORT_CLOSED retryable=true
[1787246297877] MA: session ended kind=TRANSPORT_CLOSED retryable=true
[1787246299438] MA: session ended kind=TRANSPORT_CLOSED retryable=true
[1787246300967] MA: session ended kind=TRANSPORT_CLOSED retryable=true
[1787246302497] MA: session ended kind=TRANSPORT_CLOSED retryable=true
[1787246302965] MA: session ended kind=TRANSPORT_CLOSED retryable=true
[1787246304495] MA: session ended kind=TRANSPORT_CLOSED retryable=true
[1787246306014] MA: session ended kind=TRANSPORT_CLOSED retryable=true
[1787246307536] MA: session ended kind=TRANSPORT_CLOSED retryable=true
[1787246309062] MA: session ended kind=TRANSPORT_CLOSED retryable=true
[1787246310583] MA: session ended kind=TRANSPORT_CLOSED retryable=true
[1787246312113] MA: session ended kind=TRANSPORT_CLOSED retryable=true
[1787246313636] MA: session ended kind=TRANSPORT_CLOSED retryable=true
[1787246315163] MA: session ended kind=TRANSPORT_CLOSED retryable=true
[1787246316754] MA: session ended kind=TRANSPORT_CLOSED retryable=true
[1787246318287] MA: session ended kind=TRANSPORT_CLOSED retryable=true
[1787246319829] MA: session ended kind=TRANSPORT_CLOSED retryable=true
[1787246321355] MA: session ended kind=TRANSPORT_CLOSED retryable=true
[1787246322883] MA: session ended kind=TRANSPORT_CLOSED retryable=true
[1787246324411] MA: session ended kind=TRANSPORT_CLOSED retryable=true
[1787246325939] MA: session ended kind=TRANSPORT_CLOSED retryable=true
[1787246327461] MA: session ended kind=TRANSPORT_CLOSED retryable=true
[1787246328994] MA: session ended kind=TRANSPORT_CLOSED retryable=true
[1787246330526] MA: session ended kind=TRANSPORT_CLOSED retryable=true
[1787246332057] MA: session ended kind=TRANSPORT_CLOSED retryable=true
[1787246333593] MA: session ended kind=TRANSPORT_CLOSED retryable=true
[1787246335119] MA: session ended kind=TRANSPORT_CLOSED retryable=true
[1787246336656] MA: session ended kind=TRANSPORT_CLOSED retryable=true
[1787246338187] MA: session ended kind=TRANSPORT_CLOSED retryable=true
[1787246339709] MA: session ended kind=TRANSPORT_CLOSED retryable=true
[1787246339960] MA: session ended kind=TRANSPORT_CLOSED retryable=true
[1787246341494] MA: session ended kind=TRANSPORT_CLOSED retryable=true
[1787246343011] MA: session ended kind=TRANSPORT_CLOSED retryable=true
[1787246344535] MA: session ended kind=TRANSPORT_CLOSED retryable=true
[1787246346059] MA: session ended kind=TRANSPORT_CLOSED retryable=true
[1787246347593] MA: session ended kind=TRANSPORT_CLOSED retryable=true
[1787246349126] MA: session ended kind=TRANSPORT_CLOSED retryable=true
[1787246350653] MA: session ended kind=TRANSPORT_CLOSED retryable=true
[1787246352179] MA: session ended kind=TRANSPORT_CLOSED retryable=true
[1787246353704] MA: session ended kind=TRANSPORT_CLOSED retryable=true
[1787246355238] MA: session ended kind=TRANSPORT_CLOSED retryable=true
[1787246356782] MA: session ended kind=TRANSPORT_CLOSED retryable=true
[1787246358307] MA: session ended kind=TRANSPORT_CLOSED retryable=true
[1787246359835] MA: session ended kind=TRANSPORT_CLOSED retryable=true
[1787246361350] MA: session ended kind=TRANSPORT_CLOSED retryable=true
[1787246362877] MA: session ended kind=TRANSPORT_CLOSED retryable=true
[1787246364417] MA: session ended kind=TRANSPORT_CLOSED retryable=true
[1787246365952] MA: session ended kind=TRANSPORT_CLOSED retryable=true
[1787246367485] MA: session ended kind=TRANSPORT_CLOSED retryable=true
[1787246369007] MA: session ended kind=TRANSPORT_CLOSED retryable=true
[1787246370519] MA: session ended kind=TRANSPORT_CLOSED retryable=true
[1787246372040] MA: session ended kind=TRANSPORT_CLOSED retryable=true
[1787246373579] MA: session ended kind=TRANSPORT_CLOSED retryable=true
[1787246375110] MA: session ended kind=TRANSPORT_CLOSED retryable=true
[1787246376630] MA: session ended kind=TRANSPORT_CLOSED retryable=true
[1787246377068] MA: session ended kind=TRANSPORT_CLOSED retryable=true
[1787246378599] MA: session ended kind=TRANSPORT_CLOSED retryable=true
[1787246381168] MA: device health battery=100 charging=true saver=false thermal=nominal
[1787246381168] MA: lifecycle foreground connected=false
[1787246381221] MA: surfaceCreated
[1787246381222] MA: surfaceChanged: 2800x1264
[1787246381341] MA: session ended kind=TRANSPORT_CLOSED retryable=true
[1787246382454] MA: surfaceChanged: 1264x2800
[1787246382861] MA: session ended kind=TRANSPORT_CLOSED retryable=true
[1787246384387] MA: session ended kind=TRANSPORT_CLOSED retryable=true
[1787246385906] MA: session ended kind=TRANSPORT_CLOSED retryable=true
[1787246387416] MA: session ended kind=TRANSPORT_CLOSED retryable=true
[1787246388933] MA: session ended kind=TRANSPORT_CLOSED retryable=true
[1787246390450] MA: session ended kind=TRANSPORT_CLOSED retryable=true
[1787246391967] MA: session ended kind=TRANSPORT_CLOSED retryable=true
[1787246393502] MA: session ended kind=TRANSPORT_CLOSED retryable=true
[1787246395025] MA: session ended kind=TRANSPORT_CLOSED retryable=true
[1787246396562] MA: session ended kind=TRANSPORT_CLOSED retryable=true
[1787246398080] MA: session ended kind=TRANSPORT_CLOSED retryable=true
[1787246399607] MA: session ended kind=TRANSPORT_CLOSED retryable=true
[1787246401120] MA: session ended kind=TRANSPORT_CLOSED retryable=true
[1787246402631] MA: session ended kind=TRANSPORT_CLOSED retryable=true
[1787246404158] MA: session ended kind=TRANSPORT_CLOSED retryable=true
[1787246405688] MA: session ended kind=TRANSPORT_CLOSED retryable=true
[1787246407229] MA: session ended kind=TRANSPORT_CLOSED retryable=true
[1787246408755] MA: session ended kind=TRANSPORT_CLOSED retryable=true
[1787246410297] MA: session ended kind=TRANSPORT_CLOSED retryable=true
[1787246411819] MA: session ended kind=TRANSPORT_CLOSED retryable=true
[1787246413344] MA: session ended kind=TRANSPORT_CLOSED retryable=true
[1787246414562] MA: surfaceChanged: 2800x1264
[1787246414676] MA: session ended kind=TRANSPORT_CLOSED retryable=true
[1787246416195] MA: session ended kind=TRANSPORT_CLOSED retryable=true
[1787246417725] MA: session ended kind=TRANSPORT_CLOSED retryable=true
[1787246419244] MA: session ended kind=TRANSPORT_CLOSED retryable=true
[1787246420766] MA: session ended kind=TRANSPORT_CLOSED retryable=true
[1787246422298] MA: session ended kind=TRANSPORT_CLOSED retryable=true
[1787246423838] MA: session ended kind=TRANSPORT_CLOSED retryable=true
[1787246425359] MA: session ended kind=TRANSPORT_CLOSED retryable=true
[1787246426907] MA: session ended kind=TRANSPORT_CLOSED retryable=true
[1787246427628] MA: surfaceDestroyed
[1787246427686] MA: lifecycle background connected=false; retries paused
[1787246452609] MA: device health battery=100 charging=true saver=false thermal=nominal
[1787246452610] MA: lifecycle foreground connected=false
[1787246452629] MA: surfaceCreated
[1787246452629] MA: surfaceChanged: 2800x1264
[1787246452765] MA: session ended kind=TRANSPORT_CLOSED retryable=true
[1787246454277] MA: session ended kind=TRANSPORT_CLOSED retryable=true
[1787246455796] MA: session ended kind=TRANSPORT_CLOSED retryable=true
[1787246457310] MA: session ended kind=TRANSPORT_CLOSED retryable=true
[1787246458832] MA: session ended kind=TRANSPORT_CLOSED retryable=true
[1787246460362] MA: session ended kind=TRANSPORT_CLOSED retryable=true
[1787246461899] MA: session ended kind=TRANSPORT_CLOSED retryable=true
[1787246463430] MA: session ended kind=TRANSPORT_CLOSED retryable=true
[1787246464954] MA: session ended kind=TRANSPORT_CLOSED retryable=true
[1787246466488] MA: session ended kind=TRANSPORT_CLOSED retryable=true
[1787246468014] MA: session ended kind=TRANSPORT_CLOSED retryable=true
[1787246469531] MA: session ended kind=TRANSPORT_CLOSED retryable=true
[1787246471049] MA: session ended kind=TRANSPORT_CLOSED retryable=true
[1787246472577] MA: session ended kind=TRANSPORT_CLOSED retryable=true
[1787246472653] MA: surfaceDestroyed
[1787246472703] MA: lifecycle background connected=false; retries paused
[1787246538011] MA: device health battery=100 charging=true saver=false thermal=elevated
[1787246538012] MA: lifecycle foreground connected=false
[1787246538068] MA: surfaceCreated
[1787246538069] MA: surfaceChanged: 2800x1264
[1787246538179] MA: session ended kind=TRANSPORT_CLOSED retryable=true
[1787246539374] MA: surfaceDestroyed
[1787246539434] MA: lifecycle background connected=false; retries paused
[1787247072423] MA: device health battery=100 charging=true saver=false thermal=nominal
[1787247072424] MA: lifecycle foreground connected=false
[1787247072475] MA: surfaceCreated
[1787247072475] MA: surfaceChanged: 2800x1264
[1787247073793] MA: surfaceChanged: 1264x2800
[1787247102275] MA: device health battery=100 charging=true saver=false thermal=nominal
[1787247102275] MA: lifecycle foreground connected=false
[1787247102344] MA: surfaceCreated
[1787247102344] MA: surfaceChanged: 2800x1264
[1787247103690] MA: surfaceDestroyed
[1787247103740] MA: lifecycle background connected=false; retries paused
[1787247117678] MA: device health battery=100 charging=true saver=false thermal=nominal
[1787247117679] MA: lifecycle foreground connected=false
[1787247117726] MA: surfaceCreated
[1787247117727] MA: surfaceChanged: 2800x1264
[1787247119048] MA: surfaceChanged: 1264x2800
[1787247163970] MA: surfaceDestroyed
[1787247163996] MA: lifecycle background connected=true; retries paused
[1787247552843] MA: device health battery=100 charging=true saver=false thermal=nominal
[1787247552844] MA: lifecycle foreground connected=false
[1787247552919] MA: surfaceCreated
[1787247552920] MA: surfaceChanged: 2800x1264
[1787247554244] MA: surfaceChanged: 1264x2800
[1787247582576] MA: device health battery=100 charging=true saver=false thermal=nominal
[1787247582576] MA: lifecycle foreground connected=false
[1787247582648] MA: surfaceCreated
[1787247582649] MA: surfaceChanged: 2800x1264
[1787247584036] MA: surfaceDestroyed
[1787247584089] MA: lifecycle background connected=false; retries paused
[1787248146740] MA: device health battery=100 charging=true saver=false thermal=nominal
[1787248146741] MA: lifecycle foreground connected=false
[1787248146812] MA: surfaceCreated
[1787248146812] MA: surfaceChanged: 2800x1264
[1787248148183] MA: surfaceDestroyed
[1787248148223] MA: lifecycle background connected=false; retries paused
[1787249180563] MA: device health battery=100 charging=true saver=false thermal=nominal
[1787249180563] MA: lifecycle foreground connected=false
[1787249180635] MA: surfaceCreated
[1787249180636] MA: surfaceChanged: 2800x1264
[1787249181999] MA: surfaceDestroyed
[1787249182048] MA: lifecycle background connected=false; retries paused
[1787249689824] MA: device health battery=100 charging=true saver=false thermal=nominal
[1787249689825] MA: lifecycle foreground connected=false
[1787249689894] MA: surfaceCreated
[1787249689895] MA: surfaceChanged: 2800x1264
[1787249691245] MA: surfaceDestroyed
[1787249691299] MA: lifecycle background connected=false; retries paused
[1787249745189] MA: device health battery=100 charging=true saver=false thermal=nominal
[1787249745190] MA: lifecycle foreground connected=false
[1787249745258] MA: surfaceCreated
[1787249745258] MA: surfaceChanged: 2800x1264
[1787249746637] MA: surfaceDestroyed
[1787249746685] MA: lifecycle background connected=false; retries paused
[1787253439907] MA: device health battery=100 charging=true saver=false thermal=nominal
[1787253439907] MA: lifecycle foreground connected=false
[1787253439983] MA: surfaceCreated
[1787253439983] MA: surfaceChanged: 2800x1264
[1787253482420] MA: device health battery=100 charging=true saver=false thermal=nominal
[1787253482420] MA: lifecycle foreground connected=false
[1787253482501] MA: surfaceCreated
[1787253482502] MA: surfaceChanged: 2800x1264
[1787253954425] MA: device health battery=100 charging=true saver=false thermal=nominal
[1787253954425] MA: lifecycle foreground connected=false
[1787253954502] MA: surfaceCreated
[1787253954503] MA: surfaceChanged: 2800x1264
[1787254663913] MA: session ended kind=TRANSPORT_CLOSED retryable=true
[1787254665435] MA: session ended kind=TRANSPORT_CLOSED retryable=true
[1787254666959] MA: session ended kind=TRANSPORT_CLOSED retryable=true
[1787254668479] MA: session ended kind=TRANSPORT_CLOSED retryable=true
[1787254670013] MA: session ended kind=TRANSPORT_CLOSED retryable=true
[1787254670516] MA: session ended kind=TRANSPORT_CLOSED retryable=true
[1787254672039] MA: session ended kind=TRANSPORT_CLOSED retryable=true
[1787254673562] MA: session ended kind=TRANSPORT_CLOSED retryable=true
[1787254675089] MA: session ended kind=TRANSPORT_CLOSED retryable=true
[1787254676619] MA: session ended kind=TRANSPORT_CLOSED retryable=true
[1787254678212] MA: session ended kind=TRANSPORT_CLOSED retryable=true
[1787254679749] MA: session ended kind=TRANSPORT_CLOSED retryable=true
[1787254681282] MA: session ended kind=TRANSPORT_CLOSED retryable=true
[1787254682807] MA: session ended kind=TRANSPORT_CLOSED retryable=true
[1787254684324] MA: session ended kind=TRANSPORT_CLOSED retryable=true
[1787254685839] MA: session ended kind=TRANSPORT_CLOSED retryable=true
[1787254687367] MA: session ended kind=TRANSPORT_CLOSED retryable=true
[1787254687946] MA: session ended kind=TRANSPORT_CLOSED retryable=true
[1787254689482] MA: session ended kind=TRANSPORT_CLOSED retryable=true
[1787254691005] MA: session ended kind=TRANSPORT_CLOSED retryable=true
[1787254692523] MA: session ended kind=TRANSPORT_CLOSED retryable=true
[1787254694052] MA: session ended kind=TRANSPORT_CLOSED retryable=true
[1787254695574] MA: session ended kind=TRANSPORT_CLOSED retryable=true
[1787254697094] MA: session ended kind=TRANSPORT_CLOSED retryable=true
[1787254698627] MA: session ended kind=TRANSPORT_CLOSED retryable=true
[1787254700183] MA: session ended kind=TRANSPORT_CLOSED retryable=true
[1787254701838] MA: session ended kind=TRANSPORT_CLOSED retryable=true
[1787254703359] MA: session ended kind=TRANSPORT_CLOSED retryable=true
[1787254704886] MA: session ended kind=TRANSPORT_CLOSED retryable=true
[1787254706424] MA: session ended kind=TRANSPORT_CLOSED retryable=true
[1787254707946] MA: session ended kind=TRANSPORT_CLOSED retryable=true
[1787254709479] MA: session ended kind=TRANSPORT_CLOSED retryable=true
[1787254711015] MA: session ended kind=TRANSPORT_CLOSED retryable=true
[1787254712549] MA: session ended kind=TRANSPORT_CLOSED retryable=true
[1787254714078] MA: session ended kind=TRANSPORT_CLOSED retryable=true
[1787254715616] MA: session ended kind=TRANSPORT_CLOSED retryable=true
[1787254717146] MA: session ended kind=TRANSPORT_CLOSED retryable=true
[1787254718685] MA: session ended kind=TRANSPORT_CLOSED retryable=true
[1787254720217] MA: session ended kind=TRANSPORT_CLOSED retryable=true
[1787254721736] MA: session ended kind=TRANSPORT_CLOSED retryable=true
[1787254723255] MA: session ended kind=TRANSPORT_CLOSED retryable=true
[1787254724773] MA: session ended kind=TRANSPORT_CLOSED retryable=true
[1787254724992] MA: session ended kind=TRANSPORT_CLOSED retryable=true
[1787254726533] MA: session ended kind=TRANSPORT_CLOSED retryable=true
[1787254728067] MA: session ended kind=TRANSPORT_CLOSED retryable=true
[1787254729594] MA: session ended kind=TRANSPORT_CLOSED retryable=true
[1787254731115] MA: session ended kind=TRANSPORT_CLOSED retryable=true
[1787254732650] MA: session ended kind=TRANSPORT_CLOSED retryable=true
[1787254734182] MA: session ended kind=TRANSPORT_CLOSED retryable=true
[1787254735716] MA: session ended kind=TRANSPORT_CLOSED retryable=true
[1787254737240] MA: session ended kind=TRANSPORT_CLOSED retryable=true
[1787254738762] MA: session ended kind=TRANSPORT_CLOSED retryable=true
[1787254740297] MA: session ended kind=TRANSPORT_CLOSED retryable=true
[1787254741831] MA: session ended kind=TRANSPORT_CLOSED retryable=true
[1787254743357] MA: session ended kind=TRANSPORT_CLOSED retryable=true
[1787254744873] MA: session ended kind=TRANSPORT_CLOSED retryable=true
[1787254746391] MA: session ended kind=TRANSPORT_CLOSED retryable=true
[1787254747914] MA: session ended kind=TRANSPORT_CLOSED retryable=true
[1787254749450] MA: session ended kind=TRANSPORT_CLOSED retryable=true
[1787254750980] MA: session ended kind=TRANSPORT_CLOSED retryable=true
[1787254752519] MA: session ended kind=TRANSPORT_CLOSED retryable=true
[1787254754047] MA: session ended kind=TRANSPORT_CLOSED retryable=true
[1787254755572] MA: session ended kind=TRANSPORT_CLOSED retryable=true
[1787254757102] MA: session ended kind=TRANSPORT_CLOSED retryable=true
[1787254758643] MA: session ended kind=TRANSPORT_CLOSED retryable=true
[1787254760167] MA: session ended kind=TRANSPORT_CLOSED retryable=true
[1787254761478] MA: session ended kind=TRANSPORT_CLOSED retryable=true
[1787254763013] MA: session ended kind=TRANSPORT_CLOSED retryable=true
[1787254764545] MA: session ended kind=TRANSPORT_CLOSED retryable=true
[1787254766078] MA: session ended kind=TRANSPORT_CLOSED retryable=true
[1787254767597] MA: session ended kind=TRANSPORT_CLOSED retryable=true
[1787254769132] MA: session ended kind=TRANSPORT_CLOSED retryable=true
[1787254770661] MA: session ended kind=TRANSPORT_CLOSED retryable=true
[1787254772199] MA: session ended kind=TRANSPORT_CLOSED retryable=true
[1787254773725] MA: session ended kind=TRANSPORT_CLOSED retryable=true
[1787254775240] MA: session ended kind=TRANSPORT_CLOSED retryable=true
[1787254776768] MA: session ended kind=TRANSPORT_CLOSED retryable=true
[1787254778299] MA: session ended kind=TRANSPORT_CLOSED retryable=true
[1787254779832] MA: session ended kind=TRANSPORT_CLOSED retryable=true
[1787254781367] MA: session ended kind=TRANSPORT_CLOSED retryable=true
[1787254782891] MA: session ended kind=TRANSPORT_CLOSED retryable=true
[1787254784407] MA: session ended kind=TRANSPORT_CLOSED retryable=true
[1787254785935] MA: session ended kind=TRANSPORT_CLOSED retryable=true
[1787254787465] MA: session ended kind=TRANSPORT_CLOSED retryable=true
[1787254789000] MA: session ended kind=TRANSPORT_CLOSED retryable=true
[1787254790523] MA: session ended kind=TRANSPORT_CLOSED retryable=true
[1787254792045] MA: session ended kind=TRANSPORT_CLOSED retryable=true
[1787254793602] MA: session ended kind=TRANSPORT_CLOSED retryable=true
[1787254795130] MA: session ended kind=TRANSPORT_CLOSED retryable=true
[1787254796661] MA: session ended kind=TRANSPORT_CLOSED retryable=true
[1787254798175] MA: session ended kind=TRANSPORT_CLOSED retryable=true
[1787254799772] MA: session ended kind=TRANSPORT_CLOSED retryable=true
[1787254801300] MA: session ended kind=TRANSPORT_CLOSED retryable=true
[1787254802822] MA: session ended kind=TRANSPORT_CLOSED retryable=true
[1787254804343] MA: session ended kind=TRANSPORT_CLOSED retryable=true
[1787254805869] MA: session ended kind=TRANSPORT_CLOSED retryable=true
[1787254807406] MA: session ended kind=TRANSPORT_CLOSED retryable=true
[1787254808967] MA: session ended kind=TRANSPORT_CLOSED retryable=true
[1787254810499] MA: session ended kind=TRANSPORT_CLOSED retryable=true
[1787254812029] MA: session ended kind=TRANSPORT_CLOSED retryable=true
[1787254813556] MA: session ended kind=TRANSPORT_CLOSED retryable=true
[1787254815080] MA: session ended kind=TRANSPORT_CLOSED retryable=true
[1787254816604] MA: session ended kind=TRANSPORT_CLOSED retryable=true
[1787254818134] MA: session ended kind=TRANSPORT_CLOSED retryable=true
[1787254819666] MA: session ended kind=TRANSPORT_CLOSED retryable=true
[1787254821196] MA: session ended kind=TRANSPORT_CLOSED retryable=true
[1787254822730] MA: session ended kind=TRANSPORT_CLOSED retryable=true
[1787254824256] MA: session ended kind=TRANSPORT_CLOSED retryable=true
[1787254825782] MA: session ended kind=TRANSPORT_CLOSED retryable=true
[1787254827316] MA: session ended kind=TRANSPORT_CLOSED retryable=true
[1787254828840] MA: session ended kind=TRANSPORT_CLOSED retryable=true
[1787254830370] MA: session ended kind=TRANSPORT_CLOSED retryable=true
[1787254831904] MA: session ended kind=TRANSPORT_CLOSED retryable=true
[1787254833457] MA: session ended kind=TRANSPORT_CLOSED retryable=true
[1787254834979] MA: session ended kind=TRANSPORT_CLOSED retryable=true
[1787254836504] MA: session ended kind=TRANSPORT_CLOSED retryable=true
[1787254837463] MA: session ended kind=TRANSPORT_CLOSED retryable=true
[1787254838986] MA: session ended kind=TRANSPORT_CLOSED retryable=true
[1787254840505] MA: session ended kind=TRANSPORT_CLOSED retryable=true
[1787254842030] MA: session ended kind=TRANSPORT_CLOSED retryable=true
[1787254843559] MA: session ended kind=TRANSPORT_CLOSED retryable=true
[1787254845081] MA: session ended kind=TRANSPORT_CLOSED retryable=true
[1787254846619] MA: session ended kind=TRANSPORT_CLOSED retryable=true
[1787254848148] MA: session ended kind=TRANSPORT_CLOSED retryable=true
[1787254849673] MA: session ended kind=TRANSPORT_CLOSED retryable=true
[1787254851189] MA: session ended kind=TRANSPORT_CLOSED retryable=true
[1787254852717] MA: session ended kind=TRANSPORT_CLOSED retryable=true
[1787254854248] MA: session ended kind=TRANSPORT_CLOSED retryable=true
[1787254855782] MA: session ended kind=TRANSPORT_CLOSED retryable=true
[1787254857318] MA: session ended kind=TRANSPORT_CLOSED retryable=true
[1787254858837] MA: session ended kind=TRANSPORT_CLOSED retryable=true
[1787254860361] MA: session ended kind=TRANSPORT_CLOSED retryable=true
[1787254861900] MA: session ended kind=TRANSPORT_CLOSED retryable=true
[1787254863427] MA: session ended kind=TRANSPORT_CLOSED retryable=true
[1787254864939] MA: session ended kind=TRANSPORT_CLOSED retryable=true
[1787254866465] MA: session ended kind=TRANSPORT_CLOSED retryable=true
[1787254867998] MA: session ended kind=TRANSPORT_CLOSED retryable=true
[1787254869528] MA: session ended kind=TRANSPORT_CLOSED retryable=true
[1787254871069] MA: session ended kind=TRANSPORT_CLOSED retryable=true
[1787254872589] MA: session ended kind=TRANSPORT_CLOSED retryable=true
[1787254873057] MA: session ended kind=TRANSPORT_CLOSED retryable=true
[1787254874575] MA: session ended kind=TRANSPORT_CLOSED retryable=true
[1787254876095] MA: session ended kind=TRANSPORT_CLOSED retryable=true
[1787254877627] MA: session ended kind=TRANSPORT_CLOSED retryable=true
[1787254879167] MA: session ended kind=TRANSPORT_CLOSED retryable=true
[1787254879541] MA: session ended kind=TRANSPORT_CLOSED retryable=true
[1787254881055] MA: session ended kind=TRANSPORT_CLOSED retryable=true
[1787254882572] MA: session ended kind=TRANSPORT_CLOSED retryable=true
[1787254884090] MA: session ended kind=TRANSPORT_CLOSED retryable=true
[1787254885613] MA: session ended kind=TRANSPORT_CLOSED retryable=true
[1787254887159] MA: session ended kind=TRANSPORT_CLOSED retryable=true
[1787254888697] MA: session ended kind=TRANSPORT_CLOSED retryable=true
[1787254890221] MA: session ended kind=TRANSPORT_CLOSED retryable=true
[1787254891745] MA: session ended kind=TRANSPORT_CLOSED retryable=true
[1787254893285] MA: session ended kind=TRANSPORT_CLOSED retryable=true
[1787254894819] MA: session ended kind=TRANSPORT_CLOSED retryable=true
[1787254896355] MA: session ended kind=TRANSPORT_CLOSED retryable=true
[1787254896910] MA: session ended kind=TRANSPORT_CLOSED retryable=true
[1787254898450] MA: session ended kind=TRANSPORT_CLOSED retryable=true
[1787254899971] MA: session ended kind=TRANSPORT_CLOSED retryable=true
[1787254901498] MA: session ended kind=TRANSPORT_CLOSED retryable=true
[1787254903021] MA: session ended kind=TRANSPORT_CLOSED retryable=true
[1787254904550] MA: session ended kind=TRANSPORT_CLOSED retryable=true
[1787254906090] MA: session ended kind=TRANSPORT_CLOSED retryable=true
[1787254907620] MA: session ended kind=TRANSPORT_CLOSED retryable=true
[1787254909141] MA: session ended kind=TRANSPORT_CLOSED retryable=true
[1787254910657] MA: session ended kind=TRANSPORT_CLOSED retryable=true
[1787254910866] MA: session ended kind=TRANSPORT_CLOSED retryable=true
[1787254912388] MA: session ended kind=TRANSPORT_CLOSED retryable=true
[1787254913919] MA: session ended kind=TRANSPORT_CLOSED retryable=true
[1787254915449] MA: session ended kind=TRANSPORT_CLOSED retryable=true
[1787254916982] MA: session ended kind=TRANSPORT_CLOSED retryable=true
[1787254918516] MA: session ended kind=TRANSPORT_CLOSED retryable=true
[1787254920053] MA: session ended kind=TRANSPORT_CLOSED retryable=true
[1787254921574] MA: session ended kind=TRANSPORT_CLOSED retryable=true
[1787254923103] MA: session ended kind=TRANSPORT_CLOSED retryable=true
[1787254924636] MA: session ended kind=TRANSPORT_CLOSED retryable=true
[1787254926166] MA: session ended kind=TRANSPORT_CLOSED retryable=true
[1787254927691] MA: session ended kind=TRANSPORT_CLOSED retryable=true
[1787254929212] MA: session ended kind=TRANSPORT_CLOSED retryable=true
[1787254930752] MA: session ended kind=TRANSPORT_CLOSED retryable=true
[1787254932285] MA: session ended kind=TRANSPORT_CLOSED retryable=true
[1787254933816] MA: session ended kind=TRANSPORT_CLOSED retryable=true
[1787254934440] MA: session ended kind=TRANSPORT_CLOSED retryable=true
[1787254935966] MA: session ended kind=TRANSPORT_CLOSED retryable=true
[1787254937489] MA: session ended kind=TRANSPORT_CLOSED retryable=true
[1787254939005] MA: session ended kind=TRANSPORT_CLOSED retryable=true
[1787254940522] MA: session ended kind=TRANSPORT_CLOSED retryable=true
[1787254942048] MA: session ended kind=TRANSPORT_CLOSED retryable=true
[1787254943582] MA: session ended kind=TRANSPORT_CLOSED retryable=true
[1787254945114] MA: session ended kind=TRANSPORT_CLOSED retryable=true
[1787254946644] MA: session ended kind=TRANSPORT_CLOSED retryable=true
[1787254948170] MA: session ended kind=TRANSPORT_CLOSED retryable=true
[1787254949688] MA: session ended kind=TRANSPORT_CLOSED retryable=true
[1787254951217] MA: session ended kind=TRANSPORT_CLOSED retryable=true
[1787254952740] MA: session ended kind=TRANSPORT_CLOSED retryable=true
[1787254954266] MA: session ended kind=TRANSPORT_CLOSED retryable=true
[1787254955798] MA: session ended kind=TRANSPORT_CLOSED retryable=true
[1787254957339] MA: session ended kind=TRANSPORT_CLOSED retryable=true
[1787254958863] MA: session ended kind=TRANSPORT_CLOSED retryable=true
[1787254960390] MA: session ended kind=TRANSPORT_CLOSED retryable=true
[1787254961909] MA: session ended kind=TRANSPORT_CLOSED retryable=true
[1787254963441] MA: session ended kind=TRANSPORT_CLOSED retryable=true
[1787254964967] MA: session ended kind=TRANSPORT_CLOSED retryable=true
[1787254966491] MA: session ended kind=TRANSPORT_CLOSED retryable=true
[1787254968018] MA: session ended kind=TRANSPORT_CLOSED retryable=true
[1787254969544] MA: session ended kind=TRANSPORT_CLOSED retryable=true
[1787254970889] MA: session ended kind=TRANSPORT_CLOSED retryable=true
[1787254972407] MA: session ended kind=TRANSPORT_CLOSED retryable=true
[1787254973933] MA: session ended kind=TRANSPORT_CLOSED retryable=true
[1787254975455] MA: session ended kind=TRANSPORT_CLOSED retryable=true
[1787254976972] MA: session ended kind=TRANSPORT_CLOSED retryable=true
[1787254978500] MA: session ended kind=TRANSPORT_CLOSED retryable=true
[1787254980035] MA: session ended kind=TRANSPORT_CLOSED retryable=true
[1787254981565] MA: session ended kind=TRANSPORT_CLOSED retryable=true
[1787254983093] MA: session ended kind=TRANSPORT_CLOSED retryable=true
[1787254984609] MA: session ended kind=TRANSPORT_CLOSED retryable=true
[1787254986124] MA: session ended kind=TRANSPORT_CLOSED retryable=true
[1787254987649] MA: session ended kind=TRANSPORT_CLOSED retryable=true
[1787254989184] MA: session ended kind=TRANSPORT_CLOSED retryable=true
[1787254990724] MA: session ended kind=TRANSPORT_CLOSED retryable=true
[1787254992247] MA: session ended kind=TRANSPORT_CLOSED retryable=true
[1787254993790] MA: session ended kind=TRANSPORT_CLOSED retryable=true
[1787254995308] MA: session ended kind=TRANSPORT_CLOSED retryable=true
[1787254996832] MA: session ended kind=TRANSPORT_CLOSED retryable=true
[1787254998367] MA: session ended kind=TRANSPORT_CLOSED retryable=true
[1787254999902] MA: session ended kind=TRANSPORT_CLOSED retryable=true
[1787255001434] MA: session ended kind=TRANSPORT_CLOSED retryable=true
[1787255002960] MA: session ended kind=TRANSPORT_CLOSED retryable=true
[1787255004502] MA: session ended kind=TRANSPORT_CLOSED retryable=true
[1787255006027] MA: session ended kind=TRANSPORT_CLOSED retryable=true
[1787255007565] MA: session ended kind=TRANSPORT_CLOSED retryable=true
[1787255008871] MA: session ended kind=TRANSPORT_CLOSED retryable=true
[1787255010389] MA: session ended kind=TRANSPORT_CLOSED retryable=true
[1787255011927] MA: session ended kind=TRANSPORT_CLOSED retryable=true
[1787255013448] MA: session ended kind=TRANSPORT_CLOSED retryable=true
[1787255014983] MA: session ended kind=TRANSPORT_CLOSED retryable=true
[1787255016508] MA: session ended kind=TRANSPORT_CLOSED retryable=true
[1787255018021] MA: session ended kind=TRANSPORT_CLOSED retryable=true
[1787255019549] MA: session ended kind=TRANSPORT_CLOSED retryable=true
[1787255021084] MA: session ended kind=TRANSPORT_CLOSED retryable=true
[1787255022611] MA: session ended kind=TRANSPORT_CLOSED retryable=true
[1787255024136] MA: session ended kind=TRANSPORT_CLOSED retryable=true
[1787255025658] MA: session ended kind=TRANSPORT_CLOSED retryable=true
[1787255027171] MA: session ended kind=TRANSPORT_CLOSED retryable=true
[1787255028688] MA: session ended kind=TRANSPORT_CLOSED retryable=true
[1787255030217] MA: session ended kind=TRANSPORT_CLOSED retryable=true
[1787255031755] MA: session ended kind=TRANSPORT_CLOSED retryable=true
[1787255033282] MA: session ended kind=TRANSPORT_CLOSED retryable=true
[1787255034817] MA: session ended kind=TRANSPORT_CLOSED retryable=true
[1787255036343] MA: session ended kind=TRANSPORT_CLOSED retryable=true
[1787255037860] MA: session ended kind=TRANSPORT_CLOSED retryable=true
[1787255039389] MA: session ended kind=TRANSPORT_CLOSED retryable=true
[1787255040913] MA: session ended kind=TRANSPORT_CLOSED retryable=true
[1787255042454] MA: session ended kind=TRANSPORT_CLOSED retryable=true
[1787255043972] MA: session ended kind=TRANSPORT_CLOSED retryable=true
[1787255045489] MA: session ended kind=TRANSPORT_CLOSED retryable=true
[1787255046907] MA: session ended kind=TRANSPORT_CLOSED retryable=true
[1787255048434] MA: session ended kind=TRANSPORT_CLOSED retryable=true
[1787255049971] MA: session ended kind=TRANSPORT_CLOSED retryable=true
[1787255051497] MA: session ended kind=TRANSPORT_CLOSED retryable=true
[1787255053030] MA: session ended kind=TRANSPORT_CLOSED retryable=true
[1787255054565] MA: session ended kind=TRANSPORT_CLOSED retryable=true
[1787255056094] MA: session ended kind=TRANSPORT_CLOSED retryable=true
[1787255057615] MA: session ended kind=TRANSPORT_CLOSED retryable=true
[1787255059150] MA: session ended kind=TRANSPORT_CLOSED retryable=true
[1787255060686] MA: session ended kind=TRANSPORT_CLOSED retryable=true
[1787255062222] MA: session ended kind=TRANSPORT_CLOSED retryable=true
[1787255063751] MA: session ended kind=TRANSPORT_CLOSED retryable=true
[1787255065278] MA: session ended kind=TRANSPORT_CLOSED retryable=true
[1787255066820] MA: session ended kind=TRANSPORT_CLOSED retryable=true
[1787255068352] MA: session ended kind=TRANSPORT_CLOSED retryable=true
[1787255069884] MA: session ended kind=TRANSPORT_CLOSED retryable=true
[1787255071404] MA: session ended kind=TRANSPORT_CLOSED retryable=true
[1787255072934] MA: session ended kind=TRANSPORT_CLOSED retryable=true
[1787255074469] MA: session ended kind=TRANSPORT_CLOSED retryable=true
[1787255076001] MA: session ended kind=TRANSPORT_CLOSED retryable=true
[1787255077522] MA: session ended kind=TRANSPORT_CLOSED retryable=true
[1787255079042] MA: session ended kind=TRANSPORT_CLOSED retryable=true
[1787255080553] MA: session ended kind=TRANSPORT_CLOSED retryable=true
[1787255082082] MA: session ended kind=TRANSPORT_CLOSED retryable=true
[1787255083608] MA: session ended kind=TRANSPORT_CLOSED retryable=true
[1787255085131] MA: session ended kind=TRANSPORT_CLOSED retryable=true
[1787255086658] MA: session ended kind=TRANSPORT_CLOSED retryable=true
[1787255088175] MA: session ended kind=TRANSPORT_CLOSED retryable=true
[1787255089690] MA: session ended kind=TRANSPORT_CLOSED retryable=true
[1787255091212] MA: session ended kind=TRANSPORT_CLOSED retryable=true
[1787255092748] MA: session ended kind=TRANSPORT_CLOSED retryable=true
[1787255094279] MA: session ended kind=TRANSPORT_CLOSED retryable=true
[1787255095813] MA: session ended kind=TRANSPORT_CLOSED retryable=true
[1787255097348] MA: session ended kind=TRANSPORT_CLOSED retryable=true
[1787255098883] MA: session ended kind=TRANSPORT_CLOSED retryable=true
[1787255100417] MA: session ended kind=TRANSPORT_CLOSED retryable=true
[1787255101949] MA: session ended kind=TRANSPORT_CLOSED retryable=true
[1787255103482] MA: session ended kind=TRANSPORT_CLOSED retryable=true
[1787255105012] MA: session ended kind=TRANSPORT_CLOSED retryable=true
[1787255106534] MA: session ended kind=TRANSPORT_CLOSED retryable=true
[1787255108061] MA: session ended kind=TRANSPORT_CLOSED retryable=true
[1787255109581] MA: session ended kind=TRANSPORT_CLOSED retryable=true
[1787255111118] MA: session ended kind=TRANSPORT_CLOSED retryable=true
[1787255112638] MA: session ended kind=TRANSPORT_CLOSED retryable=true
[1787255114166] MA: session ended kind=TRANSPORT_CLOSED retryable=true
[1787255115690] MA: session ended kind=TRANSPORT_CLOSED retryable=true
[1787255117202] MA: session ended kind=TRANSPORT_CLOSED retryable=true
[1787255118735] MA: session ended kind=TRANSPORT_CLOSED retryable=true
[1787255120257] MA: session ended kind=TRANSPORT_CLOSED retryable=true
[1787255121784] MA: session ended kind=TRANSPORT_CLOSED retryable=true
[1787255123321] MA: session ended kind=TRANSPORT_CLOSED retryable=true
[1787255124842] MA: session ended kind=TRANSPORT_CLOSED retryable=true
[1787255126363] MA: session ended kind=TRANSPORT_CLOSED retryable=true
[1787255127891] MA: session ended kind=TRANSPORT_CLOSED retryable=true
[1787255129412] MA: session ended kind=TRANSPORT_CLOSED retryable=true
[1787255130949] MA: session ended kind=TRANSPORT_CLOSED retryable=true
[1787255132512] MA: session ended kind=TRANSPORT_CLOSED retryable=true
[1787255134050] MA: session ended kind=TRANSPORT_CLOSED retryable=true
[1787255135576] MA: session ended kind=TRANSPORT_CLOSED retryable=true
[1787255137085] MA: session ended kind=TRANSPORT_CLOSED retryable=true
[1787255138613] MA: session ended kind=TRANSPORT_CLOSED retryable=true
[1787255140148] MA: session ended kind=TRANSPORT_CLOSED retryable=true
[1787255141683] MA: session ended kind=TRANSPORT_CLOSED retryable=true
[1787255143217] MA: session ended kind=TRANSPORT_CLOSED retryable=true
[1787255144739] MA: session ended kind=TRANSPORT_CLOSED retryable=true
[1787255146265] MA: session ended kind=TRANSPORT_CLOSED retryable=true
[1787255147804] MA: session ended kind=TRANSPORT_CLOSED retryable=true
[1787255149331] MA: session ended kind=TRANSPORT_CLOSED retryable=true
[1787255150863] MA: session ended kind=TRANSPORT_CLOSED retryable=true
[1787255152391] MA: session ended kind=TRANSPORT_CLOSED retryable=true
[1787255153918] MA: session ended kind=TRANSPORT_CLOSED retryable=true
[1787255155453] MA: session ended kind=TRANSPORT_CLOSED retryable=true
[1787255156983] MA: session ended kind=TRANSPORT_CLOSED retryable=true
[1787255158516] MA: session ended kind=TRANSPORT_CLOSED retryable=true
[1787255160053] MA: session ended kind=TRANSPORT_CLOSED retryable=true
[1787255161586] MA: session ended kind=TRANSPORT_CLOSED retryable=true
[1787255163112] MA: session ended kind=TRANSPORT_CLOSED retryable=true
[1787255164636] MA: session ended kind=TRANSPORT_CLOSED retryable=true
[1787255166163] MA: session ended kind=TRANSPORT_CLOSED retryable=true
[1787255167698] MA: session ended kind=TRANSPORT_CLOSED retryable=true
[1787255169229] MA: session ended kind=TRANSPORT_CLOSED retryable=true
[1787255170755] MA: session ended kind=TRANSPORT_CLOSED retryable=true
[1787255172280] MA: session ended kind=TRANSPORT_CLOSED retryable=true
[1787255173811] MA: session ended kind=TRANSPORT_CLOSED retryable=true
[1787255175331] MA: session ended kind=TRANSPORT_CLOSED retryable=true
[1787255176867] MA: session ended kind=TRANSPORT_CLOSED retryable=true
[1787255178387] MA: session ended kind=TRANSPORT_CLOSED retryable=true
[1787255179915] MA: session ended kind=TRANSPORT_CLOSED retryable=true
[1787255181452] MA: session ended kind=TRANSPORT_CLOSED retryable=true
[1787255182978] MA: session ended kind=TRANSPORT_CLOSED retryable=true
[1787255184508] MA: session ended kind=TRANSPORT_CLOSED retryable=true
[1787255186023] MA: session ended kind=TRANSPORT_CLOSED retryable=true
[1787255187540] MA: session ended kind=TRANSPORT_CLOSED retryable=true
[1787255189067] MA: session ended kind=TRANSPORT_CLOSED retryable=true
[1787255190595] MA: session ended kind=TRANSPORT_CLOSED retryable=true
[1787255192129] MA: session ended kind=TRANSPORT_CLOSED retryable=true
[1787255193672] MA: session ended kind=TRANSPORT_CLOSED retryable=true
[1787255195190] MA: session ended kind=TRANSPORT_CLOSED retryable=true
[1787255196710] MA: session ended kind=TRANSPORT_CLOSED retryable=true
[1787255198235] MA: session ended kind=TRANSPORT_CLOSED retryable=true
[1787255199771] MA: session ended kind=TRANSPORT_CLOSED retryable=true
[1787255201308] MA: session ended kind=TRANSPORT_CLOSED retryable=true
[1787255202829] MA: session ended kind=TRANSPORT_CLOSED retryable=true
[1787255204371] MA: session ended kind=TRANSPORT_CLOSED retryable=true
[1787255205898] MA: session ended kind=TRANSPORT_CLOSED retryable=true
[1787255207427] MA: session ended kind=TRANSPORT_CLOSED retryable=true
[1787255208969] MA: session ended kind=TRANSPORT_CLOSED retryable=true
[1787255210489] MA: session ended kind=TRANSPORT_CLOSED retryable=true
[1787255212017] MA: session ended kind=TRANSPORT_CLOSED retryable=true
[1787255213553] MA: session ended kind=TRANSPORT_CLOSED retryable=true
[1787255215084] MA: session ended kind=TRANSPORT_CLOSED retryable=true
[1787255216617] MA: session ended kind=TRANSPORT_CLOSED retryable=true
[1787255218146] MA: session ended kind=TRANSPORT_CLOSED retryable=true
[1787255219684] MA: session ended kind=TRANSPORT_CLOSED retryable=true
[1787255221217] MA: session ended kind=TRANSPORT_CLOSED retryable=true
[1787255222756] MA: session ended kind=TRANSPORT_CLOSED retryable=true
[1787255224288] MA: session ended kind=TRANSPORT_CLOSED retryable=true
[1787255225814] MA: session ended kind=TRANSPORT_CLOSED retryable=true
[1787255227350] MA: session ended kind=TRANSPORT_CLOSED retryable=true
[1787255228898] MA: session ended kind=TRANSPORT_CLOSED retryable=true
[1787255230431] MA: session ended kind=TRANSPORT_CLOSED retryable=true
[1787255231954] MA: session ended kind=TRANSPORT_CLOSED retryable=true
[1787255233472] MA: session ended kind=TRANSPORT_CLOSED retryable=true
[1787255234999] MA: session ended kind=TRANSPORT_CLOSED retryable=true
[1787255236533] MA: session ended kind=TRANSPORT_CLOSED retryable=true
[1787255238067] MA: session ended kind=TRANSPORT_CLOSED retryable=true
[1787255239600] MA: session ended kind=TRANSPORT_CLOSED retryable=true
[1787255241131] MA: session ended kind=TRANSPORT_CLOSED retryable=true
[1787255242655] MA: session ended kind=TRANSPORT_CLOSED retryable=true
[1787255244185] MA: session ended kind=TRANSPORT_CLOSED retryable=true
[1787255245720] MA: session ended kind=TRANSPORT_CLOSED retryable=true
[1787255247258] MA: session ended kind=TRANSPORT_CLOSED retryable=true
[1787255248785] MA: session ended kind=TRANSPORT_CLOSED retryable=true
[1787255250303] MA: session ended kind=TRANSPORT_CLOSED retryable=true
[1787255251820] MA: session ended kind=TRANSPORT_CLOSED retryable=true
[1787255253354] MA: session ended kind=TRANSPORT_CLOSED retryable=true
[1787255254896] MA: session ended kind=TRANSPORT_CLOSED retryable=true
[1787255256418] MA: session ended kind=TRANSPORT_CLOSED retryable=true
[1787255257953] MA: session ended kind=TRANSPORT_CLOSED retryable=true
[1787255259487] MA: session ended kind=TRANSPORT_CLOSED retryable=true
[1787255261002] MA: session ended kind=TRANSPORT_CLOSED retryable=true
[1787255262519] MA: session ended kind=TRANSPORT_CLOSED retryable=true
[1787255264048] MA: session ended kind=TRANSPORT_CLOSED retryable=true
[1787255265583] MA: session ended kind=TRANSPORT_CLOSED retryable=true
[1787255267102] MA: session ended kind=TRANSPORT_CLOSED retryable=true
[1787255268627] MA: session ended kind=TRANSPORT_CLOSED retryable=true
[1787255270140] MA: session ended kind=TRANSPORT_CLOSED retryable=true
[1787255271656] MA: session ended kind=TRANSPORT_CLOSED retryable=true
[1787255273179] MA: session ended kind=TRANSPORT_CLOSED retryable=true
[1787255274718] MA: session ended kind=TRANSPORT_CLOSED retryable=true
[1787255276250] MA: session ended kind=TRANSPORT_CLOSED retryable=true
[1787255277781] MA: session ended kind=TRANSPORT_CLOSED retryable=true
[1787255279337] MA: session ended kind=TRANSPORT_CLOSED retryable=true
[1787255280861] MA: session ended kind=TRANSPORT_CLOSED retryable=true
[1787255282385] MA: session ended kind=TRANSPORT_CLOSED retryable=true
[1787255283918] MA: session ended kind=TRANSPORT_CLOSED retryable=true
[1787255285451] MA: session ended kind=TRANSPORT_CLOSED retryable=true
[1787255286979] MA: session ended kind=TRANSPORT_CLOSED retryable=true
[1787255288505] MA: session ended kind=TRANSPORT_CLOSED retryable=true
[1787255290027] MA: session ended kind=TRANSPORT_CLOSED retryable=true
[1787255291544] MA: session ended kind=TRANSPORT_CLOSED retryable=true
[1787255293082] MA: session ended kind=TRANSPORT_CLOSED retryable=true
[1787255294613] MA: session ended kind=TRANSPORT_CLOSED retryable=true
[1787255296148] MA: session ended kind=TRANSPORT_CLOSED retryable=true
[1787255297670] MA: session ended kind=TRANSPORT_CLOSED retryable=true
[1787255299200] MA: session ended kind=TRANSPORT_CLOSED retryable=true
[1787255300722] MA: session ended kind=TRANSPORT_CLOSED retryable=true
[1787255302251] MA: session ended kind=TRANSPORT_CLOSED retryable=true
[1787255303779] MA: session ended kind=TRANSPORT_CLOSED retryable=true
[1787255305312] MA: session ended kind=TRANSPORT_CLOSED retryable=true
[1787255306824] MA: session ended kind=TRANSPORT_CLOSED retryable=true
[1787255308341] MA: session ended kind=TRANSPORT_CLOSED retryable=true
[1787255309864] MA: session ended kind=TRANSPORT_CLOSED retryable=true
[1787255311399] MA: session ended kind=TRANSPORT_CLOSED retryable=true
[1787255312935] MA: session ended kind=TRANSPORT_CLOSED retryable=true
[1787255314467] MA: session ended kind=TRANSPORT_CLOSED retryable=true
[1787255315991] MA: session ended kind=TRANSPORT_CLOSED retryable=true
[1787255317511] MA: session ended kind=TRANSPORT_CLOSED retryable=true
[1787255319031] MA: session ended kind=TRANSPORT_CLOSED retryable=true
[1787255320556] MA: session ended kind=TRANSPORT_CLOSED retryable=true
[1787255322081] MA: session ended kind=TRANSPORT_CLOSED retryable=true
[1787255323619] MA: session ended kind=TRANSPORT_CLOSED retryable=true
[1787255325140] MA: session ended kind=TRANSPORT_CLOSED retryable=true
[1787255326659] MA: session ended kind=TRANSPORT_CLOSED retryable=true
[1787255328170] MA: session ended kind=TRANSPORT_CLOSED retryable=true
[1787255329697] MA: session ended kind=TRANSPORT_CLOSED retryable=true
[1787255331236] MA: session ended kind=TRANSPORT_CLOSED retryable=true
[1787255332768] MA: session ended kind=TRANSPORT_CLOSED retryable=true
[1787255334288] MA: session ended kind=TRANSPORT_CLOSED retryable=true
[1787255335813] MA: session ended kind=TRANSPORT_CLOSED retryable=true
[1787255337347] MA: session ended kind=TRANSPORT_CLOSED retryable=true
[1787255338883] MA: session ended kind=TRANSPORT_CLOSED retryable=true
[1787255340418] MA: session ended kind=TRANSPORT_CLOSED retryable=true
[1787255341940] MA: session ended kind=TRANSPORT_CLOSED retryable=true
[1787255343456] MA: session ended kind=TRANSPORT_CLOSED retryable=true
[1787255344981] MA: session ended kind=TRANSPORT_CLOSED retryable=true
[1787255346519] MA: session ended kind=TRANSPORT_CLOSED retryable=true
[1787255348048] MA: session ended kind=TRANSPORT_CLOSED retryable=true
[1787255349576] MA: session ended kind=TRANSPORT_CLOSED retryable=true
[1787255351088] MA: session ended kind=TRANSPORT_CLOSED retryable=true
[1787255352605] MA: session ended kind=TRANSPORT_CLOSED retryable=true
[1787255354132] MA: session ended kind=TRANSPORT_CLOSED retryable=true
[1787255355671] MA: session ended kind=TRANSPORT_CLOSED retryable=true
[1787255357196] MA: session ended kind=TRANSPORT_CLOSED retryable=true
[1787255358734] MA: session ended kind=TRANSPORT_CLOSED retryable=true
[1787255360256] MA: session ended kind=TRANSPORT_CLOSED retryable=true
[1787255361782] MA: session ended kind=TRANSPORT_CLOSED retryable=true
[1787255363314] MA: session ended kind=TRANSPORT_CLOSED retryable=true
[1787255364858] MA: session ended kind=TRANSPORT_CLOSED retryable=true
[1787255366379] MA: session ended kind=TRANSPORT_CLOSED retryable=true
[1787255367904] MA: session ended kind=TRANSPORT_CLOSED retryable=true
[1787255369427] MA: session ended kind=TRANSPORT_CLOSED retryable=true
[1787255370951] MA: session ended kind=TRANSPORT_CLOSED retryable=true
[1787255372474] MA: session ended kind=TRANSPORT_CLOSED retryable=true
[1787255373997] MA: session ended kind=TRANSPORT_CLOSED retryable=true
[1787255375522] MA: session ended kind=TRANSPORT_CLOSED retryable=true
[1787255377037] MA: session ended kind=TRANSPORT_CLOSED retryable=true
[1787255378565] MA: session ended kind=TRANSPORT_CLOSED retryable=true
[1787255380095] MA: session ended kind=TRANSPORT_CLOSED retryable=true
[1787255381639] MA: session ended kind=TRANSPORT_CLOSED retryable=true
[1787255383161] MA: session ended kind=TRANSPORT_CLOSED retryable=true
[1787255384699] MA: session ended kind=TRANSPORT_CLOSED retryable=true
[1787255386226] MA: session ended kind=TRANSPORT_CLOSED retryable=true
[1787255387750] MA: session ended kind=TRANSPORT_CLOSED retryable=true
[1787255389281] MA: session ended kind=TRANSPORT_CLOSED retryable=true
[1787255390815] MA: session ended kind=TRANSPORT_CLOSED retryable=true
[1787255392350] MA: session ended kind=TRANSPORT_CLOSED retryable=true
[1787255393873] MA: session ended kind=TRANSPORT_CLOSED retryable=true
[1787255395390] MA: session ended kind=TRANSPORT_CLOSED retryable=true
[1787255396920] MA: session ended kind=TRANSPORT_CLOSED retryable=true
[1787255398450] MA: session ended kind=TRANSPORT_CLOSED retryable=true
[1787255399977] MA: session ended kind=TRANSPORT_CLOSED retryable=true
[1787255401501] MA: session ended kind=TRANSPORT_CLOSED retryable=true
[1787255403032] MA: session ended kind=TRANSPORT_CLOSED retryable=true
[1787255404566] MA: session ended kind=TRANSPORT_CLOSED retryable=true
[1787255406101] MA: session ended kind=TRANSPORT_CLOSED retryable=true
[1787255407631] MA: session ended kind=TRANSPORT_CLOSED retryable=true
[1787255409174] MA: session ended kind=TRANSPORT_CLOSED retryable=true
[1787255410702] MA: session ended kind=TRANSPORT_CLOSED retryable=true
[1787255412225] MA: session ended kind=TRANSPORT_CLOSED retryable=true
[1787255413749] MA: session ended kind=TRANSPORT_CLOSED retryable=true
[1787255415281] MA: session ended kind=TRANSPORT_CLOSED retryable=true
[1787255416806] MA: session ended kind=TRANSPORT_CLOSED retryable=true
[1787255418331] MA: session ended kind=TRANSPORT_CLOSED retryable=true
[1787255419855] MA: session ended kind=TRANSPORT_CLOSED retryable=true
[1787255421371] MA: session ended kind=TRANSPORT_CLOSED retryable=true
[1787255422902] MA: session ended kind=TRANSPORT_CLOSED retryable=true
[1787255424420] MA: session ended kind=TRANSPORT_CLOSED retryable=true
[1787255425943] MA: session ended kind=TRANSPORT_CLOSED retryable=true
[1787255427465] MA: session ended kind=TRANSPORT_CLOSED retryable=true
[1787255428991] MA: session ended kind=TRANSPORT_CLOSED retryable=true
[1787255430505] MA: session ended kind=TRANSPORT_CLOSED retryable=true
[1787255432034] MA: session ended kind=TRANSPORT_CLOSED retryable=true
[1787255433563] MA: session ended kind=TRANSPORT_CLOSED retryable=true
[1787255435096] MA: session ended kind=TRANSPORT_CLOSED retryable=true
[1787255436629] MA: session ended kind=TRANSPORT_CLOSED retryable=true
[1787255438166] MA: session ended kind=TRANSPORT_CLOSED retryable=true
[1787255439691] MA: session ended kind=TRANSPORT_CLOSED retryable=true
[1787255441208] MA: session ended kind=TRANSPORT_CLOSED retryable=true
[1787255442723] MA: session ended kind=TRANSPORT_CLOSED retryable=true
[1787255444247] MA: session ended kind=TRANSPORT_CLOSED retryable=true
[1787255445784] MA: session ended kind=TRANSPORT_CLOSED retryable=true
[1787255447319] MA: session ended kind=TRANSPORT_CLOSED retryable=true
[1787255448844] MA: session ended kind=TRANSPORT_CLOSED retryable=true
[1787255450374] MA: session ended kind=TRANSPORT_CLOSED retryable=true
[1787255451897] MA: session ended kind=TRANSPORT_CLOSED retryable=true
[1787255453432] MA: session ended kind=TRANSPORT_CLOSED retryable=true
[1787255454964] MA: session ended kind=TRANSPORT_CLOSED retryable=true
[1787255456502] MA: session ended kind=TRANSPORT_CLOSED retryable=true
[1787255458024] MA: session ended kind=TRANSPORT_CLOSED retryable=true
[1787255459538] MA: session ended kind=TRANSPORT_CLOSED retryable=true
[1787255461068] MA: session ended kind=TRANSPORT_CLOSED retryable=true
[1787255462594] MA: session ended kind=TRANSPORT_CLOSED retryable=true
[1787255464123] MA: session ended kind=TRANSPORT_CLOSED retryable=true
[1787255465640] MA: session ended kind=TRANSPORT_CLOSED retryable=true
[1787255467161] MA: session ended kind=TRANSPORT_CLOSED retryable=true
[1787255468692] MA: session ended kind=TRANSPORT_CLOSED retryable=true
[1787255470217] MA: session ended kind=TRANSPORT_CLOSED retryable=true
[1787255471750] MA: session ended kind=TRANSPORT_CLOSED retryable=true
[1787255473285] MA: session ended kind=TRANSPORT_CLOSED retryable=true
[1787255474817] MA: session ended kind=TRANSPORT_CLOSED retryable=true
[1787255476346] MA: session ended kind=TRANSPORT_CLOSED retryable=true
[1787255477882] MA: session ended kind=TRANSPORT_CLOSED retryable=true
[1787255479416] MA: session ended kind=TRANSPORT_CLOSED retryable=true
[1787255480949] MA: session ended kind=TRANSPORT_CLOSED retryable=true
[1787255482494] MA: session ended kind=TRANSPORT_CLOSED retryable=true
[1787255484031] MA: session ended kind=TRANSPORT_CLOSED retryable=true
[1787255485568] MA: session ended kind=TRANSPORT_CLOSED retryable=true
[1787255487105] MA: session ended kind=TRANSPORT_CLOSED retryable=true
[1787255488638] MA: session ended kind=TRANSPORT_CLOSED retryable=true
[1787255490159] MA: session ended kind=TRANSPORT_CLOSED retryable=true
[1787255491672] MA: session ended kind=TRANSPORT_CLOSED retryable=true
[1787255493199] MA: session ended kind=TRANSPORT_CLOSED retryable=true
[1787255494737] MA: session ended kind=TRANSPORT_CLOSED retryable=true
[1787255496265] MA: session ended kind=TRANSPORT_CLOSED retryable=true
[1787255497807] MA: session ended kind=TRANSPORT_CLOSED retryable=true
[1787255499323] MA: session ended kind=TRANSPORT_CLOSED retryable=true
[1787255500839] MA: session ended kind=TRANSPORT_CLOSED retryable=true
[1787255502371] MA: session ended kind=TRANSPORT_CLOSED retryable=true
[1787255503909] MA: session ended kind=TRANSPORT_CLOSED retryable=true
[1787255505426] MA: session ended kind=TRANSPORT_CLOSED retryable=true
[1787255506958] MA: session ended kind=TRANSPORT_CLOSED retryable=true
[1787255508488] MA: session ended kind=TRANSPORT_CLOSED retryable=true
[1787255510019] MA: session ended kind=TRANSPORT_CLOSED retryable=true
[1787255511548] MA: session ended kind=TRANSPORT_CLOSED retryable=true
[1787255513080] MA: session ended kind=TRANSPORT_CLOSED retryable=true
[1787255514624] MA: session ended kind=TRANSPORT_CLOSED retryable=true
[1787255516153] MA: session ended kind=TRANSPORT_CLOSED retryable=true
[1787255517674] MA: session ended kind=TRANSPORT_CLOSED retryable=true
[1787255519197] MA: session ended kind=TRANSPORT_CLOSED retryable=true
[1787255520731] MA: session ended kind=TRANSPORT_CLOSED retryable=true
[1787255522262] MA: session ended kind=TRANSPORT_CLOSED retryable=true
[1787255523786] MA: session ended kind=TRANSPORT_CLOSED retryable=true
[1787255525312] MA: session ended kind=TRANSPORT_CLOSED retryable=true
[1787255526849] MA: session ended kind=TRANSPORT_CLOSED retryable=true
[1787255528378] MA: session ended kind=TRANSPORT_CLOSED retryable=true
[1787255529916] MA: session ended kind=TRANSPORT_CLOSED retryable=true
[1787255531446] MA: session ended kind=TRANSPORT_CLOSED retryable=true
[1787255532976] MA: session ended kind=TRANSPORT_CLOSED retryable=true
[1787255534492] MA: session ended kind=TRANSPORT_CLOSED retryable=true
[1787255536015] MA: session ended kind=TRANSPORT_CLOSED retryable=true
[1787255537552] MA: session ended kind=TRANSPORT_CLOSED retryable=true
[1787255539083] MA: session ended kind=TRANSPORT_CLOSED retryable=true
[1787255540622] MA: session ended kind=TRANSPORT_CLOSED retryable=true
[1787255542137] MA: session ended kind=TRANSPORT_CLOSED retryable=true
[1787255543658] MA: session ended kind=TRANSPORT_CLOSED retryable=true
[1787255545181] MA: session ended kind=TRANSPORT_CLOSED retryable=true
[1787255546713] MA: session ended kind=TRANSPORT_CLOSED retryable=true
[1787255548239] MA: session ended kind=TRANSPORT_CLOSED retryable=true
[1787255549772] MA: session ended kind=TRANSPORT_CLOSED retryable=true
[1787255551302] MA: session ended kind=TRANSPORT_CLOSED retryable=true
[1787255552834] MA: session ended kind=TRANSPORT_CLOSED retryable=true
[1787255554363] MA: session ended kind=TRANSPORT_CLOSED retryable=true
[1787255555889] MA: session ended kind=TRANSPORT_CLOSED retryable=true
[1787255557412] MA: session ended kind=TRANSPORT_CLOSED retryable=true
[1787255558950] MA: session ended kind=TRANSPORT_CLOSED retryable=true
[1787255560481] MA: session ended kind=TRANSPORT_CLOSED retryable=true
[1787255562017] MA: session ended kind=TRANSPORT_CLOSED retryable=true
[1787255563546] MA: session ended kind=TRANSPORT_CLOSED retryable=true
[1787255565071] MA: session ended kind=TRANSPORT_CLOSED retryable=true
[1787255566599] MA: session ended kind=TRANSPORT_CLOSED retryable=true
[1787255568144] MA: session ended kind=TRANSPORT_CLOSED retryable=true
[1787255569669] MA: session ended kind=TRANSPORT_CLOSED retryable=true
[1787255571196] MA: session ended kind=TRANSPORT_CLOSED retryable=true
[1787255572730] MA: session ended kind=TRANSPORT_CLOSED retryable=true
[1787255574263] MA: session ended kind=TRANSPORT_CLOSED retryable=true
[1787255575794] MA: session ended kind=TRANSPORT_CLOSED retryable=true
[1787255577310] MA: session ended kind=TRANSPORT_CLOSED retryable=true
[1787255578847] MA: session ended kind=TRANSPORT_CLOSED retryable=true
[1787255580388] MA: session ended kind=TRANSPORT_CLOSED retryable=true
[1787255581919] MA: session ended kind=TRANSPORT_CLOSED retryable=true
[1787255583445] MA: session ended kind=TRANSPORT_CLOSED retryable=true
[1787255584971] MA: session ended kind=TRANSPORT_CLOSED retryable=true
[1787255586495] MA: session ended kind=TRANSPORT_CLOSED retryable=true
[1787255588043] MA: session ended kind=TRANSPORT_CLOSED retryable=true
[1787255589560] MA: session ended kind=TRANSPORT_CLOSED retryable=true
[1787255591082] MA: session ended kind=TRANSPORT_CLOSED retryable=true
[1787255592612] MA: session ended kind=TRANSPORT_CLOSED retryable=true
[1787255594152] MA: session ended kind=TRANSPORT_CLOSED retryable=true
[1787255595676] MA: session ended kind=TRANSPORT_CLOSED retryable=true
[1787255597193] MA: session ended kind=TRANSPORT_CLOSED retryable=true
[1787255598712] MA: session ended kind=TRANSPORT_CLOSED retryable=true
[1787255600239] MA: session ended kind=TRANSPORT_CLOSED retryable=true
[1787255601756] MA: session ended kind=TRANSPORT_CLOSED retryable=true
[1787255603272] MA: session ended kind=TRANSPORT_CLOSED retryable=true
[1787255604798] MA: session ended kind=TRANSPORT_CLOSED retryable=true
[1787255606330] MA: session ended kind=TRANSPORT_CLOSED retryable=true
[1787255607862] MA: session ended kind=TRANSPORT_CLOSED retryable=true
[1787255609385] MA: session ended kind=TRANSPORT_CLOSED retryable=true
[1787255610906] MA: session ended kind=TRANSPORT_CLOSED retryable=true
[1787255612421] MA: session ended kind=TRANSPORT_CLOSED retryable=true
[1787255613944] MA: session ended kind=TRANSPORT_CLOSED retryable=true
[1787255615481] MA: session ended kind=TRANSPORT_CLOSED retryable=true
[1787255617019] MA: session ended kind=TRANSPORT_CLOSED retryable=true
[1787255618548] MA: session ended kind=TRANSPORT_CLOSED retryable=true
[1787255620074] MA: session ended kind=TRANSPORT_CLOSED retryable=true
[1787255621588] MA: session ended kind=TRANSPORT_CLOSED retryable=true
[1787255623107] MA: session ended kind=TRANSPORT_CLOSED retryable=true
[1787255624631] MA: session ended kind=TRANSPORT_CLOSED retryable=true
[1787255626159] MA: session ended kind=TRANSPORT_CLOSED retryable=true
[1787255627682] MA: session ended kind=TRANSPORT_CLOSED retryable=true
[1787255629217] MA: session ended kind=TRANSPORT_CLOSED retryable=true
[1787255630748] MA: session ended kind=TRANSPORT_CLOSED retryable=true
[1787255632274] MA: session ended kind=TRANSPORT_CLOSED retryable=true
[1787255633790] MA: session ended kind=TRANSPORT_CLOSED retryable=true
[1787255635303] MA: session ended kind=TRANSPORT_CLOSED retryable=true
[1787255636832] MA: session ended kind=TRANSPORT_CLOSED retryable=true
[1787255638371] MA: session ended kind=TRANSPORT_CLOSED retryable=true
[1787255639900] MA: session ended kind=TRANSPORT_CLOSED retryable=true
[1787255641430] MA: session ended kind=TRANSPORT_CLOSED retryable=true
[1787255642967] MA: session ended kind=TRANSPORT_CLOSED retryable=true
[1787255644488] MA: session ended kind=TRANSPORT_CLOSED retryable=true
[1787255646012] MA: session ended kind=TRANSPORT_CLOSED retryable=true
[1787255647544] MA: session ended kind=TRANSPORT_CLOSED retryable=true
[1787255649063] MA: session ended kind=TRANSPORT_CLOSED retryable=true
[1787255650598] MA: session ended kind=TRANSPORT_CLOSED retryable=true
[1787255652123] MA: session ended kind=TRANSPORT_CLOSED retryable=true
[1787255653647] MA: session ended kind=TRANSPORT_CLOSED retryable=true
[1787255655186] MA: session ended kind=TRANSPORT_CLOSED retryable=true
[1787255656718] MA: session ended kind=TRANSPORT_CLOSED retryable=true
[1787255658241] MA: session ended kind=TRANSPORT_CLOSED retryable=true
[1787255659756] MA: session ended kind=TRANSPORT_CLOSED retryable=true
[1787255661272] MA: session ended kind=TRANSPORT_CLOSED retryable=true
[1787255662790] MA: session ended kind=TRANSPORT_CLOSED retryable=true
[1787255664316] MA: session ended kind=TRANSPORT_CLOSED retryable=true
[1787255665856] MA: session ended kind=TRANSPORT_CLOSED retryable=true
[1787255667389] MA: session ended kind=TRANSPORT_CLOSED retryable=true
[1787255668915] MA: session ended kind=TRANSPORT_CLOSED retryable=true
[1787255670442] MA: session ended kind=TRANSPORT_CLOSED retryable=true
[1787255671963] MA: session ended kind=TRANSPORT_CLOSED retryable=true
[1787255673494] MA: session ended kind=TRANSPORT_CLOSED retryable=true
[1787255675030] MA: session ended kind=TRANSPORT_CLOSED retryable=true
[1787255676566] MA: session ended kind=TRANSPORT_CLOSED retryable=true
[1787255678100] MA: session ended kind=TRANSPORT_CLOSED retryable=true
[1787255679621] MA: session ended kind=TRANSPORT_CLOSED retryable=true
[1787255681141] MA: session ended kind=TRANSPORT_CLOSED retryable=true
[1787255682660] MA: session ended kind=TRANSPORT_CLOSED retryable=true
[1787255684177] MA: session ended kind=TRANSPORT_CLOSED retryable=true
[1787255685718] MA: session ended kind=TRANSPORT_CLOSED retryable=true
[1787255687240] MA: session ended kind=TRANSPORT_CLOSED retryable=true
[1787255688768] MA: session ended kind=TRANSPORT_CLOSED retryable=true
[1787255690288] MA: session ended kind=TRANSPORT_CLOSED retryable=true
[1787255691804] MA: session ended kind=TRANSPORT_CLOSED retryable=true
[1787255693324] MA: session ended kind=TRANSPORT_CLOSED retryable=true
[1787255694837] MA: session ended kind=TRANSPORT_CLOSED retryable=true
[1787255696365] MA: session ended kind=TRANSPORT_CLOSED retryable=true
[1787255697903] MA: session ended kind=TRANSPORT_CLOSED retryable=true
[1787255699432] MA: session ended kind=TRANSPORT_CLOSED retryable=true
[1787255700962] MA: session ended kind=TRANSPORT_CLOSED retryable=true
[1787255702498] MA: session ended kind=TRANSPORT_CLOSED retryable=true
[1787255704019] MA: session ended kind=TRANSPORT_CLOSED retryable=true
[1787255705536] MA: session ended kind=TRANSPORT_CLOSED retryable=true
[1787255707054] MA: session ended kind=TRANSPORT_CLOSED retryable=true
[1787255708582] MA: session ended kind=TRANSPORT_CLOSED retryable=true
[1787255710118] MA: session ended kind=TRANSPORT_CLOSED retryable=true
[1787255711650] MA: session ended kind=TRANSPORT_CLOSED retryable=true
[1787255713187] MA: session ended kind=TRANSPORT_CLOSED retryable=true
[1787255714715] MA: session ended kind=TRANSPORT_CLOSED retryable=true
[1787255716241] MA: session ended kind=TRANSPORT_CLOSED retryable=true
[1787255717768] MA: session ended kind=TRANSPORT_CLOSED retryable=true
[1787255719299] MA: session ended kind=TRANSPORT_CLOSED retryable=true
[1787255720826] MA: session ended kind=TRANSPORT_CLOSED retryable=true
[1787255722351] MA: session ended kind=TRANSPORT_CLOSED retryable=true
[1787255723872] MA: session ended kind=TRANSPORT_CLOSED retryable=true
[1787255725409] MA: session ended kind=TRANSPORT_CLOSED retryable=true
[1787255726935] MA: session ended kind=TRANSPORT_CLOSED retryable=true
[1787255728455] MA: session ended kind=TRANSPORT_CLOSED retryable=true
[1787255729980] MA: session ended kind=TRANSPORT_CLOSED retryable=true
[1787255731513] MA: session ended kind=TRANSPORT_CLOSED retryable=true
[1787255733050] MA: session ended kind=TRANSPORT_CLOSED retryable=true
[1787255734584] MA: session ended kind=TRANSPORT_CLOSED retryable=true
[1787255736115] MA: session ended kind=TRANSPORT_CLOSED retryable=true
[1787255737641] MA: session ended kind=TRANSPORT_CLOSED retryable=true
[1787255739155] MA: session ended kind=TRANSPORT_CLOSED retryable=true
[1787255740670] MA: session ended kind=TRANSPORT_CLOSED retryable=true
[1787255742196] MA: session ended kind=TRANSPORT_CLOSED retryable=true
[1787255743736] MA: session ended kind=TRANSPORT_CLOSED retryable=true
[1787255745269] MA: session ended kind=TRANSPORT_CLOSED retryable=true
[1787255746821] MA: session ended kind=TRANSPORT_CLOSED retryable=true
[1787255748343] MA: session ended kind=TRANSPORT_CLOSED retryable=true
[1787255749866] MA: session ended kind=TRANSPORT_CLOSED retryable=true
[1787255751402] MA: session ended kind=TRANSPORT_CLOSED retryable=true
[1787255752939] MA: session ended kind=TRANSPORT_CLOSED retryable=true
[1787255754461] MA: session ended kind=TRANSPORT_CLOSED retryable=true
[1787255755990] MA: session ended kind=TRANSPORT_CLOSED retryable=true
[1787255757512] MA: session ended kind=TRANSPORT_CLOSED retryable=true
[1787255759051] MA: session ended kind=TRANSPORT_CLOSED retryable=true
[1787255760581] MA: session ended kind=TRANSPORT_CLOSED retryable=true
[1787255762116] MA: session ended kind=TRANSPORT_CLOSED retryable=true
[1787255763637] MA: session ended kind=TRANSPORT_CLOSED retryable=true
[1787255765161] MA: session ended kind=TRANSPORT_CLOSED retryable=true
[1787255766697] MA: session ended kind=TRANSPORT_CLOSED retryable=true
[1787255768232] MA: session ended kind=TRANSPORT_CLOSED retryable=true
[1787255769763] MA: session ended kind=TRANSPORT_CLOSED retryable=true
[1787255771303] MA: session ended kind=TRANSPORT_CLOSED retryable=true
[1787255772839] MA: session ended kind=TRANSPORT_CLOSED retryable=true
[1787255774357] MA: session ended kind=TRANSPORT_CLOSED retryable=true
[1787255775871] MA: session ended kind=TRANSPORT_CLOSED retryable=true
[1787255777391] MA: session ended kind=TRANSPORT_CLOSED retryable=true
[1787255778917] MA: session ended kind=TRANSPORT_CLOSED retryable=true
[1787255780449] MA: session ended kind=TRANSPORT_CLOSED retryable=true
[1787255781981] MA: session ended kind=TRANSPORT_CLOSED retryable=true
[1787255783504] MA: session ended kind=TRANSPORT_CLOSED retryable=true
[1787255785020] MA: session ended kind=TRANSPORT_CLOSED retryable=true
[1787255786545] MA: session ended kind=TRANSPORT_CLOSED retryable=true
[1787255788072] MA: session ended kind=TRANSPORT_CLOSED retryable=true
[1787255789596] MA: session ended kind=TRANSPORT_CLOSED retryable=true
[1787255791127] MA: session ended kind=TRANSPORT_CLOSED retryable=true
[1787255792667] MA: session ended kind=TRANSPORT_CLOSED retryable=true
[1787255794206] MA: session ended kind=TRANSPORT_CLOSED retryable=true
[1787255795726] MA: session ended kind=TRANSPORT_CLOSED retryable=true
[1787255797237] MA: session ended kind=TRANSPORT_CLOSED retryable=true
[1787255798764] MA: session ended kind=TRANSPORT_CLOSED retryable=true
[1787255800299] MA: session ended kind=TRANSPORT_CLOSED retryable=true
[1787255801836] MA: session ended kind=TRANSPORT_CLOSED retryable=true
[1787255803358] MA: session ended kind=TRANSPORT_CLOSED retryable=true
[1787255804874] MA: session ended kind=TRANSPORT_CLOSED retryable=true
[1787255806394] MA: session ended kind=TRANSPORT_CLOSED retryable=true
[1787255807914] MA: session ended kind=TRANSPORT_CLOSED retryable=true
[1787255809449] MA: session ended kind=TRANSPORT_CLOSED retryable=true
[1787255810984] MA: session ended kind=TRANSPORT_CLOSED retryable=true
[1787255812518] MA: session ended kind=TRANSPORT_CLOSED retryable=true
[1787255814041] MA: session ended kind=TRANSPORT_CLOSED retryable=true
[1787255815557] MA: session ended kind=TRANSPORT_CLOSED retryable=true
[1787255817074] MA: session ended kind=TRANSPORT_CLOSED retryable=true
[1787255818602] MA: session ended kind=TRANSPORT_CLOSED retryable=true
[1787255820131] MA: session ended kind=TRANSPORT_CLOSED retryable=true
[1787255821654] MA: session ended kind=TRANSPORT_CLOSED retryable=true
[1787255823170] MA: session ended kind=TRANSPORT_CLOSED retryable=true
[1787255824696] MA: session ended kind=TRANSPORT_CLOSED retryable=true
[1787255826233] MA: session ended kind=TRANSPORT_CLOSED retryable=true
[1787255827769] MA: session ended kind=TRANSPORT_CLOSED retryable=true
[1787255829302] MA: session ended kind=TRANSPORT_CLOSED retryable=true
[1787255830834] MA: session ended kind=TRANSPORT_CLOSED retryable=true
[1787255832364] MA: session ended kind=TRANSPORT_CLOSED retryable=true
[1787255833896] MA: session ended kind=TRANSPORT_CLOSED retryable=true
[1787255835435] MA: session ended kind=TRANSPORT_CLOSED retryable=true
[1787255836990] MA: session ended kind=TRANSPORT_CLOSED retryable=true
[1787255838509] MA: session ended kind=TRANSPORT_CLOSED retryable=true
[1787255840024] MA: session ended kind=TRANSPORT_CLOSED retryable=true
[1787255841540] MA: session ended kind=TRANSPORT_CLOSED retryable=true
[1787255843063] MA: session ended kind=TRANSPORT_CLOSED retryable=true
[1787255844600] MA: session ended kind=TRANSPORT_CLOSED retryable=true
[1787255846133] MA: session ended kind=TRANSPORT_CLOSED retryable=true
[1787255847658] MA: session ended kind=TRANSPORT_CLOSED retryable=true
[1787255849174] MA: session ended kind=TRANSPORT_CLOSED retryable=true
[1787255850690] MA: session ended kind=TRANSPORT_CLOSED retryable=true
[1787255852217] MA: session ended kind=TRANSPORT_CLOSED retryable=true
[1787255853739] MA: session ended kind=TRANSPORT_CLOSED retryable=true
[1787255855261] MA: session ended kind=TRANSPORT_CLOSED retryable=true
[1787255856797] MA: session ended kind=TRANSPORT_CLOSED retryable=true
[1787255858327] MA: session ended kind=TRANSPORT_CLOSED retryable=true
[1787255859858] MA: session ended kind=TRANSPORT_CLOSED retryable=true
[1787255861372] MA: session ended kind=TRANSPORT_CLOSED retryable=true
[1787255862898] MA: session ended kind=TRANSPORT_CLOSED retryable=true
[1787255864423] MA: session ended kind=TRANSPORT_CLOSED retryable=true
[1787255865951] MA: session ended kind=TRANSPORT_CLOSED retryable=true
[1787255867486] MA: session ended kind=TRANSPORT_CLOSED retryable=true
[1787255869017] MA: session ended kind=TRANSPORT_CLOSED retryable=true
[1787255870538] MA: session ended kind=TRANSPORT_CLOSED retryable=true
[1787255872048] MA: session ended kind=TRANSPORT_CLOSED retryable=true
[1787255873574] MA: session ended kind=TRANSPORT_CLOSED retryable=true
[1787255875091] MA: session ended kind=TRANSPORT_CLOSED retryable=true
[1787255876623] MA: session ended kind=TRANSPORT_CLOSED retryable=true
[1787255878143] MA: session ended kind=TRANSPORT_CLOSED retryable=true
[1787255879663] MA: session ended kind=TRANSPORT_CLOSED retryable=true
[1787255881189] MA: session ended kind=TRANSPORT_CLOSED retryable=true
[1787255882713] MA: session ended kind=TRANSPORT_CLOSED retryable=true
[1787255884251] MA: session ended kind=TRANSPORT_CLOSED retryable=true
[1787255885779] MA: session ended kind=TRANSPORT_CLOSED retryable=true
[1787255887315] MA: session ended kind=TRANSPORT_CLOSED retryable=true
[1787255888853] MA: session ended kind=TRANSPORT_CLOSED retryable=true
[1787255890375] MA: session ended kind=TRANSPORT_CLOSED retryable=true
[1787255891897] MA: session ended kind=TRANSPORT_CLOSED retryable=true
[1787255893435] MA: session ended kind=TRANSPORT_CLOSED retryable=true
[1787255894968] MA: session ended kind=TRANSPORT_CLOSED retryable=true
[1787255896497] MA: session ended kind=TRANSPORT_CLOSED retryable=true
[1787255898037] MA: session ended kind=TRANSPORT_CLOSED retryable=true
[1787255899559] MA: session ended kind=TRANSPORT_CLOSED retryable=true
[1787255901072] MA: session ended kind=TRANSPORT_CLOSED retryable=true
[1787255902595] MA: session ended kind=TRANSPORT_CLOSED retryable=true
[1787255904134] MA: session ended kind=TRANSPORT_CLOSED retryable=true
[1787255905654] MA: session ended kind=TRANSPORT_CLOSED retryable=true
[1787255907175] MA: session ended kind=TRANSPORT_CLOSED retryable=true
[1787255908686] MA: session ended kind=TRANSPORT_CLOSED retryable=true
[1787255910209] MA: session ended kind=TRANSPORT_CLOSED retryable=true
[1787255911737] MA: session ended kind=TRANSPORT_CLOSED retryable=true
[1787255913270] MA: session ended kind=TRANSPORT_CLOSED retryable=true
[1787255914800] MA: session ended kind=TRANSPORT_CLOSED retryable=true
[1787255916336] MA: session ended kind=TRANSPORT_CLOSED retryable=true
[1787255917856] MA: session ended kind=TRANSPORT_CLOSED retryable=true
[1787255919388] MA: session ended kind=TRANSPORT_CLOSED retryable=true
[1787255920919] MA: session ended kind=TRANSPORT_CLOSED retryable=true
[1787255922452] MA: session ended kind=TRANSPORT_CLOSED retryable=true
[1787255923970] MA: session ended kind=TRANSPORT_CLOSED retryable=true
[1787255925494] MA: session ended kind=TRANSPORT_CLOSED retryable=true
[1787255927022] MA: session ended kind=TRANSPORT_CLOSED retryable=true
[1787255928550] MA: session ended kind=TRANSPORT_CLOSED retryable=true
[1787255930084] MA: session ended kind=TRANSPORT_CLOSED retryable=true
[1787255931622] MA: session ended kind=TRANSPORT_CLOSED retryable=true
[1787255933140] MA: session ended kind=TRANSPORT_CLOSED retryable=true
[1787255934659] MA: session ended kind=TRANSPORT_CLOSED retryable=true
[1787255936190] MA: session ended kind=TRANSPORT_CLOSED retryable=true
[1787255937717] MA: session ended kind=TRANSPORT_CLOSED retryable=true
[1787255939246] MA: session ended kind=TRANSPORT_CLOSED retryable=true
[1787255940785] MA: session ended kind=TRANSPORT_CLOSED retryable=true
[1787255942306] MA: session ended kind=TRANSPORT_CLOSED retryable=true
[1787255943827] MA: session ended kind=TRANSPORT_CLOSED retryable=true
[1787255945346] MA: session ended kind=TRANSPORT_CLOSED retryable=true
[1787255946884] MA: session ended kind=TRANSPORT_CLOSED retryable=true
[1787255948420] MA: session ended kind=TRANSPORT_CLOSED retryable=true
[1787255949946] MA: session ended kind=TRANSPORT_CLOSED retryable=true
[1787255951474] MA: session ended kind=TRANSPORT_CLOSED retryable=true
[1787255953000] MA: session ended kind=TRANSPORT_CLOSED retryable=true
[1787255954533] MA: session ended kind=TRANSPORT_CLOSED retryable=true
[1787255956063] MA: session ended kind=TRANSPORT_CLOSED retryable=true
[1787255957602] MA: session ended kind=TRANSPORT_CLOSED retryable=true
[1787255959124] MA: session ended kind=TRANSPORT_CLOSED retryable=true
[1787255960649] MA: session ended kind=TRANSPORT_CLOSED retryable=true
[1787255962170] MA: session ended kind=TRANSPORT_CLOSED retryable=true
[1787255963689] MA: session ended kind=TRANSPORT_CLOSED retryable=true
[1787255965208] MA: session ended kind=TRANSPORT_CLOSED retryable=true
[1787255966722] MA: session ended kind=TRANSPORT_CLOSED retryable=true
[1787255968243] MA: session ended kind=TRANSPORT_CLOSED retryable=true
[1787255969760] MA: session ended kind=TRANSPORT_CLOSED retryable=true
[1787255971275] MA: session ended kind=TRANSPORT_CLOSED retryable=true
[1787255972807] MA: session ended kind=TRANSPORT_CLOSED retryable=true
[1787255974335] MA: session ended kind=TRANSPORT_CLOSED retryable=true
[1787255975864] MA: session ended kind=TRANSPORT_CLOSED retryable=true
[1787255977396] MA: session ended kind=TRANSPORT_CLOSED retryable=true
[1787255978922] MA: session ended kind=TRANSPORT_CLOSED retryable=true
[1787255980446] MA: session ended kind=TRANSPORT_CLOSED retryable=true
[1787255981989] MA: session ended kind=TRANSPORT_CLOSED retryable=true
[1787255983525] MA: session ended kind=TRANSPORT_CLOSED retryable=true
[1787255985050] MA: session ended kind=TRANSPORT_CLOSED retryable=true
[1787255986571] MA: session ended kind=TRANSPORT_CLOSED retryable=true
[1787255988091] MA: session ended kind=TRANSPORT_CLOSED retryable=true
[1787255989619] MA: session ended kind=TRANSPORT_CLOSED retryable=true
[1787255991150] MA: session ended kind=TRANSPORT_CLOSED retryable=true
[1787255992668] MA: session ended kind=TRANSPORT_CLOSED retryable=true
[1787255994193] MA: session ended kind=TRANSPORT_CLOSED retryable=true
[1787255995718] MA: session ended kind=TRANSPORT_CLOSED retryable=true
[1787255997236] MA: session ended kind=TRANSPORT_CLOSED retryable=true
[1787255998764] MA: session ended kind=TRANSPORT_CLOSED retryable=true
[1787256000296] MA: session ended kind=TRANSPORT_CLOSED retryable=true
[1787256001822] MA: session ended kind=TRANSPORT_CLOSED retryable=true
[1787256003347] MA: session ended kind=TRANSPORT_CLOSED retryable=true
[1787256004880] MA: session ended kind=TRANSPORT_CLOSED retryable=true
[1787256006415] MA: session ended kind=TRANSPORT_CLOSED retryable=true
[1787256007950] MA: session ended kind=TRANSPORT_CLOSED retryable=true
[1787256009470] MA: session ended kind=TRANSPORT_CLOSED retryable=true
[1787256010993] MA: session ended kind=TRANSPORT_CLOSED retryable=true
[1787256012513] MA: session ended kind=TRANSPORT_CLOSED retryable=true
[1787256014053] MA: session ended kind=TRANSPORT_CLOSED retryable=true
[1787256015581] MA: session ended kind=TRANSPORT_CLOSED retryable=true
[1787256017116] MA: session ended kind=TRANSPORT_CLOSED retryable=true
[1787256018647] MA: session ended kind=TRANSPORT_CLOSED retryable=true
[1787256020172] MA: session ended kind=TRANSPORT_CLOSED retryable=true
[1787256021695] MA: session ended kind=TRANSPORT_CLOSED retryable=true
[1787256023234] MA: session ended kind=TRANSPORT_CLOSED retryable=true
[1787256024768] MA: session ended kind=TRANSPORT_CLOSED retryable=true
[1787256026299] MA: session ended kind=TRANSPORT_CLOSED retryable=true
[1787256027822] MA: session ended kind=TRANSPORT_CLOSED retryable=true
[1787256029339] MA: session ended kind=TRANSPORT_CLOSED retryable=true
[1787256030860] MA: session ended kind=TRANSPORT_CLOSED retryable=true
[1787256032399] MA: session ended kind=TRANSPORT_CLOSED retryable=true
[1787256033921] MA: session ended kind=TRANSPORT_CLOSED retryable=true
[1787256035447] MA: session ended kind=TRANSPORT_CLOSED retryable=true
[1787256036977] MA: session ended kind=TRANSPORT_CLOSED retryable=true
[1787256038513] MA: session ended kind=TRANSPORT_CLOSED retryable=true
[1787256040048] MA: session ended kind=TRANSPORT_CLOSED retryable=true
[1787256041577] MA: session ended kind=TRANSPORT_CLOSED retryable=true
[1787256043115] MA: session ended kind=TRANSPORT_CLOSED retryable=true
[1787256044643] MA: session ended kind=TRANSPORT_CLOSED retryable=true
[1787256046159] MA: session ended kind=TRANSPORT_CLOSED retryable=true
[1787256047684] MA: session ended kind=TRANSPORT_CLOSED retryable=true
[1787256049208] MA: session ended kind=TRANSPORT_CLOSED retryable=true
[1787256050729] MA: session ended kind=TRANSPORT_CLOSED retryable=true
[1787256052254] MA: session ended kind=TRANSPORT_CLOSED retryable=true
[1787256053772] MA: session ended kind=TRANSPORT_CLOSED retryable=true
[1787256055295] MA: session ended kind=TRANSPORT_CLOSED retryable=true
[1787256056838] MA: session ended kind=TRANSPORT_CLOSED retryable=true
[1787256058363] MA: session ended kind=TRANSPORT_CLOSED retryable=true
[1787256059903] MA: session ended kind=TRANSPORT_CLOSED retryable=true
[1787256061427] MA: session ended kind=TRANSPORT_CLOSED retryable=true
[1787256062943] MA: session ended kind=TRANSPORT_CLOSED retryable=true
[1787256064459] MA: session ended kind=TRANSPORT_CLOSED retryable=true
[1787256065986] MA: session ended kind=TRANSPORT_CLOSED retryable=true
[1787256067516] MA: session ended kind=TRANSPORT_CLOSED retryable=true
[1787256069047] MA: session ended kind=TRANSPORT_CLOSED retryable=true
[1787256070575] MA: session ended kind=TRANSPORT_CLOSED retryable=true
[1787256072087] MA: session ended kind=TRANSPORT_CLOSED retryable=true
[1787256073609] MA: session ended kind=TRANSPORT_CLOSED retryable=true
[1787256075132] MA: session ended kind=TRANSPORT_CLOSED retryable=true
[1787256076668] MA: session ended kind=TRANSPORT_CLOSED retryable=true
[1787256078200] MA: session ended kind=TRANSPORT_CLOSED retryable=true
[1787256079726] MA: session ended kind=TRANSPORT_CLOSED retryable=true
[1787256081241] MA: session ended kind=TRANSPORT_CLOSED retryable=true
[1787256082760] MA: session ended kind=TRANSPORT_CLOSED retryable=true
[1787256084301] MA: session ended kind=TRANSPORT_CLOSED retryable=true
[1787256085828] MA: session ended kind=TRANSPORT_CLOSED retryable=true
[1787256087341] MA: session ended kind=TRANSPORT_CLOSED retryable=true
[1787256088858] MA: session ended kind=TRANSPORT_CLOSED retryable=true
[1787256090379] MA: session ended kind=TRANSPORT_CLOSED retryable=true
[1787256091921] MA: session ended kind=TRANSPORT_CLOSED retryable=true
[1787256093441] MA: session ended kind=TRANSPORT_CLOSED retryable=true
[1787256094969] MA: session ended kind=TRANSPORT_CLOSED retryable=true
[1787256096498] MA: session ended kind=TRANSPORT_CLOSED retryable=true
[1787256098022] MA: session ended kind=TRANSPORT_CLOSED retryable=true
[1787256099545] MA: session ended kind=TRANSPORT_CLOSED retryable=true
[1787256101077] MA: session ended kind=TRANSPORT_CLOSED retryable=true
[1787256102600] MA: session ended kind=TRANSPORT_CLOSED retryable=true
[1787256104131] MA: session ended kind=TRANSPORT_CLOSED retryable=true
[1787256105653] MA: session ended kind=TRANSPORT_CLOSED retryable=true
[1787256107181] MA: session ended kind=TRANSPORT_CLOSED retryable=true
[1787256108714] MA: session ended kind=TRANSPORT_CLOSED retryable=true
[1787256110244] MA: session ended kind=TRANSPORT_CLOSED retryable=true
[1787256111767] MA: session ended kind=TRANSPORT_CLOSED retryable=true
[1787256113299] MA: session ended kind=TRANSPORT_CLOSED retryable=true
[1787256114834] MA: session ended kind=TRANSPORT_CLOSED retryable=true
[1787256116353] MA: session ended kind=TRANSPORT_CLOSED retryable=true
[1787256117874] MA: session ended kind=TRANSPORT_CLOSED retryable=true
[1787256119396] MA: session ended kind=TRANSPORT_CLOSED retryable=true
[1787256120925] MA: session ended kind=TRANSPORT_CLOSED retryable=true
[1787256122438] MA: session ended kind=TRANSPORT_CLOSED retryable=true
[1787256123952] MA: session ended kind=TRANSPORT_CLOSED retryable=true
[1787256125467] MA: session ended kind=TRANSPORT_CLOSED retryable=true
[1787256126989] MA: session ended kind=TRANSPORT_CLOSED retryable=true
[1787256128506] MA: session ended kind=TRANSPORT_CLOSED retryable=true
[1787256130024] MA: session ended kind=TRANSPORT_CLOSED retryable=true
[1787256131541] MA: session ended kind=TRANSPORT_CLOSED retryable=true
[1787256133058] MA: session ended kind=TRANSPORT_CLOSED retryable=true
[1787256134576] MA: session ended kind=TRANSPORT_CLOSED retryable=true
[1787256136087] MA: session ended kind=TRANSPORT_CLOSED retryable=true
[1787256137610] MA: session ended kind=TRANSPORT_CLOSED retryable=true
[1787256139128] MA: session ended kind=TRANSPORT_CLOSED retryable=true
[1787256140667] MA: session ended kind=TRANSPORT_CLOSED retryable=true
[1787256142200] MA: session ended kind=TRANSPORT_CLOSED retryable=true
[1787256143729] MA: session ended kind=TRANSPORT_CLOSED retryable=true
[1787256145258] MA: session ended kind=TRANSPORT_CLOSED retryable=true
[1787256146777] MA: session ended kind=TRANSPORT_CLOSED retryable=true
[1787256148314] MA: session ended kind=TRANSPORT_CLOSED retryable=true
[1787256149836] MA: session ended kind=TRANSPORT_CLOSED retryable=true
[1787256151360] MA: session ended kind=TRANSPORT_CLOSED retryable=true
[1787256152882] MA: session ended kind=TRANSPORT_CLOSED retryable=true
[1787256154422] MA: session ended kind=TRANSPORT_CLOSED retryable=true
[1787256155947] MA: session ended kind=TRANSPORT_CLOSED retryable=true
[1787256157474] MA: session ended kind=TRANSPORT_CLOSED retryable=true
[1787256158994] MA: session ended kind=TRANSPORT_CLOSED retryable=true
[1787256160539] MA: session ended kind=TRANSPORT_CLOSED retryable=true
[1787256162067] MA: session ended kind=TRANSPORT_CLOSED retryable=true
[1787256163594] MA: session ended kind=TRANSPORT_CLOSED retryable=true
[1787256165114] MA: session ended kind=TRANSPORT_CLOSED retryable=true
[1787256166637] MA: session ended kind=TRANSPORT_CLOSED retryable=true
[1787256168164] MA: session ended kind=TRANSPORT_CLOSED retryable=true
[1787256169703] MA: session ended kind=TRANSPORT_CLOSED retryable=true
[1787256171230] MA: session ended kind=TRANSPORT_CLOSED retryable=true
[1787256172767] MA: session ended kind=TRANSPORT_CLOSED retryable=true
[1787256174290] MA: session ended kind=TRANSPORT_CLOSED retryable=true
[1787256175812] MA: session ended kind=TRANSPORT_CLOSED retryable=true
[1787256177348] MA: session ended kind=TRANSPORT_CLOSED retryable=true
[1787256178888] MA: session ended kind=TRANSPORT_CLOSED retryable=true
[1787256180418] MA: session ended kind=TRANSPORT_CLOSED retryable=true
[1787256181950] MA: session ended kind=TRANSPORT_CLOSED retryable=true
[1787256183469] MA: session ended kind=TRANSPORT_CLOSED retryable=true
[1787256184999] MA: session ended kind=TRANSPORT_CLOSED retryable=true
[1787256186523] MA: session ended kind=TRANSPORT_CLOSED retryable=true
[1787256188040] MA: session ended kind=TRANSPORT_CLOSED retryable=true
[1787256189557] MA: session ended kind=TRANSPORT_CLOSED retryable=true
[1787256191083] MA: session ended kind=TRANSPORT_CLOSED retryable=true
[1787256192620] MA: session ended kind=TRANSPORT_CLOSED retryable=true
[1787256194154] MA: session ended kind=TRANSPORT_CLOSED retryable=true
[1787256195684] MA: session ended kind=TRANSPORT_CLOSED retryable=true
[1787256197206] MA: session ended kind=TRANSPORT_CLOSED retryable=true
[1787256198732] MA: session ended kind=TRANSPORT_CLOSED retryable=true
[1787256200263] MA: session ended kind=TRANSPORT_CLOSED retryable=true
[1787256201801] MA: session ended kind=TRANSPORT_CLOSED retryable=true
[1787256203332] MA: session ended kind=TRANSPORT_CLOSED retryable=true
[1787256204867] MA: session ended kind=TRANSPORT_CLOSED retryable=true
[1787256206386] MA: session ended kind=TRANSPORT_CLOSED retryable=true
[1787256207914] MA: session ended kind=TRANSPORT_CLOSED retryable=true
[1787256209449] MA: session ended kind=TRANSPORT_CLOSED retryable=true
[1787256211030] MA: session ended kind=TRANSPORT_CLOSED retryable=true
[1787256212563] MA: session ended kind=TRANSPORT_CLOSED retryable=true
[1787256214089] MA: session ended kind=TRANSPORT_CLOSED retryable=true
[1787256215614] MA: session ended kind=TRANSPORT_CLOSED retryable=true
[1787256217142] MA: session ended kind=TRANSPORT_CLOSED retryable=true
[1787256218660] MA: session ended kind=TRANSPORT_CLOSED retryable=true
[1787256220198] MA: session ended kind=TRANSPORT_CLOSED retryable=true
[1787256221719] MA: session ended kind=TRANSPORT_CLOSED retryable=true
[1787256223248] MA: session ended kind=TRANSPORT_CLOSED retryable=true
[1787256224782] MA: session ended kind=TRANSPORT_CLOSED retryable=true
[1787256226307] MA: session ended kind=TRANSPORT_CLOSED retryable=true
[1787256227841] MA: session ended kind=TRANSPORT_CLOSED retryable=true
[1787256229358] MA: session ended kind=TRANSPORT_CLOSED retryable=true
[1787256230882] MA: session ended kind=TRANSPORT_CLOSED retryable=true
[1787256232418] MA: session ended kind=TRANSPORT_CLOSED retryable=true
[1787256233947] MA: session ended kind=TRANSPORT_CLOSED retryable=true
[1787256235481] MA: session ended kind=TRANSPORT_CLOSED retryable=true
[1787256237003] MA: session ended kind=TRANSPORT_CLOSED retryable=true
[1787256238525] MA: session ended kind=TRANSPORT_CLOSED retryable=true
[1787256240045] MA: session ended kind=TRANSPORT_CLOSED retryable=true
[1787256241577] MA: session ended kind=TRANSPORT_CLOSED retryable=true
[1787256243088] MA: session ended kind=TRANSPORT_CLOSED retryable=true
[1787256244604] MA: session ended kind=TRANSPORT_CLOSED retryable=true
[1787256246129] MA: session ended kind=TRANSPORT_CLOSED retryable=true
[1787256247657] MA: session ended kind=TRANSPORT_CLOSED retryable=true
[1787256249172] MA: session ended kind=TRANSPORT_CLOSED retryable=true
[1787256250688] MA: session ended kind=TRANSPORT_CLOSED retryable=true
[1787256252244] MA: session ended kind=TRANSPORT_CLOSED retryable=true
[1787256253771] MA: session ended kind=TRANSPORT_CLOSED retryable=true
[1787256255302] MA: session ended kind=TRANSPORT_CLOSED retryable=true
[1787256256834] MA: session ended kind=TRANSPORT_CLOSED retryable=true
[1787256258354] MA: session ended kind=TRANSPORT_CLOSED retryable=true
[1787256259872] MA: session ended kind=TRANSPORT_CLOSED retryable=true
[1787256261404] MA: session ended kind=TRANSPORT_CLOSED retryable=true
[1787256262929] MA: session ended kind=TRANSPORT_CLOSED retryable=true
[1787256264463] MA: session ended kind=TRANSPORT_CLOSED retryable=true
[1787256265993] MA: session ended kind=TRANSPORT_CLOSED retryable=true
[1787256267518] MA: session ended kind=TRANSPORT_CLOSED retryable=true
[1787256269041] MA: session ended kind=TRANSPORT_CLOSED retryable=true
[1787256270568] MA: session ended kind=TRANSPORT_CLOSED retryable=true
[1787256272101] MA: session ended kind=TRANSPORT_CLOSED retryable=true
[1787256273634] MA: session ended kind=TRANSPORT_CLOSED retryable=true
[1787256275156] MA: session ended kind=TRANSPORT_CLOSED retryable=true
[1787256276669] MA: session ended kind=TRANSPORT_CLOSED retryable=true
[1787256278188] MA: session ended kind=TRANSPORT_CLOSED retryable=true
[1787256279709] MA: session ended kind=TRANSPORT_CLOSED retryable=true
[1787256281223] MA: session ended kind=TRANSPORT_CLOSED retryable=true
[1787256282739] MA: session ended kind=TRANSPORT_CLOSED retryable=true
[1787256284252] MA: session ended kind=TRANSPORT_CLOSED retryable=true
[1787256285766] MA: session ended kind=TRANSPORT_CLOSED retryable=true
[1787256287286] MA: session ended kind=TRANSPORT_CLOSED retryable=true
[1787256288807] MA: session ended kind=TRANSPORT_CLOSED retryable=true
[1787256290324] MA: session ended kind=TRANSPORT_CLOSED retryable=true
[1787256291838] MA: session ended kind=TRANSPORT_CLOSED retryable=true
[1787256293359] MA: session ended kind=TRANSPORT_CLOSED retryable=true
[1787256294882] MA: session ended kind=TRANSPORT_CLOSED retryable=true
[1787256296411] MA: session ended kind=TRANSPORT_CLOSED retryable=true
[1787256297930] MA: session ended kind=TRANSPORT_CLOSED retryable=true
[1787256299465] MA: session ended kind=TRANSPORT_CLOSED retryable=true
[1787256300999] MA: session ended kind=TRANSPORT_CLOSED retryable=true
[1787256302527] MA: session ended kind=TRANSPORT_CLOSED retryable=true
[1787256304050] MA: session ended kind=TRANSPORT_CLOSED retryable=true
[1787256305570] MA: session ended kind=TRANSPORT_CLOSED retryable=true
[1787256307090] MA: session ended kind=TRANSPORT_CLOSED retryable=true
[1787256308606] MA: session ended kind=TRANSPORT_CLOSED retryable=true
[1787256310124] MA: session ended kind=TRANSPORT_CLOSED retryable=true
[1787256311646] MA: session ended kind=TRANSPORT_CLOSED retryable=true
[1787256313177] MA: session ended kind=TRANSPORT_CLOSED retryable=true
[1787256314695] MA: session ended kind=TRANSPORT_CLOSED retryable=true
[1787256316231] MA: session ended kind=TRANSPORT_CLOSED retryable=true
[1787256317769] MA: session ended kind=TRANSPORT_CLOSED retryable=true
[1787256319294] MA: session ended kind=TRANSPORT_CLOSED retryable=true
[1787256320804] MA: session ended kind=TRANSPORT_CLOSED retryable=true
[1787256322322] MA: session ended kind=TRANSPORT_CLOSED retryable=true
[1787256323849] MA: session ended kind=TRANSPORT_CLOSED retryable=true
[1787256325380] MA: session ended kind=TRANSPORT_CLOSED retryable=true
[1787256326914] MA: session ended kind=TRANSPORT_CLOSED retryable=true
[1787256328443] MA: session ended kind=TRANSPORT_CLOSED retryable=true
[1787256329961] MA: session ended kind=TRANSPORT_CLOSED retryable=true
[1787256331498] MA: session ended kind=TRANSPORT_CLOSED retryable=true
[1787256333038] MA: session ended kind=TRANSPORT_CLOSED retryable=true
[1787256334560] MA: session ended kind=TRANSPORT_CLOSED retryable=true
[1787256336088] MA: session ended kind=TRANSPORT_CLOSED retryable=true
[1787256337608] MA: session ended kind=TRANSPORT_CLOSED retryable=true
[1787256339134] MA: session ended kind=TRANSPORT_CLOSED retryable=true
[1787256340666] MA: session ended kind=TRANSPORT_CLOSED retryable=true
[1787256342194] MA: session ended kind=TRANSPORT_CLOSED retryable=true
[1787256343725] MA: session ended kind=TRANSPORT_CLOSED retryable=true
[1787256345252] MA: session ended kind=TRANSPORT_CLOSED retryable=true
[1787256346779] MA: session ended kind=TRANSPORT_CLOSED retryable=true
[1787256348312] MA: session ended kind=TRANSPORT_CLOSED retryable=true
[1787256349848] MA: session ended kind=TRANSPORT_CLOSED retryable=true
[1787256351388] MA: session ended kind=TRANSPORT_CLOSED retryable=true
[1787256352902] MA: session ended kind=TRANSPORT_CLOSED retryable=true
[1787256354427] MA: session ended kind=TRANSPORT_CLOSED retryable=true
[1787256355960] MA: session ended kind=TRANSPORT_CLOSED retryable=true
[1787256357472] MA: session ended kind=TRANSPORT_CLOSED retryable=true
[1787256358989] MA: session ended kind=TRANSPORT_CLOSED retryable=true
[1787256360519] MA: session ended kind=TRANSPORT_CLOSED retryable=true
[1787256362051] MA: session ended kind=TRANSPORT_CLOSED retryable=true
[1787256363584] MA: session ended kind=TRANSPORT_CLOSED retryable=true
[1787256365120] MA: session ended kind=TRANSPORT_CLOSED retryable=true
[1787256366643] MA: session ended kind=TRANSPORT_CLOSED retryable=true
[1787256368165] MA: session ended kind=TRANSPORT_CLOSED retryable=true
[1787256369690] MA: session ended kind=TRANSPORT_CLOSED retryable=true
[1787256371207] MA: session ended kind=TRANSPORT_CLOSED retryable=true
[1787256372731] MA: session ended kind=TRANSPORT_CLOSED retryable=true
[1787256374268] MA: session ended kind=TRANSPORT_CLOSED retryable=true
[1787256375801] MA: session ended kind=TRANSPORT_CLOSED retryable=true
[1787256377329] MA: session ended kind=TRANSPORT_CLOSED retryable=true
[1787256378860] MA: session ended kind=TRANSPORT_CLOSED retryable=true
[1787256380397] MA: session ended kind=TRANSPORT_CLOSED retryable=true
[1787256381932] MA: session ended kind=TRANSPORT_CLOSED retryable=true
[1787256383470] MA: session ended kind=TRANSPORT_CLOSED retryable=true
[1787256385000] MA: session ended kind=TRANSPORT_CLOSED retryable=true
[1787256386524] MA: session ended kind=TRANSPORT_CLOSED retryable=true
[1787256388044] MA: session ended kind=TRANSPORT_CLOSED retryable=true
[1787256389564] MA: session ended kind=TRANSPORT_CLOSED retryable=true
[1787256391113] MA: session ended kind=TRANSPORT_CLOSED retryable=true
[1787256392643] MA: session ended kind=TRANSPORT_CLOSED retryable=true
[1787256394179] MA: session ended kind=TRANSPORT_CLOSED retryable=true
[1787256395718] MA: session ended kind=TRANSPORT_CLOSED retryable=true
[1787256397237] MA: session ended kind=TRANSPORT_CLOSED retryable=true
[1787256398766] MA: session ended kind=TRANSPORT_CLOSED retryable=true
[1787256400298] MA: session ended kind=TRANSPORT_CLOSED retryable=true
[1787256401820] MA: session ended kind=TRANSPORT_CLOSED retryable=true
[1787256403340] MA: session ended kind=TRANSPORT_CLOSED retryable=true
[1787256404859] MA: session ended kind=TRANSPORT_CLOSED retryable=true
[1787256406380] MA: session ended kind=TRANSPORT_CLOSED retryable=true
[1787256407917] MA: session ended kind=TRANSPORT_CLOSED retryable=true
[1787256409453] MA: session ended kind=TRANSPORT_CLOSED retryable=true
[1787256410977] MA: session ended kind=TRANSPORT_CLOSED retryable=true
[1787256412519] MA: session ended kind=TRANSPORT_CLOSED retryable=true
[1787256414036] MA: session ended kind=TRANSPORT_CLOSED retryable=true
[1787256415561] MA: session ended kind=TRANSPORT_CLOSED retryable=true
[1787256417084] MA: session ended kind=TRANSPORT_CLOSED retryable=true
[1787256418614] MA: session ended kind=TRANSPORT_CLOSED retryable=true
[1787256420150] MA: session ended kind=TRANSPORT_CLOSED retryable=true
[1787256421675] MA: session ended kind=TRANSPORT_CLOSED retryable=true
[1787256423196] MA: session ended kind=TRANSPORT_CLOSED retryable=true
[1787256424732] MA: session ended kind=TRANSPORT_CLOSED retryable=true
[1787256426291] MA: session ended kind=TRANSPORT_CLOSED retryable=true
[1787256427818] MA: session ended kind=TRANSPORT_CLOSED retryable=true
[1787256429344] MA: session ended kind=TRANSPORT_CLOSED retryable=true
[1787256430869] MA: session ended kind=TRANSPORT_CLOSED retryable=true
[1787256432390] MA: session ended kind=TRANSPORT_CLOSED retryable=true
[1787256433912] MA: session ended kind=TRANSPORT_CLOSED retryable=true
[1787256435453] MA: session ended kind=TRANSPORT_CLOSED retryable=true
[1787256436981] MA: session ended kind=TRANSPORT_CLOSED retryable=true
[1787256438513] MA: session ended kind=TRANSPORT_CLOSED retryable=true
[1787256440051] MA: session ended kind=TRANSPORT_CLOSED retryable=true
[1787256441573] MA: session ended kind=TRANSPORT_CLOSED retryable=true
[1787256443091] MA: session ended kind=TRANSPORT_CLOSED retryable=true
[1787256444608] MA: session ended kind=TRANSPORT_CLOSED retryable=true
[1787256446126] MA: session ended kind=TRANSPORT_CLOSED retryable=true
[1787256447654] MA: session ended kind=TRANSPORT_CLOSED retryable=true
[1787256449187] MA: session ended kind=TRANSPORT_CLOSED retryable=true
[1787256450710] MA: session ended kind=TRANSPORT_CLOSED retryable=true
[1787256452235] MA: session ended kind=TRANSPORT_CLOSED retryable=true
[1787256453768] MA: session ended kind=TRANSPORT_CLOSED retryable=true
[1787256455288] MA: session ended kind=TRANSPORT_CLOSED retryable=true
[1787256456803] MA: session ended kind=TRANSPORT_CLOSED retryable=true
[1787256458320] MA: session ended kind=TRANSPORT_CLOSED retryable=true
[1787256459847] MA: session ended kind=TRANSPORT_CLOSED retryable=true
[1787256461376] MA: session ended kind=TRANSPORT_CLOSED retryable=true
[1787256462898] MA: session ended kind=TRANSPORT_CLOSED retryable=true
[1787256464420] MA: session ended kind=TRANSPORT_CLOSED retryable=true
[1787256465947] MA: session ended kind=TRANSPORT_CLOSED retryable=true
[1787256467485] MA: session ended kind=TRANSPORT_CLOSED retryable=true
[1787256469018] MA: session ended kind=TRANSPORT_CLOSED retryable=true
[1787256470554] MA: session ended kind=TRANSPORT_CLOSED retryable=true
[1787256472079] MA: session ended kind=TRANSPORT_CLOSED retryable=true
[1787256473614] MA: session ended kind=TRANSPORT_CLOSED retryable=true
[1787256475151] MA: session ended kind=TRANSPORT_CLOSED retryable=true
[1787256476681] MA: session ended kind=TRANSPORT_CLOSED retryable=true
[1787256478217] MA: session ended kind=TRANSPORT_CLOSED retryable=true
[1787256479740] MA: session ended kind=TRANSPORT_CLOSED retryable=true
[1787256481256] MA: session ended kind=TRANSPORT_CLOSED retryable=true
[1787256482775] MA: session ended kind=TRANSPORT_CLOSED retryable=true
[1787256484302] MA: session ended kind=TRANSPORT_CLOSED retryable=true
[1787256485833] MA: session ended kind=TRANSPORT_CLOSED retryable=true
[1787256487366] MA: session ended kind=TRANSPORT_CLOSED retryable=true
[1787256488898] MA: session ended kind=TRANSPORT_CLOSED retryable=true
[1787256490436] MA: session ended kind=TRANSPORT_CLOSED retryable=true
[1787256491966] MA: session ended kind=TRANSPORT_CLOSED retryable=true
[1787256493499] MA: session ended kind=TRANSPORT_CLOSED retryable=true
[1787256495036] MA: session ended kind=TRANSPORT_CLOSED retryable=true
[1787256496561] MA: session ended kind=TRANSPORT_CLOSED retryable=true
[1787256498101] MA: session ended kind=TRANSPORT_CLOSED retryable=true
[1787256499627] MA: session ended kind=TRANSPORT_CLOSED retryable=true
[1787256501152] MA: session ended kind=TRANSPORT_CLOSED retryable=true
[1787256502680] MA: session ended kind=TRANSPORT_CLOSED retryable=true
[1787256504205] MA: session ended kind=TRANSPORT_CLOSED retryable=true
[1787256505723] MA: session ended kind=TRANSPORT_CLOSED retryable=true
[1787256507237] MA: session ended kind=TRANSPORT_CLOSED retryable=true
[1787256508764] MA: session ended kind=TRANSPORT_CLOSED retryable=true
[1787256510298] MA: session ended kind=TRANSPORT_CLOSED retryable=true
[1787256511826] MA: session ended kind=TRANSPORT_CLOSED retryable=true
[1787256513347] MA: session ended kind=TRANSPORT_CLOSED retryable=true
[1787256514871] MA: session ended kind=TRANSPORT_CLOSED retryable=true
[1787256516394] MA: session ended kind=TRANSPORT_CLOSED retryable=true
[1787256517914] MA: session ended kind=TRANSPORT_CLOSED retryable=true
[1787256519454] MA: session ended kind=TRANSPORT_CLOSED retryable=true
[1787256520984] MA: session ended kind=TRANSPORT_CLOSED retryable=true
[1787256522506] MA: session ended kind=TRANSPORT_CLOSED retryable=true
[1787256524024] MA: session ended kind=TRANSPORT_CLOSED retryable=true
[1787256525547] MA: session ended kind=TRANSPORT_CLOSED retryable=true
[1787256527083] MA: session ended kind=TRANSPORT_CLOSED retryable=true
[1787256528616] MA: session ended kind=TRANSPORT_CLOSED retryable=true
[1787256530144] MA: session ended kind=TRANSPORT_CLOSED retryable=true
[1787256531657] MA: session ended kind=TRANSPORT_CLOSED retryable=true
[1787256533173] MA: session ended kind=TRANSPORT_CLOSED retryable=true
[1787256534697] MA: session ended kind=TRANSPORT_CLOSED retryable=true
[1787256536231] MA: session ended kind=TRANSPORT_CLOSED retryable=true
[1787256537766] MA: session ended kind=TRANSPORT_CLOSED retryable=true
[1787256539298] MA: session ended kind=TRANSPORT_CLOSED retryable=true
[1787256540831] MA: session ended kind=TRANSPORT_CLOSED retryable=true
[1787256542352] MA: session ended kind=TRANSPORT_CLOSED retryable=true
[1787256543868] MA: session ended kind=TRANSPORT_CLOSED retryable=true
[1787256545399] MA: session ended kind=TRANSPORT_CLOSED retryable=true
[1787256546933] MA: session ended kind=TRANSPORT_CLOSED retryable=true
[1787256548458] MA: session ended kind=TRANSPORT_CLOSED retryable=true
[1787256549977] MA: session ended kind=TRANSPORT_CLOSED retryable=true
[1787256551491] MA: session ended kind=TRANSPORT_CLOSED retryable=true
[1787256553006] MA: session ended kind=TRANSPORT_CLOSED retryable=true
[1787256554527] MA: session ended kind=TRANSPORT_CLOSED retryable=true
[1787256556069] MA: session ended kind=TRANSPORT_CLOSED retryable=true
[1787256557600] MA: session ended kind=TRANSPORT_CLOSED retryable=true
[1787256559132] MA: session ended kind=TRANSPORT_CLOSED retryable=true
[1787256560662] MA: session ended kind=TRANSPORT_CLOSED retryable=true
[1787256562200] MA: session ended kind=TRANSPORT_CLOSED retryable=true
[1787256563740] MA: session ended kind=TRANSPORT_CLOSED retryable=true
[1787256565266] MA: session ended kind=TRANSPORT_CLOSED retryable=true
[1787256566795] MA: session ended kind=TRANSPORT_CLOSED retryable=true
[1787256568334] MA: session ended kind=TRANSPORT_CLOSED retryable=true
[1787256569868] MA: session ended kind=TRANSPORT_CLOSED retryable=true
[1787256571388] MA: session ended kind=TRANSPORT_CLOSED retryable=true
[1787256572916] MA: session ended kind=TRANSPORT_CLOSED retryable=true
[1787256574439] MA: session ended kind=TRANSPORT_CLOSED retryable=true
[1787256575964] MA: session ended kind=TRANSPORT_CLOSED retryable=true
[1787256577497] MA: session ended kind=TRANSPORT_CLOSED retryable=true
[1787256579020] MA: session ended kind=TRANSPORT_CLOSED retryable=true
[1787256580544] MA: session ended kind=TRANSPORT_CLOSED retryable=true
[1787256582079] MA: session ended kind=TRANSPORT_CLOSED retryable=true
[1787256583615] MA: session ended kind=TRANSPORT_CLOSED retryable=true
[1787256585147] MA: session ended kind=TRANSPORT_CLOSED retryable=true
[1787256586744] MA: device health battery=100 charging=true saver=false thermal=nominal
[1787256586745] MA: lifecycle foreground connected=false
[1787256586807] MA: surfaceCreated
[1787256586808] MA: surfaceChanged: 2800x1264
[1787256586912] MA: session ended kind=TRANSPORT_CLOSED retryable=true
[1787256588434] MA: session ended kind=TRANSPORT_CLOSED retryable=true
[1787256589954] MA: session ended kind=TRANSPORT_CLOSED retryable=true
[1787256591485] MA: session ended kind=TRANSPORT_CLOSED retryable=true
[1787256593015] MA: session ended kind=TRANSPORT_CLOSED retryable=true
[1787256594550] MA: session ended kind=TRANSPORT_CLOSED retryable=true
[1787256596079] MA: session ended kind=TRANSPORT_CLOSED retryable=true
[1787256597616] MA: session ended kind=TRANSPORT_CLOSED retryable=true
[1787256599148] MA: session ended kind=TRANSPORT_CLOSED retryable=true
[1787256600673] MA: session ended kind=TRANSPORT_CLOSED retryable=true
[1787256602192] MA: session ended kind=TRANSPORT_CLOSED retryable=true
[1787256603734] MA: session ended kind=TRANSPORT_CLOSED retryable=true
[1787256605260] MA: session ended kind=TRANSPORT_CLOSED retryable=true
[1787256606792] MA: session ended kind=TRANSPORT_CLOSED retryable=true
[1787256608320] MA: session ended kind=TRANSPORT_CLOSED retryable=true
[1787256609850] MA: session ended kind=TRANSPORT_CLOSED retryable=true
[1787256611383] MA: session ended kind=TRANSPORT_CLOSED retryable=true
[1787256612915] MA: session ended kind=TRANSPORT_CLOSED retryable=true
[1787256614444] MA: session ended kind=TRANSPORT_CLOSED retryable=true
[1787256615965] MA: session ended kind=TRANSPORT_CLOSED retryable=true
[1787256617484] MA: session ended kind=TRANSPORT_CLOSED retryable=true
[1787256619041] MA: session ended kind=TRANSPORT_CLOSED retryable=true
[1787256620572] MA: session ended kind=TRANSPORT_CLOSED retryable=true
[1787256622104] MA: session ended kind=TRANSPORT_CLOSED retryable=true
[1787256623628] MA: session ended kind=TRANSPORT_CLOSED retryable=true
[1787256625164] MA: session ended kind=TRANSPORT_CLOSED retryable=true
[1787256626704] MA: session ended kind=TRANSPORT_CLOSED retryable=true
[1787256628234] MA: session ended kind=TRANSPORT_CLOSED retryable=true
[1787256629771] MA: session ended kind=TRANSPORT_CLOSED retryable=true
[1787256631294] MA: session ended kind=TRANSPORT_CLOSED retryable=true
[1787256632823] MA: session ended kind=TRANSPORT_CLOSED retryable=true
[1787256634358] MA: session ended kind=TRANSPORT_CLOSED retryable=true
[1787256635888] MA: session ended kind=TRANSPORT_CLOSED retryable=true
[1787256637410] MA: session ended kind=TRANSPORT_CLOSED retryable=true
[1787256638923] MA: session ended kind=TRANSPORT_CLOSED retryable=true
[1787256640437] MA: session ended kind=TRANSPORT_CLOSED retryable=true
[1787256641963] MA: session ended kind=TRANSPORT_CLOSED retryable=true
[1787256643494] MA: session ended kind=TRANSPORT_CLOSED retryable=true
[1787256645020] MA: session ended kind=TRANSPORT_CLOSED retryable=true
[1787256646557] MA: session ended kind=TRANSPORT_CLOSED retryable=true
[1787256648095] MA: session ended kind=TRANSPORT_CLOSED retryable=true
[1787256649624] MA: session ended kind=TRANSPORT_CLOSED retryable=true
[1787256651153] MA: session ended kind=TRANSPORT_CLOSED retryable=true
[1787256652680] MA: session ended kind=TRANSPORT_CLOSED retryable=true
[1787256654208] MA: session ended kind=TRANSPORT_CLOSED retryable=true
[1787256655762] MA: session ended kind=TRANSPORT_CLOSED retryable=true
[1787256657298] MA: session ended kind=TRANSPORT_CLOSED retryable=true
[1787256658826] MA: session ended kind=TRANSPORT_CLOSED retryable=true
[1787256660360] MA: session ended kind=TRANSPORT_CLOSED retryable=true
[1787256661883] MA: session ended kind=TRANSPORT_CLOSED retryable=true
[1787256663426] MA: session ended kind=TRANSPORT_CLOSED retryable=true
[1787256664956] MA: session ended kind=TRANSPORT_CLOSED retryable=true
[1787256666481] MA: session ended kind=TRANSPORT_CLOSED retryable=true
[1787256668008] MA: session ended kind=TRANSPORT_CLOSED retryable=true
[1787256669542] MA: session ended kind=TRANSPORT_CLOSED retryable=true
[1787256671079] MA: session ended kind=TRANSPORT_CLOSED retryable=true
[1787256672611] MA: session ended kind=TRANSPORT_CLOSED retryable=true
[1787256674136] MA: session ended kind=TRANSPORT_CLOSED retryable=true
[1787256675685] MA: session ended kind=TRANSPORT_CLOSED retryable=true
[1787256677211] MA: session ended kind=TRANSPORT_CLOSED retryable=true
[1787256678740] MA: session ended kind=TRANSPORT_CLOSED retryable=true
[1787256680259] MA: session ended kind=TRANSPORT_CLOSED retryable=true
[1787256681792] MA: session ended kind=TRANSPORT_CLOSED retryable=true
[1787256683331] MA: session ended kind=TRANSPORT_CLOSED retryable=true
[1787256684862] MA: session ended kind=TRANSPORT_CLOSED retryable=true
[1787256686382] MA: session ended kind=TRANSPORT_CLOSED retryable=true
[1787256687904] MA: session ended kind=TRANSPORT_CLOSED retryable=true
[1787256689439] MA: session ended kind=TRANSPORT_CLOSED retryable=true
[1787256690965] MA: session ended kind=TRANSPORT_CLOSED retryable=true
[1787256692490] MA: session ended kind=TRANSPORT_CLOSED retryable=true
[1787256694008] MA: session ended kind=TRANSPORT_CLOSED retryable=true
[1787256695539] MA: session ended kind=TRANSPORT_CLOSED retryable=true
[1787256697060] MA: session ended kind=TRANSPORT_CLOSED retryable=true
[1787256698594] MA: session ended kind=TRANSPORT_CLOSED retryable=true
[1787256700124] MA: session ended kind=TRANSPORT_CLOSED retryable=true
[1787256701659] MA: session ended kind=TRANSPORT_CLOSED retryable=true
[1787256703188] MA: session ended kind=TRANSPORT_CLOSED retryable=true
[1787256704711] MA: session ended kind=TRANSPORT_CLOSED retryable=true
[1787256706266] MA: session ended kind=TRANSPORT_CLOSED retryable=true
[1787256707799] MA: session ended kind=TRANSPORT_CLOSED retryable=true
[1787256709328] MA: session ended kind=TRANSPORT_CLOSED retryable=true
[1787256710878] MA: session ended kind=TRANSPORT_CLOSED retryable=true
[1787256712412] MA: session ended kind=TRANSPORT_CLOSED retryable=true
[1787256713942] MA: session ended kind=TRANSPORT_CLOSED retryable=true
[1787256715476] MA: session ended kind=TRANSPORT_CLOSED retryable=true
[1787256716993] MA: session ended kind=TRANSPORT_CLOSED retryable=true
[1787256718508] MA: session ended kind=TRANSPORT_CLOSED retryable=true
[1787256720025] MA: session ended kind=TRANSPORT_CLOSED retryable=true
[1787256721549] MA: session ended kind=TRANSPORT_CLOSED retryable=true
[1787256723073] MA: session ended kind=TRANSPORT_CLOSED retryable=true
[1787256724606] MA: session ended kind=TRANSPORT_CLOSED retryable=true
[1787256726132] MA: session ended kind=TRANSPORT_CLOSED retryable=true
[1787256727654] MA: session ended kind=TRANSPORT_CLOSED retryable=true
[1787256729190] MA: session ended kind=TRANSPORT_CLOSED retryable=true
[1787256730722] MA: session ended kind=TRANSPORT_CLOSED retryable=true
[1787256732254] MA: session ended kind=TRANSPORT_CLOSED retryable=true
[1787256733782] MA: session ended kind=TRANSPORT_CLOSED retryable=true
[1787256735313] MA: session ended kind=TRANSPORT_CLOSED retryable=true
[1787256736850] MA: session ended kind=TRANSPORT_CLOSED retryable=true
[1787256738374] MA: session ended kind=TRANSPORT_CLOSED retryable=true
[1787256739912] MA: session ended kind=TRANSPORT_CLOSED retryable=true
[1787256741442] MA: session ended kind=TRANSPORT_CLOSED retryable=true
[1787256742962] MA: session ended kind=TRANSPORT_CLOSED retryable=true
[1787256744484] MA: session ended kind=TRANSPORT_CLOSED retryable=true
[1787256746014] MA: session ended kind=TRANSPORT_CLOSED retryable=true
[1787256747555] MA: session ended kind=TRANSPORT_CLOSED retryable=true
[1787256749076] MA: session ended kind=TRANSPORT_CLOSED retryable=true
[1787256750613] MA: session ended kind=TRANSPORT_CLOSED retryable=true
[1787256752144] MA: session ended kind=TRANSPORT_CLOSED retryable=true
[1787256753679] MA: session ended kind=TRANSPORT_CLOSED retryable=true
[1787256755204] MA: session ended kind=TRANSPORT_CLOSED retryable=true
[1787256756735] MA: session ended kind=TRANSPORT_CLOSED retryable=true
[1787256758272] MA: session ended kind=TRANSPORT_CLOSED retryable=true
[1787256759799] MA: session ended kind=TRANSPORT_CLOSED retryable=true
[1787256761328] MA: session ended kind=TRANSPORT_CLOSED retryable=true
[1787256762858] MA: session ended kind=TRANSPORT_CLOSED retryable=true
[1787256764395] MA: session ended kind=TRANSPORT_CLOSED retryable=true
[1787256765930] MA: session ended kind=TRANSPORT_CLOSED retryable=true
[1787256767462] MA: session ended kind=TRANSPORT_CLOSED retryable=true
[1787256768980] MA: session ended kind=TRANSPORT_CLOSED retryable=true
[1787256770498] MA: session ended kind=TRANSPORT_CLOSED retryable=true
[1787256772022] MA: session ended kind=TRANSPORT_CLOSED retryable=true
[1787256773552] MA: session ended kind=TRANSPORT_CLOSED retryable=true
[1787256775084] MA: session ended kind=TRANSPORT_CLOSED retryable=true
[1787256776609] MA: session ended kind=TRANSPORT_CLOSED retryable=true
[1787256778135] MA: session ended kind=TRANSPORT_CLOSED retryable=true
[1787256779662] MA: session ended kind=TRANSPORT_CLOSED retryable=true
[1787256781192] MA: session ended kind=TRANSPORT_CLOSED retryable=true
[1787256782721] MA: session ended kind=TRANSPORT_CLOSED retryable=true
[1787256784252] MA: session ended kind=TRANSPORT_CLOSED retryable=true
[1787256785785] MA: session ended kind=TRANSPORT_CLOSED retryable=true
[1787256787325] MA: session ended kind=TRANSPORT_CLOSED retryable=true
[1787256788850] MA: session ended kind=TRANSPORT_CLOSED retryable=true
[1787256790376] MA: session ended kind=TRANSPORT_CLOSED retryable=true
[1787256791904] MA: session ended kind=TRANSPORT_CLOSED retryable=true
[1787256793420] MA: session ended kind=TRANSPORT_CLOSED retryable=true
[1787256794930] MA: session ended kind=TRANSPORT_CLOSED retryable=true
[1787256796456] MA: session ended kind=TRANSPORT_CLOSED retryable=true
[1787256797982] MA: session ended kind=TRANSPORT_CLOSED retryable=true
[1787256799505] MA: session ended kind=TRANSPORT_CLOSED retryable=true
[1787256801031] MA: session ended kind=TRANSPORT_CLOSED retryable=true
[1787256802563] MA: session ended kind=TRANSPORT_CLOSED retryable=true
[1787256804098] MA: session ended kind=TRANSPORT_CLOSED retryable=true
[1787256805626] MA: session ended kind=TRANSPORT_CLOSED retryable=true
[1787256807175] MA: session ended kind=TRANSPORT_CLOSED retryable=true
[1787256808709] MA: session ended kind=TRANSPORT_CLOSED retryable=true
[1787256810242] MA: session ended kind=TRANSPORT_CLOSED retryable=true
[1787256811772] MA: session ended kind=TRANSPORT_CLOSED retryable=true
[1787256813291] MA: session ended kind=TRANSPORT_CLOSED retryable=true
[1787256814815] MA: session ended kind=TRANSPORT_CLOSED retryable=true
[1787256816352] MA: session ended kind=TRANSPORT_CLOSED retryable=true
[1787256817884] MA: session ended kind=TRANSPORT_CLOSED retryable=true
[1787256819413] MA: session ended kind=TRANSPORT_CLOSED retryable=true
[1787256820943] MA: session ended kind=TRANSPORT_CLOSED retryable=true
[1787256822481] MA: session ended kind=TRANSPORT_CLOSED retryable=true
[1787256824019] MA: session ended kind=TRANSPORT_CLOSED retryable=true
[1787256825543] MA: session ended kind=TRANSPORT_CLOSED retryable=true
[1787256827057] MA: session ended kind=TRANSPORT_CLOSED retryable=true
[1787256828582] MA: session ended kind=TRANSPORT_CLOSED retryable=true
[1787256830117] MA: session ended kind=TRANSPORT_CLOSED retryable=true
[1787256831647] MA: session ended kind=TRANSPORT_CLOSED retryable=true
[1787256833170] MA: session ended kind=TRANSPORT_CLOSED retryable=true
[1787256834683] MA: session ended kind=TRANSPORT_CLOSED retryable=true
[1787256836209] MA: session ended kind=TRANSPORT_CLOSED retryable=true
[1787256837743] MA: session ended kind=TRANSPORT_CLOSED retryable=true
[1787256839274] MA: session ended kind=TRANSPORT_CLOSED retryable=true
[1787256840803] MA: session ended kind=TRANSPORT_CLOSED retryable=true
[1787256842331] MA: session ended kind=TRANSPORT_CLOSED retryable=true
[1787256843864] MA: session ended kind=TRANSPORT_CLOSED retryable=true
[1787256845399] MA: session ended kind=TRANSPORT_CLOSED retryable=true
[1787256846934] MA: session ended kind=TRANSPORT_CLOSED retryable=true
[1787256848463] MA: session ended kind=TRANSPORT_CLOSED retryable=true
[1787256849984] MA: session ended kind=TRANSPORT_CLOSED retryable=true
[1787256851497] MA: session ended kind=TRANSPORT_CLOSED retryable=true
[1787256853020] MA: session ended kind=TRANSPORT_CLOSED retryable=true
[1787256854554] MA: session ended kind=TRANSPORT_CLOSED retryable=true
[1787256856075] MA: session ended kind=TRANSPORT_CLOSED retryable=true
[1787256857599] MA: session ended kind=TRANSPORT_CLOSED retryable=true
[1787256859136] MA: session ended kind=TRANSPORT_CLOSED retryable=true
[1787256860661] MA: session ended kind=TRANSPORT_CLOSED retryable=true
[1787256862197] MA: session ended kind=TRANSPORT_CLOSED retryable=true
[1787256863728] MA: session ended kind=TRANSPORT_CLOSED retryable=true
[1787256865256] MA: session ended kind=TRANSPORT_CLOSED retryable=true
[1787256866787] MA: session ended kind=TRANSPORT_CLOSED retryable=true
[1787256868308] MA: session ended kind=TRANSPORT_CLOSED retryable=true
[1787256869832] MA: session ended kind=TRANSPORT_CLOSED retryable=true
[1787256871362] MA: session ended kind=TRANSPORT_CLOSED retryable=true
[1787256872899] MA: session ended kind=TRANSPORT_CLOSED retryable=true
[1787256874424] MA: session ended kind=TRANSPORT_CLOSED retryable=true
[1787256875959] MA: session ended kind=TRANSPORT_CLOSED retryable=true
[1787256877486] MA: session ended kind=TRANSPORT_CLOSED retryable=true
[1787256879020] MA: session ended kind=TRANSPORT_CLOSED retryable=true
[1787256880559] MA: session ended kind=TRANSPORT_CLOSED retryable=true
[1787256882088] MA: session ended kind=TRANSPORT_CLOSED retryable=true
[1787256883622] MA: session ended kind=TRANSPORT_CLOSED retryable=true
[1787256885155] MA: session ended kind=TRANSPORT_CLOSED retryable=true
[1787256886682] MA: session ended kind=TRANSPORT_CLOSED retryable=true
[1787256888210] MA: session ended kind=TRANSPORT_CLOSED retryable=true
[1787256889745] MA: session ended kind=TRANSPORT_CLOSED retryable=true
[1787256891279] MA: session ended kind=TRANSPORT_CLOSED retryable=true
[1787256892810] MA: session ended kind=TRANSPORT_CLOSED retryable=true
[1787256894340] MA: session ended kind=TRANSPORT_CLOSED retryable=true
[1787256895866] MA: session ended kind=TRANSPORT_CLOSED retryable=true
[1787256897401] MA: session ended kind=TRANSPORT_CLOSED retryable=true
[1787256898938] MA: session ended kind=TRANSPORT_CLOSED retryable=true
[1787256900468] MA: session ended kind=TRANSPORT_CLOSED retryable=true
[1787256901991] MA: session ended kind=TRANSPORT_CLOSED retryable=true
[1787256903525] MA: session ended kind=TRANSPORT_CLOSED retryable=true
[1787256905044] MA: session ended kind=TRANSPORT_CLOSED retryable=true
[1787256906570] MA: session ended kind=TRANSPORT_CLOSED retryable=true
[1787256908105] MA: session ended kind=TRANSPORT_CLOSED retryable=true
[1787256909637] MA: session ended kind=TRANSPORT_CLOSED retryable=true
[1787256911169] MA: session ended kind=TRANSPORT_CLOSED retryable=true
[1787256912697] MA: session ended kind=TRANSPORT_CLOSED retryable=true
[1787256914237] MA: session ended kind=TRANSPORT_CLOSED retryable=true
[1787256915765] MA: session ended kind=TRANSPORT_CLOSED retryable=true
[1787256917292] MA: session ended kind=TRANSPORT_CLOSED retryable=true
[1787256918820] MA: session ended kind=TRANSPORT_CLOSED retryable=true
[1787256920347] MA: session ended kind=TRANSPORT_CLOSED retryable=true
[1787256921870] MA: session ended kind=TRANSPORT_CLOSED retryable=true
[1787256923411] MA: session ended kind=TRANSPORT_CLOSED retryable=true
[1787256924940] MA: session ended kind=TRANSPORT_CLOSED retryable=true
[1787256926472] MA: session ended kind=TRANSPORT_CLOSED retryable=true
[1787256927995] MA: session ended kind=TRANSPORT_CLOSED retryable=true
[1787256929523] MA: session ended kind=TRANSPORT_CLOSED retryable=true
[1787256931041] MA: session ended kind=TRANSPORT_CLOSED retryable=true
[1787256932581] MA: session ended kind=TRANSPORT_CLOSED retryable=true
[1787256934109] MA: session ended kind=TRANSPORT_CLOSED retryable=true
[1787256935640] MA: session ended kind=TRANSPORT_CLOSED retryable=true
[1787256937166] MA: session ended kind=TRANSPORT_CLOSED retryable=true
[1787256938699] MA: session ended kind=TRANSPORT_CLOSED retryable=true
[1787256940231] MA: session ended kind=TRANSPORT_CLOSED retryable=true
[1787256941760] MA: session ended kind=TRANSPORT_CLOSED retryable=true
[1787256943301] MA: session ended kind=TRANSPORT_CLOSED retryable=true
[1787256944824] MA: session ended kind=TRANSPORT_CLOSED retryable=true
[1787256946346] MA: session ended kind=TRANSPORT_CLOSED retryable=true
[1787256947871] MA: session ended kind=TRANSPORT_CLOSED retryable=true
[1787256949410] MA: session ended kind=TRANSPORT_CLOSED retryable=true
[1787256950951] MA: session ended kind=TRANSPORT_CLOSED retryable=true
[1787256952473] MA: session ended kind=TRANSPORT_CLOSED retryable=true
[1787256954000] MA: session ended kind=TRANSPORT_CLOSED retryable=true
[1787256955564] MA: session ended kind=TRANSPORT_CLOSED retryable=true
[1787256957090] MA: session ended kind=TRANSPORT_CLOSED retryable=true
[1787256958599] MA: session ended kind=TRANSPORT_CLOSED retryable=true
[1787256960125] MA: session ended kind=TRANSPORT_CLOSED retryable=true
[1787256961654] MA: session ended kind=TRANSPORT_CLOSED retryable=true
[1787256963189] MA: session ended kind=TRANSPORT_CLOSED retryable=true
[1787256964718] MA: session ended kind=TRANSPORT_CLOSED retryable=true
[1787256966247] MA: session ended kind=TRANSPORT_CLOSED retryable=true
[1787256967781] MA: session ended kind=TRANSPORT_CLOSED retryable=true
[1787256969313] MA: session ended kind=TRANSPORT_CLOSED retryable=true
[1787256970851] MA: session ended kind=TRANSPORT_CLOSED retryable=true
[1787256972379] MA: session ended kind=TRANSPORT_CLOSED retryable=true
[1787256973910] MA: session ended kind=TRANSPORT_CLOSED retryable=true
[1787256975437] MA: session ended kind=TRANSPORT_CLOSED retryable=true
[1787256976960] MA: session ended kind=TRANSPORT_CLOSED retryable=true
[1787256978474] MA: session ended kind=TRANSPORT_CLOSED retryable=true
[1787256979992] MA: session ended kind=TRANSPORT_CLOSED retryable=true
[1787256981518] MA: session ended kind=TRANSPORT_CLOSED retryable=true
[1787256983049] MA: session ended kind=TRANSPORT_CLOSED retryable=true
[1787256984585] MA: session ended kind=TRANSPORT_CLOSED retryable=true
[1787256986109] MA: session ended kind=TRANSPORT_CLOSED retryable=true
[1787256987644] MA: session ended kind=TRANSPORT_CLOSED retryable=true
[1787256989173] MA: session ended kind=TRANSPORT_CLOSED retryable=true
[1787256990707] MA: session ended kind=TRANSPORT_CLOSED retryable=true
[1787256992237] MA: session ended kind=TRANSPORT_CLOSED retryable=true
[1787256993780] MA: session ended kind=TRANSPORT_CLOSED retryable=true
[1787256995313] MA: session ended kind=TRANSPORT_CLOSED retryable=true
[1787256996847] MA: session ended kind=TRANSPORT_CLOSED retryable=true
[1787256998370] MA: session ended kind=TRANSPORT_CLOSED retryable=true
[1787256999896] MA: session ended kind=TRANSPORT_CLOSED retryable=true
[1787257001424] MA: session ended kind=TRANSPORT_CLOSED retryable=true
[1787257002957] MA: session ended kind=TRANSPORT_CLOSED retryable=true
[1787257004755] MA: session ended kind=TRANSPORT_CLOSED retryable=true
[1787257006286] MA: session ended kind=TRANSPORT_CLOSED retryable=true
[1787257007811] MA: session ended kind=TRANSPORT_CLOSED retryable=true
[1787257009346] MA: session ended kind=TRANSPORT_CLOSED retryable=true
[1787257010882] MA: session ended kind=TRANSPORT_CLOSED retryable=true
[1787257012411] MA: session ended kind=TRANSPORT_CLOSED retryable=true
[1787257013942] MA: session ended kind=TRANSPORT_CLOSED retryable=true
[1787257015468] MA: session ended kind=TRANSPORT_CLOSED retryable=true
[1787257016990] MA: session ended kind=TRANSPORT_CLOSED retryable=true
[1787257018522] MA: session ended kind=TRANSPORT_CLOSED retryable=true
[1787257020055] MA: session ended kind=TRANSPORT_CLOSED retryable=true
[1787257021584] MA: session ended kind=TRANSPORT_CLOSED retryable=true
[1787257023106] MA: session ended kind=TRANSPORT_CLOSED retryable=true
[1787257024624] MA: session ended kind=TRANSPORT_CLOSED retryable=true
[1787257026162] MA: session ended kind=TRANSPORT_CLOSED retryable=true
[1787257027691] MA: session ended kind=TRANSPORT_CLOSED retryable=true
[1787257029220] MA: session ended kind=TRANSPORT_CLOSED retryable=true
[1787257030753] MA: session ended kind=TRANSPORT_CLOSED retryable=true
[1787257032286] MA: session ended kind=TRANSPORT_CLOSED retryable=true
[1787257033819] MA: session ended kind=TRANSPORT_CLOSED retryable=true
[1787257035348] MA: session ended kind=TRANSPORT_CLOSED retryable=true
[1787257036872] MA: session ended kind=TRANSPORT_CLOSED retryable=true
[1787257038400] MA: session ended kind=TRANSPORT_CLOSED retryable=true
[1787257039928] MA: session ended kind=TRANSPORT_CLOSED retryable=true
[1787257041460] MA: session ended kind=TRANSPORT_CLOSED retryable=true
[1787257042999] MA: session ended kind=TRANSPORT_CLOSED retryable=true
[1787257044519] MA: session ended kind=TRANSPORT_CLOSED retryable=true
[1787257046046] MA: session ended kind=TRANSPORT_CLOSED retryable=true
[1787257047582] MA: session ended kind=TRANSPORT_CLOSED retryable=true
[1787257049123] MA: session ended kind=TRANSPORT_CLOSED retryable=true
[1787257050647] MA: session ended kind=TRANSPORT_CLOSED retryable=true
[1787257052186] MA: session ended kind=TRANSPORT_CLOSED retryable=true
[1787257053718] MA: session ended kind=TRANSPORT_CLOSED retryable=true
[1787257055236] MA: session ended kind=TRANSPORT_CLOSED retryable=true
[1787257056772] MA: session ended kind=TRANSPORT_CLOSED retryable=true
[1787257058303] MA: session ended kind=TRANSPORT_CLOSED retryable=true
[1787257059837] MA: session ended kind=TRANSPORT_CLOSED retryable=true
[1787257061370] MA: session ended kind=TRANSPORT_CLOSED retryable=true
[1787257062891] MA: session ended kind=TRANSPORT_CLOSED retryable=true
[1787257064414] MA: session ended kind=TRANSPORT_CLOSED retryable=true
[1787257065942] MA: session ended kind=TRANSPORT_CLOSED retryable=true
[1787257067479] MA: session ended kind=TRANSPORT_CLOSED retryable=true
[1787257069004] MA: session ended kind=TRANSPORT_CLOSED retryable=true
[1787257070547] MA: session ended kind=TRANSPORT_CLOSED retryable=true
[1787257072074] MA: session ended kind=TRANSPORT_CLOSED retryable=true
[1787257073607] MA: session ended kind=TRANSPORT_CLOSED retryable=true
[1787257075134] MA: session ended kind=TRANSPORT_CLOSED retryable=true
[1787257076655] MA: session ended kind=TRANSPORT_CLOSED retryable=true
[1787257078174] MA: session ended kind=TRANSPORT_CLOSED retryable=true
[1787257079696] MA: session ended kind=TRANSPORT_CLOSED retryable=true
[1787257081233] MA: session ended kind=TRANSPORT_CLOSED retryable=true
[1787257082764] MA: session ended kind=TRANSPORT_CLOSED retryable=true
[1787257084294] MA: session ended kind=TRANSPORT_CLOSED retryable=true
[1787257085824] MA: session ended kind=TRANSPORT_CLOSED retryable=true
[1787257087343] MA: session ended kind=TRANSPORT_CLOSED retryable=true
[1787257088866] MA: session ended kind=TRANSPORT_CLOSED retryable=true
[1787257090400] MA: session ended kind=TRANSPORT_CLOSED retryable=true
[1787257091929] MA: session ended kind=TRANSPORT_CLOSED retryable=true
[1787257093464] MA: session ended kind=TRANSPORT_CLOSED retryable=true
[1787257094995] MA: session ended kind=TRANSPORT_CLOSED retryable=true
[1787257096528] MA: session ended kind=TRANSPORT_CLOSED retryable=true
[1787257098052] MA: session ended kind=TRANSPORT_CLOSED retryable=true
[1787257099593] MA: session ended kind=TRANSPORT_CLOSED retryable=true
[1787257101116] MA: session ended kind=TRANSPORT_CLOSED retryable=true
[1787257102660] MA: session ended kind=TRANSPORT_CLOSED retryable=true
[1787257104188] MA: session ended kind=TRANSPORT_CLOSED retryable=true
[1787257105714] MA: session ended kind=TRANSPORT_CLOSED retryable=true
[1787257107236] MA: session ended kind=TRANSPORT_CLOSED retryable=true
[1787257108752] MA: session ended kind=TRANSPORT_CLOSED retryable=true
[1787257110269] MA: session ended kind=TRANSPORT_CLOSED retryable=true
[1787257111804] MA: session ended kind=TRANSPORT_CLOSED retryable=true
[1787257113343] MA: session ended kind=TRANSPORT_CLOSED retryable=true
[1787257114891] MA: session ended kind=TRANSPORT_CLOSED retryable=true
[1787257116411] MA: session ended kind=TRANSPORT_CLOSED retryable=true
[1787257117937] MA: session ended kind=TRANSPORT_CLOSED retryable=true
[1787257119460] MA: session ended kind=TRANSPORT_CLOSED retryable=true
[1787257120993] MA: session ended kind=TRANSPORT_CLOSED retryable=true
[1787257122528] MA: session ended kind=TRANSPORT_CLOSED retryable=true
[1787257124058] MA: session ended kind=TRANSPORT_CLOSED retryable=true
[1787257125591] MA: session ended kind=TRANSPORT_CLOSED retryable=true
[1787257127118] MA: session ended kind=TRANSPORT_CLOSED retryable=true
[1787257128655] MA: session ended kind=TRANSPORT_CLOSED retryable=true
[1787257130182] MA: session ended kind=TRANSPORT_CLOSED retryable=true
[1787257131716] MA: session ended kind=TRANSPORT_CLOSED retryable=true
[1787257133250] MA: session ended kind=TRANSPORT_CLOSED retryable=true
[1787257134781] MA: session ended kind=TRANSPORT_CLOSED retryable=true
[1787257136310] MA: session ended kind=TRANSPORT_CLOSED retryable=true
[1787257137842] MA: session ended kind=TRANSPORT_CLOSED retryable=true
[1787257139376] MA: session ended kind=TRANSPORT_CLOSED retryable=true
[1787257140909] MA: session ended kind=TRANSPORT_CLOSED retryable=true
[1787257142442] MA: session ended kind=TRANSPORT_CLOSED retryable=true
[1787257143965] MA: session ended kind=TRANSPORT_CLOSED retryable=true
[1787257145491] MA: session ended kind=TRANSPORT_CLOSED retryable=true
[1787257147012] MA: session ended kind=TRANSPORT_CLOSED retryable=true
[1787257148549] MA: session ended kind=TRANSPORT_CLOSED retryable=true
[1787257150080] MA: session ended kind=TRANSPORT_CLOSED retryable=true
[1787257151608] MA: session ended kind=TRANSPORT_CLOSED retryable=true
[1787257153129] MA: session ended kind=TRANSPORT_CLOSED retryable=true
[1787257154651] MA: session ended kind=TRANSPORT_CLOSED retryable=true
[1787257156193] MA: session ended kind=TRANSPORT_CLOSED retryable=true
[1787257157718] MA: session ended kind=TRANSPORT_CLOSED retryable=true
[1787257159243] MA: session ended kind=TRANSPORT_CLOSED retryable=true
[1787257160756] MA: session ended kind=TRANSPORT_CLOSED retryable=true
[1787257162277] MA: session ended kind=TRANSPORT_CLOSED retryable=true
[1787257163812] MA: session ended kind=TRANSPORT_CLOSED retryable=true
[1787257165340] MA: session ended kind=TRANSPORT_CLOSED retryable=true
[1787257166873] MA: session ended kind=TRANSPORT_CLOSED retryable=true
[1787257168393] MA: session ended kind=TRANSPORT_CLOSED retryable=true
[1787257169922] MA: session ended kind=TRANSPORT_CLOSED retryable=true
[1787257171449] MA: session ended kind=TRANSPORT_CLOSED retryable=true
[1787257172984] MA: session ended kind=TRANSPORT_CLOSED retryable=true
[1787257174507] MA: session ended kind=TRANSPORT_CLOSED retryable=true
[1787257176024] MA: session ended kind=TRANSPORT_CLOSED retryable=true
[1787257177559] MA: session ended kind=TRANSPORT_CLOSED retryable=true
[1787257179093] MA: session ended kind=TRANSPORT_CLOSED retryable=true
[1787257180625] MA: session ended kind=TRANSPORT_CLOSED retryable=true
[1787257182158] MA: session ended kind=TRANSPORT_CLOSED retryable=true
[1787257183681] MA: session ended kind=TRANSPORT_CLOSED retryable=true
[1787257185217] MA: session ended kind=TRANSPORT_CLOSED retryable=true
[1787257186755] MA: session ended kind=TRANSPORT_CLOSED retryable=true
[1787257188281] MA: session ended kind=TRANSPORT_CLOSED retryable=true
[1787257189807] MA: session ended kind=TRANSPORT_CLOSED retryable=true
[1787257191345] MA: session ended kind=TRANSPORT_CLOSED retryable=true
[1787257192876] MA: session ended kind=TRANSPORT_CLOSED retryable=true
[1787257194410] MA: session ended kind=TRANSPORT_CLOSED retryable=true
[1787257195937] MA: session ended kind=TRANSPORT_CLOSED retryable=true
[1787257197465] MA: session ended kind=TRANSPORT_CLOSED retryable=true
[1787257198990] MA: session ended kind=TRANSPORT_CLOSED retryable=true
[1787257200513] MA: session ended kind=TRANSPORT_CLOSED retryable=true
[1787257202046] MA: session ended kind=TRANSPORT_CLOSED retryable=true
[1787257203582] MA: session ended kind=TRANSPORT_CLOSED retryable=true
[1787257205113] MA: session ended kind=TRANSPORT_CLOSED retryable=true
[1787257206649] MA: session ended kind=TRANSPORT_CLOSED retryable=true
[1787257208174] MA: session ended kind=TRANSPORT_CLOSED retryable=true
[1787257209707] MA: session ended kind=TRANSPORT_CLOSED retryable=true
[1787257211240] MA: session ended kind=TRANSPORT_CLOSED retryable=true
[1787257212769] MA: session ended kind=TRANSPORT_CLOSED retryable=true
[1787257214300] MA: session ended kind=TRANSPORT_CLOSED retryable=true
[1787257215821] MA: session ended kind=TRANSPORT_CLOSED retryable=true
[1787257217344] MA: session ended kind=TRANSPORT_CLOSED retryable=true
[1787257218878] MA: session ended kind=TRANSPORT_CLOSED retryable=true
[1787257220406] MA: session ended kind=TRANSPORT_CLOSED retryable=true
[1787257221940] MA: session ended kind=TRANSPORT_CLOSED retryable=true
[1787257223463] MA: session ended kind=TRANSPORT_CLOSED retryable=true
[1787257224982] MA: session ended kind=TRANSPORT_CLOSED retryable=true
[1787257226532] MA: session ended kind=TRANSPORT_CLOSED retryable=true
[1787257228067] MA: session ended kind=TRANSPORT_CLOSED retryable=true
[1787257229602] MA: session ended kind=TRANSPORT_CLOSED retryable=true
[1787257231128] MA: session ended kind=TRANSPORT_CLOSED retryable=true
[1787257232650] MA: session ended kind=TRANSPORT_CLOSED retryable=true
[1787257234173] MA: session ended kind=TRANSPORT_CLOSED retryable=true
[1787257235714] MA: session ended kind=TRANSPORT_CLOSED retryable=true
[1787257237233] MA: session ended kind=TRANSPORT_CLOSED retryable=true
[1787257238759] MA: session ended kind=TRANSPORT_CLOSED retryable=true
[1787257240277] MA: session ended kind=TRANSPORT_CLOSED retryable=true
[1787257241799] MA: session ended kind=TRANSPORT_CLOSED retryable=true
[1787257243334] MA: session ended kind=TRANSPORT_CLOSED retryable=true
[1787257244866] MA: session ended kind=TRANSPORT_CLOSED retryable=true
[1787257246400] MA: session ended kind=TRANSPORT_CLOSED retryable=true
[1787257247926] MA: session ended kind=TRANSPORT_CLOSED retryable=true
[1787257249449] MA: session ended kind=TRANSPORT_CLOSED retryable=true
[1787257250983] MA: session ended kind=TRANSPORT_CLOSED retryable=true
[1787257252518] MA: session ended kind=TRANSPORT_CLOSED retryable=true
[1787257254045] MA: session ended kind=TRANSPORT_CLOSED retryable=true
[1787257255569] MA: session ended kind=TRANSPORT_CLOSED retryable=true
[1787257257085] MA: session ended kind=TRANSPORT_CLOSED retryable=true
[1787257258612] MA: session ended kind=TRANSPORT_CLOSED retryable=true
[1787257260140] MA: session ended kind=TRANSPORT_CLOSED retryable=true
[1787257261666] MA: session ended kind=TRANSPORT_CLOSED retryable=true
[1787257263177] MA: session ended kind=TRANSPORT_CLOSED retryable=true
[1787257264706] MA: session ended kind=TRANSPORT_CLOSED retryable=true
[1787257266225] MA: session ended kind=TRANSPORT_CLOSED retryable=true
[1787257267739] MA: session ended kind=TRANSPORT_CLOSED retryable=true
[1787257269261] MA: session ended kind=TRANSPORT_CLOSED retryable=true
[1787257270794] MA: session ended kind=TRANSPORT_CLOSED retryable=true
[1787257272317] MA: session ended kind=TRANSPORT_CLOSED retryable=true
[1787257273842] MA: session ended kind=TRANSPORT_CLOSED retryable=true
[1787257275365] MA: session ended kind=TRANSPORT_CLOSED retryable=true
[1787257276880] MA: session ended kind=TRANSPORT_CLOSED retryable=true
[1787257278401] MA: session ended kind=TRANSPORT_CLOSED retryable=true
[1787257279938] MA: session ended kind=TRANSPORT_CLOSED retryable=true
[1787257281468] MA: session ended kind=TRANSPORT_CLOSED retryable=true
[1787257283002] MA: session ended kind=TRANSPORT_CLOSED retryable=true
[1787257284526] MA: session ended kind=TRANSPORT_CLOSED retryable=true
[1787257286060] MA: session ended kind=TRANSPORT_CLOSED retryable=true
[1787257287583] MA: session ended kind=TRANSPORT_CLOSED retryable=true
[1787257289104] MA: session ended kind=TRANSPORT_CLOSED retryable=true
[1787257290639] MA: session ended kind=TRANSPORT_CLOSED retryable=true
[1787257292167] MA: session ended kind=TRANSPORT_CLOSED retryable=true
[1787257293705] MA: session ended kind=TRANSPORT_CLOSED retryable=true
[1787257295227] MA: session ended kind=TRANSPORT_CLOSED retryable=true
[1787257296763] MA: session ended kind=TRANSPORT_CLOSED retryable=true
[1787257298285] MA: session ended kind=TRANSPORT_CLOSED retryable=true
[1787257299813] MA: session ended kind=TRANSPORT_CLOSED retryable=true
[1787257301337] MA: session ended kind=TRANSPORT_CLOSED retryable=true
[1787257302877] MA: session ended kind=TRANSPORT_CLOSED retryable=true
[1787257304407] MA: session ended kind=TRANSPORT_CLOSED retryable=true
[1787257305935] MA: session ended kind=TRANSPORT_CLOSED retryable=true
[1787257307461] MA: session ended kind=TRANSPORT_CLOSED retryable=true
[1787257308984] MA: session ended kind=TRANSPORT_CLOSED retryable=true
[1787257310521] MA: session ended kind=TRANSPORT_CLOSED retryable=true
[1787257312051] MA: session ended kind=TRANSPORT_CLOSED retryable=true
[1787257313580] MA: session ended kind=TRANSPORT_CLOSED retryable=true
[1787257315107] MA: session ended kind=TRANSPORT_CLOSED retryable=true
[1787257316638] MA: session ended kind=TRANSPORT_CLOSED retryable=true
[1787257318165] MA: session ended kind=TRANSPORT_CLOSED retryable=true
[1787257319701] MA: session ended kind=TRANSPORT_CLOSED retryable=true
[1787257321234] MA: session ended kind=TRANSPORT_CLOSED retryable=true
[1787257322758] MA: session ended kind=TRANSPORT_CLOSED retryable=true
[1787257324280] MA: session ended kind=TRANSPORT_CLOSED retryable=true
[1787257325817] MA: session ended kind=TRANSPORT_CLOSED retryable=true
[1787257327364] MA: session ended kind=TRANSPORT_CLOSED retryable=true
[1787257328883] MA: session ended kind=TRANSPORT_CLOSED retryable=true
[1787257330405] MA: session ended kind=TRANSPORT_CLOSED retryable=true
[1787257331934] MA: session ended kind=TRANSPORT_CLOSED retryable=true
[1787257333474] MA: session ended kind=TRANSPORT_CLOSED retryable=true
[1787257335004] MA: session ended kind=TRANSPORT_CLOSED retryable=true
[1787257336532] MA: session ended kind=TRANSPORT_CLOSED retryable=true
[1787257338064] MA: session ended kind=TRANSPORT_CLOSED retryable=true
[1787257339595] MA: session ended kind=TRANSPORT_CLOSED retryable=true
[1787257341128] MA: session ended kind=TRANSPORT_CLOSED retryable=true
[1787257342657] MA: session ended kind=TRANSPORT_CLOSED retryable=true
[1787257344191] MA: session ended kind=TRANSPORT_CLOSED retryable=true
[1787257345709] MA: session ended kind=TRANSPORT_CLOSED retryable=true
[1787257347224] MA: session ended kind=TRANSPORT_CLOSED retryable=true
[1787257348751] MA: session ended kind=TRANSPORT_CLOSED retryable=true
[1787257350287] MA: session ended kind=TRANSPORT_CLOSED retryable=true
[1787257351817] MA: session ended kind=TRANSPORT_CLOSED retryable=true
[1787257353354] MA: session ended kind=TRANSPORT_CLOSED retryable=true
[1787257354874] MA: session ended kind=TRANSPORT_CLOSED retryable=true
[1787257356409] MA: session ended kind=TRANSPORT_CLOSED retryable=true
[1787257357941] MA: session ended kind=TRANSPORT_CLOSED retryable=true
[1787257359467] MA: session ended kind=TRANSPORT_CLOSED retryable=true
[1787257360998] MA: session ended kind=TRANSPORT_CLOSED retryable=true
[1787257362520] MA: session ended kind=TRANSPORT_CLOSED retryable=true
[1787257364056] MA: session ended kind=TRANSPORT_CLOSED retryable=true
[1787257365588] MA: session ended kind=TRANSPORT_CLOSED retryable=true
[1787257367116] MA: session ended kind=TRANSPORT_CLOSED retryable=true
[1787257368647] MA: session ended kind=TRANSPORT_CLOSED retryable=true
[1787257370167] MA: session ended kind=TRANSPORT_CLOSED retryable=true
[1787257371693] MA: session ended kind=TRANSPORT_CLOSED retryable=true
[1787257373234] MA: session ended kind=TRANSPORT_CLOSED retryable=true
[1787257374771] MA: session ended kind=TRANSPORT_CLOSED retryable=true
[1787257376303] MA: session ended kind=TRANSPORT_CLOSED retryable=true
[1787257377836] MA: session ended kind=TRANSPORT_CLOSED retryable=true
[1787257379355] MA: session ended kind=TRANSPORT_CLOSED retryable=true
[1787257380872] MA: session ended kind=TRANSPORT_CLOSED retryable=true
[1787257382395] MA: session ended kind=TRANSPORT_CLOSED retryable=true
[1787257383931] MA: session ended kind=TRANSPORT_CLOSED retryable=true
[1787257385456] MA: session ended kind=TRANSPORT_CLOSED retryable=true
[1787257386992] MA: session ended kind=TRANSPORT_CLOSED retryable=true
[1787257388522] MA: session ended kind=TRANSPORT_CLOSED retryable=true
[1787257390053] MA: session ended kind=TRANSPORT_CLOSED retryable=true
[1787257391583] MA: session ended kind=TRANSPORT_CLOSED retryable=true
[1787257393113] MA: session ended kind=TRANSPORT_CLOSED retryable=true
[1787257394647] MA: session ended kind=TRANSPORT_CLOSED retryable=true
[1787257396176] MA: session ended kind=TRANSPORT_CLOSED retryable=true
[1787257397705] MA: session ended kind=TRANSPORT_CLOSED retryable=true
[1787257399217] MA: session ended kind=TRANSPORT_CLOSED retryable=true
[1787257400754] MA: session ended kind=TRANSPORT_CLOSED retryable=true
[1787257402291] MA: session ended kind=TRANSPORT_CLOSED retryable=true
[1787257403818] MA: session ended kind=TRANSPORT_CLOSED retryable=true
[1787257405353] MA: session ended kind=TRANSPORT_CLOSED retryable=true
[1787257406876] MA: session ended kind=TRANSPORT_CLOSED retryable=true
[1787257408402] MA: session ended kind=TRANSPORT_CLOSED retryable=true
[1787257409917] MA: session ended kind=TRANSPORT_CLOSED retryable=true
[1787257411442] MA: session ended kind=TRANSPORT_CLOSED retryable=true
[1787257412978] MA: session ended kind=TRANSPORT_CLOSED retryable=true
[1787257414495] MA: session ended kind=TRANSPORT_CLOSED retryable=true
[1787257416021] MA: session ended kind=TRANSPORT_CLOSED retryable=true
[1787257417546] MA: session ended kind=TRANSPORT_CLOSED retryable=true
[1787257419078] MA: session ended kind=TRANSPORT_CLOSED retryable=true
[1787257420610] MA: session ended kind=TRANSPORT_CLOSED retryable=true
[1787257422148] MA: session ended kind=TRANSPORT_CLOSED retryable=true
[1787257423677] MA: session ended kind=TRANSPORT_CLOSED retryable=true
[1787257425200] MA: session ended kind=TRANSPORT_CLOSED retryable=true
[1787257426716] MA: session ended kind=TRANSPORT_CLOSED retryable=true
[1787257428240] MA: session ended kind=TRANSPORT_CLOSED retryable=true
[1787257429767] MA: session ended kind=TRANSPORT_CLOSED retryable=true
[1787257431298] MA: session ended kind=TRANSPORT_CLOSED retryable=true
[1787257432838] MA: session ended kind=TRANSPORT_CLOSED retryable=true
[1787257434360] MA: session ended kind=TRANSPORT_CLOSED retryable=true
[1787257435889] MA: session ended kind=TRANSPORT_CLOSED retryable=true
[1787257437403] MA: session ended kind=TRANSPORT_CLOSED retryable=true
[1787257438929] MA: session ended kind=TRANSPORT_CLOSED retryable=true
[1787257440460] MA: session ended kind=TRANSPORT_CLOSED retryable=true
[1787257441996] MA: session ended kind=TRANSPORT_CLOSED retryable=true
[1787257443510] MA: session ended kind=TRANSPORT_CLOSED retryable=true
[1787257445032] MA: session ended kind=TRANSPORT_CLOSED retryable=true
[1787257446553] MA: session ended kind=TRANSPORT_CLOSED retryable=true
[1787257448083] MA: session ended kind=TRANSPORT_CLOSED retryable=true
[1787257449614] MA: session ended kind=TRANSPORT_CLOSED retryable=true
[1787257451138] MA: session ended kind=TRANSPORT_CLOSED retryable=true
[1787257452660] MA: session ended kind=TRANSPORT_CLOSED retryable=true
[1787257454184] MA: session ended kind=TRANSPORT_CLOSED retryable=true
[1787257455697] MA: session ended kind=TRANSPORT_CLOSED retryable=true
[1787257457207] MA: session ended kind=TRANSPORT_CLOSED retryable=true
[1787257458735] MA: session ended kind=TRANSPORT_CLOSED retryable=true
[1787257460263] MA: session ended kind=TRANSPORT_CLOSED retryable=true
[1787257461799] MA: session ended kind=TRANSPORT_CLOSED retryable=true
[1787257463323] MA: session ended kind=TRANSPORT_CLOSED retryable=true
[1787257464862] MA: session ended kind=TRANSPORT_CLOSED retryable=true
[1787257466396] MA: session ended kind=TRANSPORT_CLOSED retryable=true
[1787257467921] MA: session ended kind=TRANSPORT_CLOSED retryable=true
[1787257469456] MA: session ended kind=TRANSPORT_CLOSED retryable=true
[1787257470989] MA: session ended kind=TRANSPORT_CLOSED retryable=true
[1787257472521] MA: session ended kind=TRANSPORT_CLOSED retryable=true
[1787257474037] MA: session ended kind=TRANSPORT_CLOSED retryable=true
[1787257475566] MA: session ended kind=TRANSPORT_CLOSED retryable=true
[1787257477104] MA: session ended kind=TRANSPORT_CLOSED retryable=true
[1787257478627] MA: session ended kind=TRANSPORT_CLOSED retryable=true
[1787257480155] MA: session ended kind=TRANSPORT_CLOSED retryable=true
[1787257481688] MA: session ended kind=TRANSPORT_CLOSED retryable=true
[1787257483215] MA: session ended kind=TRANSPORT_CLOSED retryable=true
[1787257484734] MA: session ended kind=TRANSPORT_CLOSED retryable=true
[1787257486271] MA: session ended kind=TRANSPORT_CLOSED retryable=true
[1787257487798] MA: session ended kind=TRANSPORT_CLOSED retryable=true
[1787257489330] MA: session ended kind=TRANSPORT_CLOSED retryable=true
[1787257490858] MA: session ended kind=TRANSPORT_CLOSED retryable=true
[1787257492382] MA: session ended kind=TRANSPORT_CLOSED retryable=true
[1787257493904] MA: session ended kind=TRANSPORT_CLOSED retryable=true
[1787257495442] MA: session ended kind=TRANSPORT_CLOSED retryable=true
[1787257496967] MA: session ended kind=TRANSPORT_CLOSED retryable=true
[1787257498503] MA: session ended kind=TRANSPORT_CLOSED retryable=true
[1787257500037] MA: session ended kind=TRANSPORT_CLOSED retryable=true
[1787257501557] MA: session ended kind=TRANSPORT_CLOSED retryable=true
[1787257503086] MA: session ended kind=TRANSPORT_CLOSED retryable=true
[1787257504613] MA: session ended kind=TRANSPORT_CLOSED retryable=true
[1787257506143] MA: session ended kind=TRANSPORT_CLOSED retryable=true
[1787257507666] MA: session ended kind=TRANSPORT_CLOSED retryable=true
[1787257509186] MA: session ended kind=TRANSPORT_CLOSED retryable=true
[1787257510710] MA: session ended kind=TRANSPORT_CLOSED retryable=true
[1787257512235] MA: session ended kind=TRANSPORT_CLOSED retryable=true
[1787257513769] MA: session ended kind=TRANSPORT_CLOSED retryable=true
[1787257515300] MA: session ended kind=TRANSPORT_CLOSED retryable=true
[1787257516822] MA: session ended kind=TRANSPORT_CLOSED retryable=true
[1787257518343] MA: session ended kind=TRANSPORT_CLOSED retryable=true
[1787257519873] MA: session ended kind=TRANSPORT_CLOSED retryable=true
[1787257521411] MA: session ended kind=TRANSPORT_CLOSED retryable=true
[1787257522946] MA: session ended kind=TRANSPORT_CLOSED retryable=true
[1787257524473] MA: session ended kind=TRANSPORT_CLOSED retryable=true
[1787257526019] MA: session ended kind=TRANSPORT_CLOSED retryable=true
[1787257527542] MA: session ended kind=TRANSPORT_CLOSED retryable=true
[1787257529056] MA: session ended kind=TRANSPORT_CLOSED retryable=true
[1787257530577] MA: session ended kind=TRANSPORT_CLOSED retryable=true
[1787257532108] MA: session ended kind=TRANSPORT_CLOSED retryable=true
[1787257533642] MA: session ended kind=TRANSPORT_CLOSED retryable=true
[1787257535169] MA: session ended kind=TRANSPORT_CLOSED retryable=true
[1787257536685] MA: session ended kind=TRANSPORT_CLOSED retryable=true
[1787257538221] MA: session ended kind=TRANSPORT_CLOSED retryable=true
[1787257539743] MA: session ended kind=TRANSPORT_CLOSED retryable=true
[1787257541268] MA: session ended kind=TRANSPORT_CLOSED retryable=true
[1787257542790] MA: session ended kind=TRANSPORT_CLOSED retryable=true
[1787257544307] MA: session ended kind=TRANSPORT_CLOSED retryable=true
[1787257545828] MA: session ended kind=TRANSPORT_CLOSED retryable=true
[1787257547359] MA: session ended kind=TRANSPORT_CLOSED retryable=true
[1787257548901] MA: session ended kind=TRANSPORT_CLOSED retryable=true
[1787257550425] MA: session ended kind=TRANSPORT_CLOSED retryable=true
[1787257551954] MA: session ended kind=TRANSPORT_CLOSED retryable=true
[1787257553480] MA: session ended kind=TRANSPORT_CLOSED retryable=true
[1787257555010] MA: session ended kind=TRANSPORT_CLOSED retryable=true
[1787257556525] MA: session ended kind=TRANSPORT_CLOSED retryable=true
[1787257558049] MA: session ended kind=TRANSPORT_CLOSED retryable=true
[1787257559575] MA: session ended kind=TRANSPORT_CLOSED retryable=true
[1787257561115] MA: session ended kind=TRANSPORT_CLOSED retryable=true
[1787257562643] MA: session ended kind=TRANSPORT_CLOSED retryable=true
[1787257564177] MA: session ended kind=TRANSPORT_CLOSED retryable=true
[1787257565694] MA: session ended kind=TRANSPORT_CLOSED retryable=true
[1787257567217] MA: session ended kind=TRANSPORT_CLOSED retryable=true
[1787257568755] MA: session ended kind=TRANSPORT_CLOSED retryable=true
[1787257570283] MA: session ended kind=TRANSPORT_CLOSED retryable=true
[1787257571820] MA: session ended kind=TRANSPORT_CLOSED retryable=true
[1787257573342] MA: session ended kind=TRANSPORT_CLOSED retryable=true
[1787257574871] MA: session ended kind=TRANSPORT_CLOSED retryable=true
[1787257576411] MA: session ended kind=TRANSPORT_CLOSED retryable=true
[1787257577943] MA: session ended kind=TRANSPORT_CLOSED retryable=true
[1787257579475] MA: session ended kind=TRANSPORT_CLOSED retryable=true
[1787257581004] MA: session ended kind=TRANSPORT_CLOSED retryable=true
[1787257582527] MA: session ended kind=TRANSPORT_CLOSED retryable=true
[1787257584049] MA: session ended kind=TRANSPORT_CLOSED retryable=true
[1787257585572] MA: session ended kind=TRANSPORT_CLOSED retryable=true
[1787257587097] MA: session ended kind=TRANSPORT_CLOSED retryable=true
[1787257588632] MA: session ended kind=TRANSPORT_CLOSED retryable=true
[1787257590150] MA: session ended kind=TRANSPORT_CLOSED retryable=true
[1787257591666] MA: session ended kind=TRANSPORT_CLOSED retryable=true
[1787257593193] MA: session ended kind=TRANSPORT_CLOSED retryable=true
[1787257594722] MA: session ended kind=TRANSPORT_CLOSED retryable=true
[1787257596251] MA: session ended kind=TRANSPORT_CLOSED retryable=true
[1787257597785] MA: session ended kind=TRANSPORT_CLOSED retryable=true
[1787257599315] MA: session ended kind=TRANSPORT_CLOSED retryable=true
[1787257600851] MA: session ended kind=TRANSPORT_CLOSED retryable=true
[1787257602383] MA: session ended kind=TRANSPORT_CLOSED retryable=true
[1787257603902] MA: session ended kind=TRANSPORT_CLOSED retryable=true
[1787257605436] MA: session ended kind=TRANSPORT_CLOSED retryable=true
[1787257606970] MA: session ended kind=TRANSPORT_CLOSED retryable=true
[1787257608497] MA: session ended kind=TRANSPORT_CLOSED retryable=true
[1787257610030] MA: session ended kind=TRANSPORT_CLOSED retryable=true
[1787257611566] MA: session ended kind=TRANSPORT_CLOSED retryable=true
[1787257613098] MA: session ended kind=TRANSPORT_CLOSED retryable=true
[1787257614616] MA: session ended kind=TRANSPORT_CLOSED retryable=true
[1787257616147] MA: session ended kind=TRANSPORT_CLOSED retryable=true
[1787257617670] MA: session ended kind=TRANSPORT_CLOSED retryable=true
[1787257619204] MA: session ended kind=TRANSPORT_CLOSED retryable=true
[1787257620748] MA: session ended kind=TRANSPORT_CLOSED retryable=true
[1787257622271] MA: session ended kind=TRANSPORT_CLOSED retryable=true
[1787257623801] MA: session ended kind=TRANSPORT_CLOSED retryable=true
[1787257625334] MA: session ended kind=TRANSPORT_CLOSED retryable=true
[1787257626857] MA: session ended kind=TRANSPORT_CLOSED retryable=true
[1787257628383] MA: session ended kind=TRANSPORT_CLOSED retryable=true
[1787257629915] MA: session ended kind=TRANSPORT_CLOSED retryable=true
[1787257631440] MA: session ended kind=TRANSPORT_CLOSED retryable=true
[1787257632974] MA: session ended kind=TRANSPORT_CLOSED retryable=true
[1787257634515] MA: session ended kind=TRANSPORT_CLOSED retryable=true
[1787257636028] MA: session ended kind=TRANSPORT_CLOSED retryable=true
[1787257637548] MA: session ended kind=TRANSPORT_CLOSED retryable=true
[1787257639074] MA: session ended kind=TRANSPORT_CLOSED retryable=true
[1787257640596] MA: session ended kind=TRANSPORT_CLOSED retryable=true
[1787257642129] MA: session ended kind=TRANSPORT_CLOSED retryable=true
[1787257643663] MA: session ended kind=TRANSPORT_CLOSED retryable=true
[1787257645194] MA: session ended kind=TRANSPORT_CLOSED retryable=true
[1787257646719] MA: session ended kind=TRANSPORT_CLOSED retryable=true
[1787257648253] MA: session ended kind=TRANSPORT_CLOSED retryable=true
[1787257649791] MA: session ended kind=TRANSPORT_CLOSED retryable=true
[1787257651314] MA: session ended kind=TRANSPORT_CLOSED retryable=true
[1787257652851] MA: session ended kind=TRANSPORT_CLOSED retryable=true
[1787257654376] MA: session ended kind=TRANSPORT_CLOSED retryable=true
[1787257655915] MA: session ended kind=TRANSPORT_CLOSED retryable=true
[1787257657442] MA: session ended kind=TRANSPORT_CLOSED retryable=true
[1787257658961] MA: session ended kind=TRANSPORT_CLOSED retryable=true
[1787257660479] MA: session ended kind=TRANSPORT_CLOSED retryable=true
[1787257661999] MA: session ended kind=TRANSPORT_CLOSED retryable=true
[1787257663535] MA: session ended kind=TRANSPORT_CLOSED retryable=true
[1787257665063] MA: session ended kind=TRANSPORT_CLOSED retryable=true
[1787257666595] MA: session ended kind=TRANSPORT_CLOSED retryable=true
[1787257668124] MA: session ended kind=TRANSPORT_CLOSED retryable=true
[1787257669658] MA: session ended kind=TRANSPORT_CLOSED retryable=true
[1787257671194] MA: session ended kind=TRANSPORT_CLOSED retryable=true
[1787257672726] MA: session ended kind=TRANSPORT_CLOSED retryable=true
[1787257674261] MA: session ended kind=TRANSPORT_CLOSED retryable=true
[1787257675789] MA: session ended kind=TRANSPORT_CLOSED retryable=true
[1787257677308] MA: session ended kind=TRANSPORT_CLOSED retryable=true
[1787257678823] MA: session ended kind=TRANSPORT_CLOSED retryable=true
[1787257680350] MA: session ended kind=TRANSPORT_CLOSED retryable=true
[1787257681881] MA: session ended kind=TRANSPORT_CLOSED retryable=true
[1787257683421] MA: session ended kind=TRANSPORT_CLOSED retryable=true
[1787257684940] MA: session ended kind=TRANSPORT_CLOSED retryable=true
[1787257686473] MA: session ended kind=TRANSPORT_CLOSED retryable=true
[1787257688003] MA: session ended kind=TRANSPORT_CLOSED retryable=true
[1787257689537] MA: session ended kind=TRANSPORT_CLOSED retryable=true
[1787257691072] MA: session ended kind=TRANSPORT_CLOSED retryable=true
[1787257692603] MA: session ended kind=TRANSPORT_CLOSED retryable=true
[1787257694126] MA: session ended kind=TRANSPORT_CLOSED retryable=true
[1787257695664] MA: session ended kind=TRANSPORT_CLOSED retryable=true
[1787257697204] MA: session ended kind=TRANSPORT_CLOSED retryable=true
[1787257698724] MA: session ended kind=TRANSPORT_CLOSED retryable=true
[1787257700260] MA: session ended kind=TRANSPORT_CLOSED retryable=true
[1787257701794] MA: session ended kind=TRANSPORT_CLOSED retryable=true
[1787257703323] MA: session ended kind=TRANSPORT_CLOSED retryable=true
[1787257704847] MA: session ended kind=TRANSPORT_CLOSED retryable=true
[1787257706375] MA: session ended kind=TRANSPORT_CLOSED retryable=true
[1787257707900] MA: session ended kind=TRANSPORT_CLOSED retryable=true
[1787257709439] MA: session ended kind=TRANSPORT_CLOSED retryable=true
[1787257710962] MA: session ended kind=TRANSPORT_CLOSED retryable=true
[1787257712482] MA: session ended kind=TRANSPORT_CLOSED retryable=true
[1787257714003] MA: session ended kind=TRANSPORT_CLOSED retryable=true
[1787257715540] MA: session ended kind=TRANSPORT_CLOSED retryable=true
[1787257717062] MA: session ended kind=TRANSPORT_CLOSED retryable=true
[1787257718589] MA: session ended kind=TRANSPORT_CLOSED retryable=true
[1787257720130] MA: session ended kind=TRANSPORT_CLOSED retryable=true
[1787257721668] MA: session ended kind=TRANSPORT_CLOSED retryable=true
[1787257723208] MA: session ended kind=TRANSPORT_CLOSED retryable=true
[1787257724722] MA: session ended kind=TRANSPORT_CLOSED retryable=true
[1787257726259] MA: session ended kind=TRANSPORT_CLOSED retryable=true
[1787257727791] MA: session ended kind=TRANSPORT_CLOSED retryable=true
[1787257729324] MA: session ended kind=TRANSPORT_CLOSED retryable=true
[1787257730855] MA: session ended kind=TRANSPORT_CLOSED retryable=true
[1787257732381] MA: session ended kind=TRANSPORT_CLOSED retryable=true
[1787257733917] MA: session ended kind=TRANSPORT_CLOSED retryable=true
[1787257735450] MA: session ended kind=TRANSPORT_CLOSED retryable=true
[1787257736986] MA: session ended kind=TRANSPORT_CLOSED retryable=true
[1787257738519] MA: session ended kind=TRANSPORT_CLOSED retryable=true
[1787257740033] MA: session ended kind=TRANSPORT_CLOSED retryable=true
[1787257741548] MA: session ended kind=TRANSPORT_CLOSED retryable=true
[1787257743064] MA: session ended kind=TRANSPORT_CLOSED retryable=true
[1787257744584] MA: session ended kind=TRANSPORT_CLOSED retryable=true
[1787257746120] MA: session ended kind=TRANSPORT_CLOSED retryable=true
[1787257747637] MA: session ended kind=TRANSPORT_CLOSED retryable=true
[1787257749155] MA: session ended kind=TRANSPORT_CLOSED retryable=true
[1787257750668] MA: session ended kind=TRANSPORT_CLOSED retryable=true
[1787257752186] MA: session ended kind=TRANSPORT_CLOSED retryable=true
[1787257753710] MA: session ended kind=TRANSPORT_CLOSED retryable=true
[1787257755251] MA: session ended kind=TRANSPORT_CLOSED retryable=true
[1787257756777] MA: session ended kind=TRANSPORT_CLOSED retryable=true
[1787257758312] MA: session ended kind=TRANSPORT_CLOSED retryable=true
[1787257759831] MA: session ended kind=TRANSPORT_CLOSED retryable=true
[1787257761370] MA: session ended kind=TRANSPORT_CLOSED retryable=true
[1787257762912] MA: session ended kind=TRANSPORT_CLOSED retryable=true
[1787257764446] MA: session ended kind=TRANSPORT_CLOSED retryable=true
[1787257765984] MA: session ended kind=TRANSPORT_CLOSED retryable=true
[1787257767508] MA: session ended kind=TRANSPORT_CLOSED retryable=true
[1787257769037] MA: session ended kind=TRANSPORT_CLOSED retryable=true
[1787257770573] MA: session ended kind=TRANSPORT_CLOSED retryable=true
[1787257772111] MA: session ended kind=TRANSPORT_CLOSED retryable=true
[1787257773633] MA: session ended kind=TRANSPORT_CLOSED retryable=true
[1787257775167] MA: session ended kind=TRANSPORT_CLOSED retryable=true
[1787257776699] MA: session ended kind=TRANSPORT_CLOSED retryable=true
[1787257778243] MA: session ended kind=TRANSPORT_CLOSED retryable=true
[1787257779765] MA: session ended kind=TRANSPORT_CLOSED retryable=true
[1787257781284] MA: session ended kind=TRANSPORT_CLOSED retryable=true
[1787257782806] MA: session ended kind=TRANSPORT_CLOSED retryable=true
[1787257784333] MA: session ended kind=TRANSPORT_CLOSED retryable=true
[1787257785855] MA: session ended kind=TRANSPORT_CLOSED retryable=true
[1787257787379] MA: session ended kind=TRANSPORT_CLOSED retryable=true
[1787257788913] MA: session ended kind=TRANSPORT_CLOSED retryable=true
[1787257790448] MA: session ended kind=TRANSPORT_CLOSED retryable=true
[1787257791982] MA: session ended kind=TRANSPORT_CLOSED retryable=true
[1787257793512] MA: session ended kind=TRANSPORT_CLOSED retryable=true
[1787257795042] MA: session ended kind=TRANSPORT_CLOSED retryable=true
[1787257796570] MA: session ended kind=TRANSPORT_CLOSED retryable=true
[1787257798117] MA: session ended kind=TRANSPORT_CLOSED retryable=true
[1787257799658] MA: session ended kind=TRANSPORT_CLOSED retryable=true
[1787257801193] MA: session ended kind=TRANSPORT_CLOSED retryable=true
[1787257802706] MA: session ended kind=TRANSPORT_CLOSED retryable=true
[1787257804231] MA: session ended kind=TRANSPORT_CLOSED retryable=true
[1787257805764] MA: session ended kind=TRANSPORT_CLOSED retryable=true
[1787257807291] MA: session ended kind=TRANSPORT_CLOSED retryable=true
[1787257808827] MA: session ended kind=TRANSPORT_CLOSED retryable=true
[1787257810348] MA: session ended kind=TRANSPORT_CLOSED retryable=true
[1787257811869] MA: session ended kind=TRANSPORT_CLOSED retryable=true
[1787257813415] MA: session ended kind=TRANSPORT_CLOSED retryable=true
[1787257814937] MA: session ended kind=TRANSPORT_CLOSED retryable=true
[1787257816471] MA: session ended kind=TRANSPORT_CLOSED retryable=true
[1787257817998] MA: session ended kind=TRANSPORT_CLOSED retryable=true
[1787257819535] MA: session ended kind=TRANSPORT_CLOSED retryable=true
[1787257821054] MA: session ended kind=TRANSPORT_CLOSED retryable=true
[1787257822570] MA: session ended kind=TRANSPORT_CLOSED retryable=true
[1787257824106] MA: session ended kind=TRANSPORT_CLOSED retryable=true
[1787257825646] MA: session ended kind=TRANSPORT_CLOSED retryable=true
[1787257827171] MA: session ended kind=TRANSPORT_CLOSED retryable=true
[1787257828700] MA: session ended kind=TRANSPORT_CLOSED retryable=true
[1787257830238] MA: session ended kind=TRANSPORT_CLOSED retryable=true
[1787257831756] MA: session ended kind=TRANSPORT_CLOSED retryable=true
[1787257833276] MA: session ended kind=TRANSPORT_CLOSED retryable=true
[1787257834815] MA: session ended kind=TRANSPORT_CLOSED retryable=true
[1787257836337] MA: session ended kind=TRANSPORT_CLOSED retryable=true
[1787257837872] MA: session ended kind=TRANSPORT_CLOSED retryable=true
[1787257839409] MA: session ended kind=TRANSPORT_CLOSED retryable=true
[1787257840939] MA: session ended kind=TRANSPORT_CLOSED retryable=true
[1787257842458] MA: session ended kind=TRANSPORT_CLOSED retryable=true
[1787257843983] MA: session ended kind=TRANSPORT_CLOSED retryable=true
[1787257845517] MA: session ended kind=TRANSPORT_CLOSED retryable=true
[1787257847050] MA: session ended kind=TRANSPORT_CLOSED retryable=true
[1787257848579] MA: session ended kind=TRANSPORT_CLOSED retryable=true
[1787257850109] MA: session ended kind=TRANSPORT_CLOSED retryable=true
[1787257851638] MA: session ended kind=TRANSPORT_CLOSED retryable=true
[1787257853178] MA: session ended kind=TRANSPORT_CLOSED retryable=true
[1787257854704] MA: session ended kind=TRANSPORT_CLOSED retryable=true
[1787257856228] MA: session ended kind=TRANSPORT_CLOSED retryable=true
[1787257857768] MA: session ended kind=TRANSPORT_CLOSED retryable=true
[1787257859300] MA: session ended kind=TRANSPORT_CLOSED retryable=true
[1787257860831] MA: session ended kind=TRANSPORT_CLOSED retryable=true
[1787257862364] MA: session ended kind=TRANSPORT_CLOSED retryable=true
[1787257863888] MA: session ended kind=TRANSPORT_CLOSED retryable=true
[1787257865421] MA: session ended kind=TRANSPORT_CLOSED retryable=true
[1787257866958] MA: session ended kind=TRANSPORT_CLOSED retryable=true
[1787257868488] MA: session ended kind=TRANSPORT_CLOSED retryable=true
[1787257870011] MA: session ended kind=TRANSPORT_CLOSED retryable=true
[1787257871543] MA: session ended kind=TRANSPORT_CLOSED retryable=true
[1787257873064] MA: session ended kind=TRANSPORT_CLOSED retryable=true
[1787257874601] MA: session ended kind=TRANSPORT_CLOSED retryable=true
[1787257876128] MA: session ended kind=TRANSPORT_CLOSED retryable=true
[1787257877658] MA: session ended kind=TRANSPORT_CLOSED retryable=true
[1787257879201] MA: session ended kind=TRANSPORT_CLOSED retryable=true
[1787257880737] MA: session ended kind=TRANSPORT_CLOSED retryable=true
[1787257882263] MA: session ended kind=TRANSPORT_CLOSED retryable=true
[1787257883803] MA: session ended kind=TRANSPORT_CLOSED retryable=true
[1787257885333] MA: session ended kind=TRANSPORT_CLOSED retryable=true
[1787257886856] MA: session ended kind=TRANSPORT_CLOSED retryable=true
[1787257888378] MA: session ended kind=TRANSPORT_CLOSED retryable=true
[1787257889916] MA: session ended kind=TRANSPORT_CLOSED retryable=true
[1787257891448] MA: session ended kind=TRANSPORT_CLOSED retryable=true
[1787257892976] MA: session ended kind=TRANSPORT_CLOSED retryable=true
[1787257894508] MA: session ended kind=TRANSPORT_CLOSED retryable=true
[1787257896025] MA: session ended kind=TRANSPORT_CLOSED retryable=true
[1787257897542] MA: session ended kind=TRANSPORT_CLOSED retryable=true
[1787257899061] MA: session ended kind=TRANSPORT_CLOSED retryable=true
[1787257900574] MA: session ended kind=TRANSPORT_CLOSED retryable=true
[1787257902088] MA: session ended kind=TRANSPORT_CLOSED retryable=true
[1787257903612] MA: session ended kind=TRANSPORT_CLOSED retryable=true
[1787257905144] MA: session ended kind=TRANSPORT_CLOSED retryable=true
[1787257906670] MA: session ended kind=TRANSPORT_CLOSED retryable=true
[1787257908194] MA: session ended kind=TRANSPORT_CLOSED retryable=true
[1787257909721] MA: session ended kind=TRANSPORT_CLOSED retryable=true
[1787257911249] MA: session ended kind=TRANSPORT_CLOSED retryable=true
[1787257912770] MA: session ended kind=TRANSPORT_CLOSED retryable=true
[1787257914308] MA: session ended kind=TRANSPORT_CLOSED retryable=true
[1787257915840] MA: session ended kind=TRANSPORT_CLOSED retryable=true
[1787257917378] MA: session ended kind=TRANSPORT_CLOSED retryable=true
[1787257918907] MA: session ended kind=TRANSPORT_CLOSED retryable=true
[1787257920442] MA: session ended kind=TRANSPORT_CLOSED retryable=true
[1787257921970] MA: session ended kind=TRANSPORT_CLOSED retryable=true
[1787257922698] MA: session ended kind=TRANSPORT_CLOSED retryable=true
[1787257924234] MA: session ended kind=TRANSPORT_CLOSED retryable=true
[1787257925780] MA: session ended kind=TRANSPORT_CLOSED retryable=true
[1787257927302] MA: session ended kind=TRANSPORT_CLOSED retryable=true
[1787257928824] MA: session ended kind=TRANSPORT_CLOSED retryable=true
[1787257929354] MA: session ended kind=TRANSPORT_CLOSED retryable=true
[1787257930874] MA: session ended kind=TRANSPORT_CLOSED retryable=true
[1787257932408] MA: session ended kind=TRANSPORT_CLOSED retryable=true
[1787257933940] MA: session ended kind=TRANSPORT_CLOSED retryable=true
[1787257935468] MA: session ended kind=TRANSPORT_CLOSED retryable=true
[1787257936971] MA: session ended kind=TRANSPORT_CLOSED retryable=true
[1787257938490] MA: session ended kind=TRANSPORT_CLOSED retryable=true
[1787257940020] MA: session ended kind=TRANSPORT_CLOSED retryable=true
[1787257941552] MA: session ended kind=TRANSPORT_CLOSED retryable=true
[1787257943078] MA: session ended kind=TRANSPORT_CLOSED retryable=true
[1787257944612] MA: session ended kind=TRANSPORT_CLOSED retryable=true
[1787257946165] MA: session ended kind=TRANSPORT_CLOSED retryable=true
[1787257946781] MA: session ended kind=TRANSPORT_CLOSED retryable=true
[1787257948311] MA: session ended kind=TRANSPORT_CLOSED retryable=true
[1787257949835] MA: session ended kind=TRANSPORT_CLOSED retryable=true
[1787257951363] MA: session ended kind=TRANSPORT_CLOSED retryable=true
[1787257952881] MA: session ended kind=TRANSPORT_CLOSED retryable=true
[1787257954413] MA: session ended kind=TRANSPORT_CLOSED retryable=true
[1787257955946] MA: session ended kind=TRANSPORT_CLOSED retryable=true
[1787257957469] MA: session ended kind=TRANSPORT_CLOSED retryable=true
[1787257958993] MA: session ended kind=TRANSPORT_CLOSED retryable=true
[1787257960511] MA: session ended kind=TRANSPORT_CLOSED retryable=true
[1787257962034] MA: session ended kind=TRANSPORT_CLOSED retryable=true
[1787257963553] MA: session ended kind=TRANSPORT_CLOSED retryable=true
[1787257965087] MA: session ended kind=TRANSPORT_CLOSED retryable=true
[1787257966615] MA: session ended kind=TRANSPORT_CLOSED retryable=true
[1787257968143] MA: session ended kind=TRANSPORT_CLOSED retryable=true
[1787257969681] MA: session ended kind=TRANSPORT_CLOSED retryable=true
[1787257971213] MA: session ended kind=TRANSPORT_CLOSED retryable=true
[1787257972740] MA: session ended kind=TRANSPORT_CLOSED retryable=true
[1787257974274] MA: session ended kind=TRANSPORT_CLOSED retryable=true
[1787257975802] MA: session ended kind=TRANSPORT_CLOSED retryable=true
[1787257977334] MA: session ended kind=TRANSPORT_CLOSED retryable=true
[1787257978876] MA: session ended kind=TRANSPORT_CLOSED retryable=true
[1787257980401] MA: session ended kind=TRANSPORT_CLOSED retryable=true
[1787257981933] MA: session ended kind=TRANSPORT_CLOSED retryable=true
[1787257983455] MA: session ended kind=TRANSPORT_CLOSED retryable=true
[1787257983854] MA: session ended kind=TRANSPORT_CLOSED retryable=true
[1787257985366] MA: session ended kind=TRANSPORT_CLOSED retryable=true
[1787257986889] MA: session ended kind=TRANSPORT_CLOSED retryable=true
[1787257988414] MA: session ended kind=TRANSPORT_CLOSED retryable=true
[1787257989941] MA: session ended kind=TRANSPORT_CLOSED retryable=true
[1787257991471] MA: session ended kind=TRANSPORT_CLOSED retryable=true
[1787257992996] MA: session ended kind=TRANSPORT_CLOSED retryable=true
[1787257994522] MA: session ended kind=TRANSPORT_CLOSED retryable=true
[1787257996039] MA: session ended kind=TRANSPORT_CLOSED retryable=true
[1787257997558] MA: session ended kind=TRANSPORT_CLOSED retryable=true
[1787257999099] MA: session ended kind=TRANSPORT_CLOSED retryable=true
[1787258000626] MA: session ended kind=TRANSPORT_CLOSED retryable=true
[1787258002156] MA: session ended kind=TRANSPORT_CLOSED retryable=true
[1787258003684] MA: session ended kind=TRANSPORT_CLOSED retryable=true
[1787258005222] MA: session ended kind=TRANSPORT_CLOSED retryable=true
[1787258006750] MA: session ended kind=TRANSPORT_CLOSED retryable=true
[1787258008274] MA: session ended kind=TRANSPORT_CLOSED retryable=true
[1787258009786] MA: session ended kind=TRANSPORT_CLOSED retryable=true
[1787258011309] MA: session ended kind=TRANSPORT_CLOSED retryable=true
[1787258012851] MA: session ended kind=TRANSPORT_CLOSED retryable=true
[1787258014372] MA: session ended kind=TRANSPORT_CLOSED retryable=true
[1787258015908] MA: session ended kind=TRANSPORT_CLOSED retryable=true
[1787258017441] MA: session ended kind=TRANSPORT_CLOSED retryable=true
[1787258018958] MA: session ended kind=TRANSPORT_CLOSED retryable=true
[1787258020472] MA: session ended kind=TRANSPORT_CLOSED retryable=true
[1787258020673] MA: session ended kind=TRANSPORT_CLOSED retryable=true
[1787258022188] MA: session ended kind=TRANSPORT_CLOSED retryable=true
[1787258023706] MA: session ended kind=TRANSPORT_CLOSED retryable=true
[1787258025231] MA: session ended kind=TRANSPORT_CLOSED retryable=true
[1787258026756] MA: session ended kind=TRANSPORT_CLOSED retryable=true
[1787258028288] MA: session ended kind=TRANSPORT_CLOSED retryable=true
[1787258029815] MA: session ended kind=TRANSPORT_CLOSED retryable=true
[1787258031332] MA: session ended kind=TRANSPORT_CLOSED retryable=true
[1787258032875] MA: session ended kind=TRANSPORT_CLOSED retryable=true
[1787258034402] MA: session ended kind=TRANSPORT_CLOSED retryable=true
[1787258035923] MA: session ended kind=TRANSPORT_CLOSED retryable=true
[1787258037437] MA: session ended kind=TRANSPORT_CLOSED retryable=true
[1787258038956] MA: session ended kind=TRANSPORT_CLOSED retryable=true
[1787258040476] MA: session ended kind=TRANSPORT_CLOSED retryable=true
[1787258042013] MA: session ended kind=TRANSPORT_CLOSED retryable=true
[1787258043537] MA: session ended kind=TRANSPORT_CLOSED retryable=true
[1787258045071] MA: session ended kind=TRANSPORT_CLOSED retryable=true
[1787258046606] MA: session ended kind=TRANSPORT_CLOSED retryable=true
[1787258048140] MA: session ended kind=TRANSPORT_CLOSED retryable=true
[1787258049663] MA: session ended kind=TRANSPORT_CLOSED retryable=true
[1787258051202] MA: session ended kind=TRANSPORT_CLOSED retryable=true
[1787258052734] MA: session ended kind=TRANSPORT_CLOSED retryable=true
[1787258054254] MA: session ended kind=TRANSPORT_CLOSED retryable=true
[1787258055780] MA: session ended kind=TRANSPORT_CLOSED retryable=true
[1787258057294] MA: session ended kind=TRANSPORT_CLOSED retryable=true
[1787258058672] MA: session ended kind=TRANSPORT_CLOSED retryable=true
[1787258060194] MA: session ended kind=TRANSPORT_CLOSED retryable=true
[1787258061709] MA: session ended kind=TRANSPORT_CLOSED retryable=true
[1787258063228] MA: session ended kind=TRANSPORT_CLOSED retryable=true
[1787258064760] MA: session ended kind=TRANSPORT_CLOSED retryable=true
[1787258066301] MA: session ended kind=TRANSPORT_CLOSED retryable=true
[1787258067829] MA: session ended kind=TRANSPORT_CLOSED retryable=true
[1787258069360] MA: session ended kind=TRANSPORT_CLOSED retryable=true
[1787258070888] MA: session ended kind=TRANSPORT_CLOSED retryable=true
[1787258072413] MA: session ended kind=TRANSPORT_CLOSED retryable=true
[1787258073934] MA: session ended kind=TRANSPORT_CLOSED retryable=true
[1787258075471] MA: session ended kind=TRANSPORT_CLOSED retryable=true
[1787258077001] MA: session ended kind=TRANSPORT_CLOSED retryable=true
[1787258078535] MA: session ended kind=TRANSPORT_CLOSED retryable=true
[1787258080062] MA: session ended kind=TRANSPORT_CLOSED retryable=true
[1787258081591] MA: session ended kind=TRANSPORT_CLOSED retryable=true
[1787258083126] MA: session ended kind=TRANSPORT_CLOSED retryable=true
[1787258084650] MA: session ended kind=TRANSPORT_CLOSED retryable=true
[1787258086172] MA: session ended kind=TRANSPORT_CLOSED retryable=true
[1787258087706] MA: session ended kind=TRANSPORT_CLOSED retryable=true
[1787258089237] MA: session ended kind=TRANSPORT_CLOSED retryable=true
[1787258090763] MA: session ended kind=TRANSPORT_CLOSED retryable=true
[1787258092289] MA: session ended kind=TRANSPORT_CLOSED retryable=true
[1787258093810] MA: session ended kind=TRANSPORT_CLOSED retryable=true
[1787258095333] MA: session ended kind=TRANSPORT_CLOSED retryable=true
[1787258096575] MA: session ended kind=TRANSPORT_CLOSED retryable=true
[1787258098101] MA: session ended kind=TRANSPORT_CLOSED retryable=true
[1787258099625] MA: session ended kind=TRANSPORT_CLOSED retryable=true
[1787258101147] MA: session ended kind=TRANSPORT_CLOSED retryable=true
[1787258102659] MA: session ended kind=TRANSPORT_CLOSED retryable=true
[1787258104171] MA: session ended kind=TRANSPORT_CLOSED retryable=true
[1787258105696] MA: session ended kind=TRANSPORT_CLOSED retryable=true
[1787258107227] MA: session ended kind=TRANSPORT_CLOSED retryable=true
[1787258108750] MA: session ended kind=TRANSPORT_CLOSED retryable=true
[1787258110276] MA: session ended kind=TRANSPORT_CLOSED retryable=true
[1787258111812] MA: session ended kind=TRANSPORT_CLOSED retryable=true
[1787258113338] MA: session ended kind=TRANSPORT_CLOSED retryable=true
[1787258114869] MA: session ended kind=TRANSPORT_CLOSED retryable=true
[1787258116401] MA: session ended kind=TRANSPORT_CLOSED retryable=true
[1787258117938] MA: session ended kind=TRANSPORT_CLOSED retryable=true
[1787258119463] MA: session ended kind=TRANSPORT_CLOSED retryable=true
[1787258120998] MA: session ended kind=TRANSPORT_CLOSED retryable=true
[1787258122521] MA: session ended kind=TRANSPORT_CLOSED retryable=true
[1787258124039] MA: session ended kind=TRANSPORT_CLOSED retryable=true
[1787258125577] MA: session ended kind=TRANSPORT_CLOSED retryable=true
[1787258127104] MA: session ended kind=TRANSPORT_CLOSED retryable=true
[1787258128637] MA: session ended kind=TRANSPORT_CLOSED retryable=true
[1787258130180] MA: session ended kind=TRANSPORT_CLOSED retryable=true
[1787258131700] MA: session ended kind=TRANSPORT_CLOSED retryable=true
[1787258133226] MA: session ended kind=TRANSPORT_CLOSED retryable=true
[1787258134752] MA: session ended kind=TRANSPORT_CLOSED retryable=true
[1787258136266] MA: session ended kind=TRANSPORT_CLOSED retryable=true
[1787258137781] MA: session ended kind=TRANSPORT_CLOSED retryable=true
[1787258139310] MA: session ended kind=TRANSPORT_CLOSED retryable=true
[1787258140838] MA: session ended kind=TRANSPORT_CLOSED retryable=true
[1787258142363] MA: session ended kind=TRANSPORT_CLOSED retryable=true
[1787258143885] MA: session ended kind=TRANSPORT_CLOSED retryable=true
[1787258145413] MA: session ended kind=TRANSPORT_CLOSED retryable=true
[1787258146944] MA: session ended kind=TRANSPORT_CLOSED retryable=true
[1787258148468] MA: session ended kind=TRANSPORT_CLOSED retryable=true
[1787258149992] MA: session ended kind=TRANSPORT_CLOSED retryable=true
[1787258151529] MA: session ended kind=TRANSPORT_CLOSED retryable=true
[1787258153059] MA: session ended kind=TRANSPORT_CLOSED retryable=true
[1787258154595] MA: session ended kind=TRANSPORT_CLOSED retryable=true
[1787258156118] MA: session ended kind=TRANSPORT_CLOSED retryable=true
[1787258157655] MA: session ended kind=TRANSPORT_CLOSED retryable=true
[1787258159189] MA: session ended kind=TRANSPORT_CLOSED retryable=true
[1787258160716] MA: session ended kind=TRANSPORT_CLOSED retryable=true
[1787258162241] MA: session ended kind=TRANSPORT_CLOSED retryable=true
[1787258163773] MA: session ended kind=TRANSPORT_CLOSED retryable=true
[1787258165317] MA: session ended kind=TRANSPORT_CLOSED retryable=true
[1787258166842] MA: session ended kind=TRANSPORT_CLOSED retryable=true
[1787258168370] MA: session ended kind=TRANSPORT_CLOSED retryable=true
[1787258169905] MA: session ended kind=TRANSPORT_CLOSED retryable=true
[1787258171427] MA: session ended kind=TRANSPORT_CLOSED retryable=true
[1787258172941] MA: session ended kind=TRANSPORT_CLOSED retryable=true
[1787258174466] MA: session ended kind=TRANSPORT_CLOSED retryable=true
[1787258175992] MA: session ended kind=TRANSPORT_CLOSED retryable=true
[1787258177522] MA: session ended kind=TRANSPORT_CLOSED retryable=true
[1787258179036] MA: session ended kind=TRANSPORT_CLOSED retryable=true
[1787258180561] MA: session ended kind=TRANSPORT_CLOSED retryable=true
[1787258182087] MA: session ended kind=TRANSPORT_CLOSED retryable=true
[1787258183615] MA: session ended kind=TRANSPORT_CLOSED retryable=true
[1787258185152] MA: session ended kind=TRANSPORT_CLOSED retryable=true
[1787258186685] MA: session ended kind=TRANSPORT_CLOSED retryable=true
[1787258188207] MA: session ended kind=TRANSPORT_CLOSED retryable=true
[1787258189727] MA: session ended kind=TRANSPORT_CLOSED retryable=true
[1787258191263] MA: session ended kind=TRANSPORT_CLOSED retryable=true
[1787258192797] MA: session ended kind=TRANSPORT_CLOSED retryable=true
[1787258194324] MA: session ended kind=TRANSPORT_CLOSED retryable=true
[1787258195858] MA: session ended kind=TRANSPORT_CLOSED retryable=true
[1787258197382] MA: session ended kind=TRANSPORT_CLOSED retryable=true
[1787258198930] MA: session ended kind=TRANSPORT_CLOSED retryable=true
[1787258200468] MA: session ended kind=TRANSPORT_CLOSED retryable=true
[1787258201984] MA: session ended kind=TRANSPORT_CLOSED retryable=true
[1787258203511] MA: session ended kind=TRANSPORT_CLOSED retryable=true
[1787258205050] MA: session ended kind=TRANSPORT_CLOSED retryable=true
[1787258206578] MA: session ended kind=TRANSPORT_CLOSED retryable=true
[1787258208113] MA: session ended kind=TRANSPORT_CLOSED retryable=true
[1787258209639] MA: session ended kind=TRANSPORT_CLOSED retryable=true
[1787258211162] MA: session ended kind=TRANSPORT_CLOSED retryable=true
[1787258212694] MA: session ended kind=TRANSPORT_CLOSED retryable=true
[1787258214222] MA: session ended kind=TRANSPORT_CLOSED retryable=true
[1787258215756] MA: session ended kind=TRANSPORT_CLOSED retryable=true
[1787258217278] MA: session ended kind=TRANSPORT_CLOSED retryable=true
[1787258218811] MA: session ended kind=TRANSPORT_CLOSED retryable=true
[1787258220341] MA: session ended kind=TRANSPORT_CLOSED retryable=true
[1787258221863] MA: session ended kind=TRANSPORT_CLOSED retryable=true
[1787258223386] MA: session ended kind=TRANSPORT_CLOSED retryable=true
[1787258224927] MA: session ended kind=TRANSPORT_CLOSED retryable=true
[1787258226457] MA: session ended kind=TRANSPORT_CLOSED retryable=true
[1787258227984] MA: session ended kind=TRANSPORT_CLOSED retryable=true
[1787258229507] MA: session ended kind=TRANSPORT_CLOSED retryable=true
[1787258231022] MA: session ended kind=TRANSPORT_CLOSED retryable=true
[1787258232549] MA: session ended kind=TRANSPORT_CLOSED retryable=true
[1787258234077] MA: session ended kind=TRANSPORT_CLOSED retryable=true
[1787258235605] MA: session ended kind=TRANSPORT_CLOSED retryable=true
[1787258237139] MA: session ended kind=TRANSPORT_CLOSED retryable=true
[1787258238657] MA: session ended kind=TRANSPORT_CLOSED retryable=true
[1787258240181] MA: session ended kind=TRANSPORT_CLOSED retryable=true
[1787258241710] MA: session ended kind=TRANSPORT_CLOSED retryable=true
[1787258243220] MA: session ended kind=TRANSPORT_CLOSED retryable=true
[1787258244747] MA: session ended kind=TRANSPORT_CLOSED retryable=true
[1787258246283] MA: session ended kind=TRANSPORT_CLOSED retryable=true
[1787258247811] MA: session ended kind=TRANSPORT_CLOSED retryable=true
[1787258249339] MA: session ended kind=TRANSPORT_CLOSED retryable=true
[1787258250861] MA: session ended kind=TRANSPORT_CLOSED retryable=true
[1787258252386] MA: session ended kind=TRANSPORT_CLOSED retryable=true
[1787258253922] MA: session ended kind=TRANSPORT_CLOSED retryable=true
[1787258255450] MA: session ended kind=TRANSPORT_CLOSED retryable=true
[1787258256987] MA: session ended kind=TRANSPORT_CLOSED retryable=true
[1787258258509] MA: session ended kind=TRANSPORT_CLOSED retryable=true
[1787258260042] MA: session ended kind=TRANSPORT_CLOSED retryable=true
[1787258261586] MA: session ended kind=TRANSPORT_CLOSED retryable=true
[1787258263113] MA: session ended kind=TRANSPORT_CLOSED retryable=true
[1787258264637] MA: session ended kind=TRANSPORT_CLOSED retryable=true
[1787258266161] MA: session ended kind=TRANSPORT_CLOSED retryable=true
[1787258267690] MA: session ended kind=TRANSPORT_CLOSED retryable=true
[1787258269213] MA: session ended kind=TRANSPORT_CLOSED retryable=true
[1787258270747] MA: session ended kind=TRANSPORT_CLOSED retryable=true
[1787258272271] MA: session ended kind=TRANSPORT_CLOSED retryable=true
[1787258273795] MA: session ended kind=TRANSPORT_CLOSED retryable=true
[1787258275323] MA: session ended kind=TRANSPORT_CLOSED retryable=true
[1787258276851] MA: session ended kind=TRANSPORT_CLOSED retryable=true
[1787258278373] MA: session ended kind=TRANSPORT_CLOSED retryable=true
[1787258279902] MA: session ended kind=TRANSPORT_CLOSED retryable=true
[1787258281435] MA: session ended kind=TRANSPORT_CLOSED retryable=true
[1787258282962] MA: session ended kind=TRANSPORT_CLOSED retryable=true
[1787258284499] MA: session ended kind=TRANSPORT_CLOSED retryable=true
[1787258286028] MA: session ended kind=TRANSPORT_CLOSED retryable=true
[1787258287561] MA: session ended kind=TRANSPORT_CLOSED retryable=true
[1787258289090] MA: session ended kind=TRANSPORT_CLOSED retryable=true
[1787258290615] MA: session ended kind=TRANSPORT_CLOSED retryable=true
[1787258292129] MA: session ended kind=TRANSPORT_CLOSED retryable=true
[1787258293640] MA: session ended kind=TRANSPORT_CLOSED retryable=true
[1787258295159] MA: session ended kind=TRANSPORT_CLOSED retryable=true
[1787258296688] MA: session ended kind=TRANSPORT_CLOSED retryable=true
[1787258298217] MA: session ended kind=TRANSPORT_CLOSED retryable=true
[1787258299746] MA: session ended kind=TRANSPORT_CLOSED retryable=true
[1787258301293] MA: session ended kind=TRANSPORT_CLOSED retryable=true
[1787258302814] MA: session ended kind=TRANSPORT_CLOSED retryable=true
[1787258304336] MA: session ended kind=TRANSPORT_CLOSED retryable=true
[1787258305876] MA: session ended kind=TRANSPORT_CLOSED retryable=true
[1787258307414] MA: session ended kind=TRANSPORT_CLOSED retryable=true
[1787258308939] MA: session ended kind=TRANSPORT_CLOSED retryable=true
[1787258310462] MA: session ended kind=TRANSPORT_CLOSED retryable=true
[1787258311986] MA: session ended kind=TRANSPORT_CLOSED retryable=true
[1787258313511] MA: session ended kind=TRANSPORT_CLOSED retryable=true
[1787258315042] MA: session ended kind=TRANSPORT_CLOSED retryable=true
[1787258316567] MA: session ended kind=TRANSPORT_CLOSED retryable=true
[1787258318093] MA: session ended kind=TRANSPORT_CLOSED retryable=true
[1787258319622] MA: session ended kind=TRANSPORT_CLOSED retryable=true
[1787258321153] MA: session ended kind=TRANSPORT_CLOSED retryable=true
[1787258322682] MA: session ended kind=TRANSPORT_CLOSED retryable=true
[1787258324207] MA: session ended kind=TRANSPORT_CLOSED retryable=true
[1787258325732] MA: session ended kind=TRANSPORT_CLOSED retryable=true
[1787258327267] MA: session ended kind=TRANSPORT_CLOSED retryable=true
[1787258328792] MA: session ended kind=TRANSPORT_CLOSED retryable=true
[1787258330328] MA: session ended kind=TRANSPORT_CLOSED retryable=true
[1787258331845] MA: session ended kind=TRANSPORT_CLOSED retryable=true
[1787258333370] MA: session ended kind=TRANSPORT_CLOSED retryable=true
[1787258334901] MA: session ended kind=TRANSPORT_CLOSED retryable=true
[1787258336431] MA: session ended kind=TRANSPORT_CLOSED retryable=true
[1787258337960] MA: session ended kind=TRANSPORT_CLOSED retryable=true
[1787258339491] MA: session ended kind=TRANSPORT_CLOSED retryable=true
[1787258341011] MA: session ended kind=TRANSPORT_CLOSED retryable=true
[1787258342543] MA: session ended kind=TRANSPORT_CLOSED retryable=true
[1787258344077] MA: session ended kind=TRANSPORT_CLOSED retryable=true
[1787258345603] MA: session ended kind=TRANSPORT_CLOSED retryable=true
[1787258347141] MA: session ended kind=TRANSPORT_CLOSED retryable=true
[1787258348661] MA: session ended kind=TRANSPORT_CLOSED retryable=true
[1787258350184] MA: session ended kind=TRANSPORT_CLOSED retryable=true
[1787258351725] MA: session ended kind=TRANSPORT_CLOSED retryable=true
[1787258353253] MA: session ended kind=TRANSPORT_CLOSED retryable=true
[1787258354787] MA: session ended kind=TRANSPORT_CLOSED retryable=true
[1787258356316] MA: session ended kind=TRANSPORT_CLOSED retryable=true
[1787258357838] MA: session ended kind=TRANSPORT_CLOSED retryable=true
[1787258359374] MA: session ended kind=TRANSPORT_CLOSED retryable=true
[1787258360899] MA: session ended kind=TRANSPORT_CLOSED retryable=true
[1787258362436] MA: session ended kind=TRANSPORT_CLOSED retryable=true
[1787258363977] MA: session ended kind=TRANSPORT_CLOSED retryable=true
[1787258365503] MA: session ended kind=TRANSPORT_CLOSED retryable=true
[1787258367023] MA: session ended kind=TRANSPORT_CLOSED retryable=true
[1787258368541] MA: session ended kind=TRANSPORT_CLOSED retryable=true
[1787258370078] MA: session ended kind=TRANSPORT_CLOSED retryable=true
[1787258371614] MA: session ended kind=TRANSPORT_CLOSED retryable=true
[1787258373141] MA: session ended kind=TRANSPORT_CLOSED retryable=true
[1787258374670] MA: session ended kind=TRANSPORT_CLOSED retryable=true
[1787258376200] MA: session ended kind=TRANSPORT_CLOSED retryable=true
[1787258377730] MA: session ended kind=TRANSPORT_CLOSED retryable=true
[1787258379264] MA: session ended kind=TRANSPORT_CLOSED retryable=true
[1787258380826] MA: session ended kind=TRANSPORT_CLOSED retryable=true
[1787258382354] MA: session ended kind=TRANSPORT_CLOSED retryable=true
[1787258383868] MA: session ended kind=TRANSPORT_CLOSED retryable=true
[1787258385387] MA: session ended kind=TRANSPORT_CLOSED retryable=true
[1787258386921] MA: session ended kind=TRANSPORT_CLOSED retryable=true
[1787258388460] MA: session ended kind=TRANSPORT_CLOSED retryable=true
[1787258389979] MA: session ended kind=TRANSPORT_CLOSED retryable=true
[1787258391513] MA: session ended kind=TRANSPORT_CLOSED retryable=true
[1787258393048] MA: session ended kind=TRANSPORT_CLOSED retryable=true
[1787258394585] MA: session ended kind=TRANSPORT_CLOSED retryable=true
[1787258396108] MA: session ended kind=TRANSPORT_CLOSED retryable=true
[1787258397644] MA: session ended kind=TRANSPORT_CLOSED retryable=true
[1787258399178] MA: session ended kind=TRANSPORT_CLOSED retryable=true
[1787258400708] MA: session ended kind=TRANSPORT_CLOSED retryable=true
[1787258402239] MA: session ended kind=TRANSPORT_CLOSED retryable=true
[1787258403772] MA: session ended kind=TRANSPORT_CLOSED retryable=true
[1787258405291] MA: session ended kind=TRANSPORT_CLOSED retryable=true
[1787258406819] MA: session ended kind=TRANSPORT_CLOSED retryable=true
[1787258408348] MA: session ended kind=TRANSPORT_CLOSED retryable=true
[1787258409880] MA: session ended kind=TRANSPORT_CLOSED retryable=true
[1787258411402] MA: session ended kind=TRANSPORT_CLOSED retryable=true
[1787258412921] MA: session ended kind=TRANSPORT_CLOSED retryable=true
[1787258414457] MA: session ended kind=TRANSPORT_CLOSED retryable=true
[1787258415989] MA: session ended kind=TRANSPORT_CLOSED retryable=true
[1787258417542] MA: session ended kind=TRANSPORT_CLOSED retryable=true
[1787258419061] MA: session ended kind=TRANSPORT_CLOSED retryable=true
[1787258420583] MA: session ended kind=TRANSPORT_CLOSED retryable=true
[1787258422118] MA: session ended kind=TRANSPORT_CLOSED retryable=true
[1787258423646] MA: session ended kind=TRANSPORT_CLOSED retryable=true
[1787258425187] MA: session ended kind=TRANSPORT_CLOSED retryable=true
[1787258426711] MA: session ended kind=TRANSPORT_CLOSED retryable=true
[1787258428235] MA: session ended kind=TRANSPORT_CLOSED retryable=true
[1787258429778] MA: session ended kind=TRANSPORT_CLOSED retryable=true
[1787258431300] MA: session ended kind=TRANSPORT_CLOSED retryable=true
[1787258432833] MA: session ended kind=TRANSPORT_CLOSED retryable=true
[1787258434361] MA: session ended kind=TRANSPORT_CLOSED retryable=true
[1787258435876] MA: session ended kind=TRANSPORT_CLOSED retryable=true
[1787258437410] MA: session ended kind=TRANSPORT_CLOSED retryable=true
[1787258438948] MA: session ended kind=TRANSPORT_CLOSED retryable=true
[1787258440478] MA: session ended kind=TRANSPORT_CLOSED retryable=true
[1787258442007] MA: session ended kind=TRANSPORT_CLOSED retryable=true
[1787258443533] MA: session ended kind=TRANSPORT_CLOSED retryable=true
[1787258445066] MA: session ended kind=TRANSPORT_CLOSED retryable=true
[1787258446600] MA: session ended kind=TRANSPORT_CLOSED retryable=true
[1787258448131] MA: session ended kind=TRANSPORT_CLOSED retryable=true
[1787258449658] MA: session ended kind=TRANSPORT_CLOSED retryable=true
[1787258451186] MA: session ended kind=TRANSPORT_CLOSED retryable=true
[1787258452698] MA: session ended kind=TRANSPORT_CLOSED retryable=true
[1787258454224] MA: session ended kind=TRANSPORT_CLOSED retryable=true
[1787258455753] MA: session ended kind=TRANSPORT_CLOSED retryable=true
[1787258457290] MA: session ended kind=TRANSPORT_CLOSED retryable=true
[1787258458811] MA: session ended kind=TRANSPORT_CLOSED retryable=true
[1787258460335] MA: session ended kind=TRANSPORT_CLOSED retryable=true
[1787258461868] MA: session ended kind=TRANSPORT_CLOSED retryable=true
[1787258463395] MA: session ended kind=TRANSPORT_CLOSED retryable=true
[1787258464926] MA: session ended kind=TRANSPORT_CLOSED retryable=true
[1787258466464] MA: session ended kind=TRANSPORT_CLOSED retryable=true
[1787258467988] MA: session ended kind=TRANSPORT_CLOSED retryable=true
[1787258469524] MA: session ended kind=TRANSPORT_CLOSED retryable=true
[1787258471052] MA: session ended kind=TRANSPORT_CLOSED retryable=true
[1787258472586] MA: session ended kind=TRANSPORT_CLOSED retryable=true
[1787258474107] MA: session ended kind=TRANSPORT_CLOSED retryable=true
[1787258475620] MA: session ended kind=TRANSPORT_CLOSED retryable=true
[1787258477140] MA: session ended kind=TRANSPORT_CLOSED retryable=true
[1787258478656] MA: session ended kind=TRANSPORT_CLOSED retryable=true
[1787258480194] MA: session ended kind=TRANSPORT_CLOSED retryable=true
[1787258481720] MA: session ended kind=TRANSPORT_CLOSED retryable=true
[1787258483242] MA: session ended kind=TRANSPORT_CLOSED retryable=true
[1787258484772] MA: session ended kind=TRANSPORT_CLOSED retryable=true
[1787258486301] MA: session ended kind=TRANSPORT_CLOSED retryable=true
[1787258487825] MA: session ended kind=TRANSPORT_CLOSED retryable=true
[1787258489352] MA: session ended kind=TRANSPORT_CLOSED retryable=true
[1787258490896] MA: session ended kind=TRANSPORT_CLOSED retryable=true
[1787258492423] MA: session ended kind=TRANSPORT_CLOSED retryable=true
[1787258493956] MA: session ended kind=TRANSPORT_CLOSED retryable=true
[1787258495493] MA: session ended kind=TRANSPORT_CLOSED retryable=true
[1787258497022] MA: session ended kind=TRANSPORT_CLOSED retryable=true
[1787258498555] MA: session ended kind=TRANSPORT_CLOSED retryable=true
[1787258500078] MA: session ended kind=TRANSPORT_CLOSED retryable=true
[1787258501598] MA: session ended kind=TRANSPORT_CLOSED retryable=true
[1787258503136] MA: session ended kind=TRANSPORT_CLOSED retryable=true
[1787258504663] MA: session ended kind=TRANSPORT_CLOSED retryable=true
[1787258506192] MA: session ended kind=TRANSPORT_CLOSED retryable=true
[1787258507716] MA: session ended kind=TRANSPORT_CLOSED retryable=true
[1787258509233] MA: session ended kind=TRANSPORT_CLOSED retryable=true
[1787258510749] MA: session ended kind=TRANSPORT_CLOSED retryable=true
[1787258512282] MA: session ended kind=TRANSPORT_CLOSED retryable=true
[1787258513812] MA: session ended kind=TRANSPORT_CLOSED retryable=true
[1787258515347] MA: session ended kind=TRANSPORT_CLOSED retryable=true
[1787258516880] MA: session ended kind=TRANSPORT_CLOSED retryable=true
[1787258518404] MA: session ended kind=TRANSPORT_CLOSED retryable=true
[1787258519919] MA: session ended kind=TRANSPORT_CLOSED retryable=true
[1787258521430] MA: session ended kind=TRANSPORT_CLOSED retryable=true
[1787258522952] MA: session ended kind=TRANSPORT_CLOSED retryable=true
[1787258524490] MA: session ended kind=TRANSPORT_CLOSED retryable=true
[1787258526015] MA: session ended kind=TRANSPORT_CLOSED retryable=true
[1787258527548] MA: session ended kind=TRANSPORT_CLOSED retryable=true
[1787258529083] MA: session ended kind=TRANSPORT_CLOSED retryable=true
[1787258530620] MA: session ended kind=TRANSPORT_CLOSED retryable=true
[1787258532158] MA: session ended kind=TRANSPORT_CLOSED retryable=true
[1787258533683] MA: session ended kind=TRANSPORT_CLOSED retryable=true
[1787258535211] MA: session ended kind=TRANSPORT_CLOSED retryable=true
[1787258536731] MA: session ended kind=TRANSPORT_CLOSED retryable=true
[1787258538257] MA: session ended kind=TRANSPORT_CLOSED retryable=true
[1787258539795] MA: session ended kind=TRANSPORT_CLOSED retryable=true
[1787258541323] MA: session ended kind=TRANSPORT_CLOSED retryable=true
[1787258542849] MA: session ended kind=TRANSPORT_CLOSED retryable=true
[1787258544377] MA: session ended kind=TRANSPORT_CLOSED retryable=true
[1787258545904] MA: session ended kind=TRANSPORT_CLOSED retryable=true
[1787258547426] MA: session ended kind=TRANSPORT_CLOSED retryable=true
[1787258548950] MA: session ended kind=TRANSPORT_CLOSED retryable=true
[1787258550473] MA: session ended kind=TRANSPORT_CLOSED retryable=true
[1787258551993] MA: session ended kind=TRANSPORT_CLOSED retryable=true
[1787258553519] MA: session ended kind=TRANSPORT_CLOSED retryable=true
[1787258555054] MA: session ended kind=TRANSPORT_CLOSED retryable=true
[1787258556588] MA: session ended kind=TRANSPORT_CLOSED retryable=true
[1787258558110] MA: session ended kind=TRANSPORT_CLOSED retryable=true
[1787258559653] MA: session ended kind=TRANSPORT_CLOSED retryable=true
[1787258561174] MA: session ended kind=TRANSPORT_CLOSED retryable=true
[1787258562706] MA: session ended kind=TRANSPORT_CLOSED retryable=true
[1787258564246] MA: session ended kind=TRANSPORT_CLOSED retryable=true
[1787258565777] MA: session ended kind=TRANSPORT_CLOSED retryable=true
[1787258567307] MA: session ended kind=TRANSPORT_CLOSED retryable=true
[1787258568826] MA: session ended kind=TRANSPORT_CLOSED retryable=true
[1787258570343] MA: session ended kind=TRANSPORT_CLOSED retryable=true
[1787258571881] MA: session ended kind=TRANSPORT_CLOSED retryable=true
[1787258573411] MA: session ended kind=TRANSPORT_CLOSED retryable=true
[1787258574945] MA: session ended kind=TRANSPORT_CLOSED retryable=true
[1787258576475] MA: session ended kind=TRANSPORT_CLOSED retryable=true
[1787258578004] MA: session ended kind=TRANSPORT_CLOSED retryable=true
[1787258579542] MA: session ended kind=TRANSPORT_CLOSED retryable=true
[1787258581067] MA: session ended kind=TRANSPORT_CLOSED retryable=true
[1787258582606] MA: session ended kind=TRANSPORT_CLOSED retryable=true
[1787258584137] MA: session ended kind=TRANSPORT_CLOSED retryable=true
[1787258585661] MA: session ended kind=TRANSPORT_CLOSED retryable=true
[1787258587197] MA: session ended kind=TRANSPORT_CLOSED retryable=true
[1787258588744] MA: session ended kind=TRANSPORT_CLOSED retryable=true
[1787258590263] MA: session ended kind=TRANSPORT_CLOSED retryable=true
[1787258591777] MA: session ended kind=TRANSPORT_CLOSED retryable=true
[1787258593299] MA: session ended kind=TRANSPORT_CLOSED retryable=true
[1787258594828] MA: session ended kind=TRANSPORT_CLOSED retryable=true
[1787258596357] MA: session ended kind=TRANSPORT_CLOSED retryable=true
[1787258597874] MA: session ended kind=TRANSPORT_CLOSED retryable=true
[1787258599393] MA: session ended kind=TRANSPORT_CLOSED retryable=true
[1787258600924] MA: session ended kind=TRANSPORT_CLOSED retryable=true
[1787258602458] MA: session ended kind=TRANSPORT_CLOSED retryable=true
[1787258603990] MA: session ended kind=TRANSPORT_CLOSED retryable=true
[1787258605520] MA: session ended kind=TRANSPORT_CLOSED retryable=true
[1787258607048] MA: session ended kind=TRANSPORT_CLOSED retryable=true
[1787258608566] MA: session ended kind=TRANSPORT_CLOSED retryable=true
[1787258610104] MA: session ended kind=TRANSPORT_CLOSED retryable=true
[1787258611638] MA: session ended kind=TRANSPORT_CLOSED retryable=true
[1787258613168] MA: session ended kind=TRANSPORT_CLOSED retryable=true
[1787258614690] MA: session ended kind=TRANSPORT_CLOSED retryable=true
[1787258616226] MA: session ended kind=TRANSPORT_CLOSED retryable=true
[1787258617759] MA: session ended kind=TRANSPORT_CLOSED retryable=true
[1787258619291] MA: session ended kind=TRANSPORT_CLOSED retryable=true
[1787258620823] MA: session ended kind=TRANSPORT_CLOSED retryable=true
[1787258622348] MA: session ended kind=TRANSPORT_CLOSED retryable=true
[1787258623882] MA: session ended kind=TRANSPORT_CLOSED retryable=true
[1787258625416] MA: session ended kind=TRANSPORT_CLOSED retryable=true
[1787258626953] MA: session ended kind=TRANSPORT_CLOSED retryable=true
[1787258628477] MA: session ended kind=TRANSPORT_CLOSED retryable=true
[1787258629998] MA: session ended kind=TRANSPORT_CLOSED retryable=true
[1787258631523] MA: session ended kind=TRANSPORT_CLOSED retryable=true
[1787258633055] MA: session ended kind=TRANSPORT_CLOSED retryable=true
[1787258634585] MA: session ended kind=TRANSPORT_CLOSED retryable=true
[1787258636108] MA: session ended kind=TRANSPORT_CLOSED retryable=true
[1787258637631] MA: session ended kind=TRANSPORT_CLOSED retryable=true
[1787258639147] MA: session ended kind=TRANSPORT_CLOSED retryable=true
[1787258640680] MA: session ended kind=TRANSPORT_CLOSED retryable=true
[1787258642209] MA: session ended kind=TRANSPORT_CLOSED retryable=true
[1787258643745] MA: session ended kind=TRANSPORT_CLOSED retryable=true
[1787258645263] MA: session ended kind=TRANSPORT_CLOSED retryable=true
[1787258646790] MA: session ended kind=TRANSPORT_CLOSED retryable=true
[1787258648325] MA: session ended kind=TRANSPORT_CLOSED retryable=true
[1787258649854] MA: session ended kind=TRANSPORT_CLOSED retryable=true
[1787258651385] MA: session ended kind=TRANSPORT_CLOSED retryable=true
[1787258652920] MA: session ended kind=TRANSPORT_CLOSED retryable=true
[1787258654458] MA: session ended kind=TRANSPORT_CLOSED retryable=true
[1787258655980] MA: session ended kind=TRANSPORT_CLOSED retryable=true
[1787258657507] MA: session ended kind=TRANSPORT_CLOSED retryable=true
[1787258659040] MA: session ended kind=TRANSPORT_CLOSED retryable=true
[1787258660573] MA: session ended kind=TRANSPORT_CLOSED retryable=true
[1787258662111] MA: session ended kind=TRANSPORT_CLOSED retryable=true
[1787258663637] MA: session ended kind=TRANSPORT_CLOSED retryable=true
[1787258665159] MA: session ended kind=TRANSPORT_CLOSED retryable=true
[1787258666671] MA: session ended kind=TRANSPORT_CLOSED retryable=true
[1787258668193] MA: session ended kind=TRANSPORT_CLOSED retryable=true
[1787258669728] MA: session ended kind=TRANSPORT_CLOSED retryable=true
[1787258671257] MA: session ended kind=TRANSPORT_CLOSED retryable=true
[1787258672792] MA: session ended kind=TRANSPORT_CLOSED retryable=true
[1787258674320] MA: session ended kind=TRANSPORT_CLOSED retryable=true
[1787258675858] MA: session ended kind=TRANSPORT_CLOSED retryable=true
[1787258677379] MA: session ended kind=TRANSPORT_CLOSED retryable=true
[1787258678900] MA: session ended kind=TRANSPORT_CLOSED retryable=true
[1787258680432] MA: session ended kind=TRANSPORT_CLOSED retryable=true
[1787258681951] MA: session ended kind=TRANSPORT_CLOSED retryable=true
[1787258683476] MA: session ended kind=TRANSPORT_CLOSED retryable=true
[1787258685013] MA: session ended kind=TRANSPORT_CLOSED retryable=true
[1787258686542] MA: session ended kind=TRANSPORT_CLOSED retryable=true
[1787258688075] MA: session ended kind=TRANSPORT_CLOSED retryable=true
[1787258689604] MA: session ended kind=TRANSPORT_CLOSED retryable=true
[1787258691126] MA: session ended kind=TRANSPORT_CLOSED retryable=true
[1787258692644] MA: session ended kind=TRANSPORT_CLOSED retryable=true
[1787258694163] MA: session ended kind=TRANSPORT_CLOSED retryable=true
[1787258695695] MA: session ended kind=TRANSPORT_CLOSED retryable=true
[1787258697218] MA: session ended kind=TRANSPORT_CLOSED retryable=true
[1787258698739] MA: session ended kind=TRANSPORT_CLOSED retryable=true
[1787258700271] MA: session ended kind=TRANSPORT_CLOSED retryable=true
[1787258701800] MA: session ended kind=TRANSPORT_CLOSED retryable=true
[1787258703322] MA: session ended kind=TRANSPORT_CLOSED retryable=true
[1787258704845] MA: session ended kind=TRANSPORT_CLOSED retryable=true
[1787258706355] MA: session ended kind=TRANSPORT_CLOSED retryable=true
[1787258707879] MA: session ended kind=TRANSPORT_CLOSED retryable=true
[1787258709412] MA: session ended kind=TRANSPORT_CLOSED retryable=true
[1787258710941] MA: session ended kind=TRANSPORT_CLOSED retryable=true
[1787258712468] MA: session ended kind=TRANSPORT_CLOSED retryable=true
[1787258713983] MA: session ended kind=TRANSPORT_CLOSED retryable=true
[1787258715507] MA: session ended kind=TRANSPORT_CLOSED retryable=true
[1787258717036] MA: session ended kind=TRANSPORT_CLOSED retryable=true
[1787258718570] MA: session ended kind=TRANSPORT_CLOSED retryable=true
[1787258720100] MA: session ended kind=TRANSPORT_CLOSED retryable=true
[1787258721626] MA: session ended kind=TRANSPORT_CLOSED retryable=true
[1787258723142] MA: session ended kind=TRANSPORT_CLOSED retryable=true
[1787258724670] MA: session ended kind=TRANSPORT_CLOSED retryable=true
[1787258726192] MA: session ended kind=TRANSPORT_CLOSED retryable=true
[1787258727730] MA: session ended kind=TRANSPORT_CLOSED retryable=true
[1787258729265] MA: session ended kind=TRANSPORT_CLOSED retryable=true
[1787258730793] MA: session ended kind=TRANSPORT_CLOSED retryable=true
[1787258732578] SC: Protocol upgrade timed out; probe socket must be replaced
[1787258732633] SC: Queued frame metadata support
[1787258732633] SC: Queued device-info capability
[1787258732633] SC: Connected to 127.0.0.1:54321
[1787258732689] MA: session ended kind=TRANSPORT_CLOSED retryable=true
[1787258734217] MA: session ended kind=TRANSPORT_CLOSED retryable=true
[1787258735749] MA: session ended kind=TRANSPORT_CLOSED retryable=true
[1787258737268] MA: session ended kind=TRANSPORT_CLOSED retryable=true
[1787258738784] MA: session ended kind=TRANSPORT_CLOSED retryable=true
[1787258740308] MA: session ended kind=TRANSPORT_CLOSED retryable=true
[1787258741844] MA: session ended kind=TRANSPORT_CLOSED retryable=true
[1787258743378] MA: session ended kind=TRANSPORT_CLOSED retryable=true
[1787258744905] MA: session ended kind=TRANSPORT_CLOSED retryable=true
[1787258746435] MA: session ended kind=TRANSPORT_CLOSED retryable=true
[1787258747956] MA: session ended kind=TRANSPORT_CLOSED retryable=true
[1787258749481] MA: session ended kind=TRANSPORT_CLOSED retryable=true
[1787258751014] MA: session ended kind=TRANSPORT_CLOSED retryable=true
[1787258752540] MA: session ended kind=TRANSPORT_CLOSED retryable=true
[1787258754070] MA: session ended kind=TRANSPORT_CLOSED retryable=true
[1787258755583] MA: session ended kind=TRANSPORT_CLOSED retryable=true
[1787258757102] MA: session ended kind=TRANSPORT_CLOSED retryable=true
[1787258758635] MA: session ended kind=TRANSPORT_CLOSED retryable=true
[1787258760171] MA: session ended kind=TRANSPORT_CLOSED retryable=true
[1787258761697] MA: session ended kind=TRANSPORT_CLOSED retryable=true
[1787258763229] MA: session ended kind=TRANSPORT_CLOSED retryable=true
[1787258764766] MA: session ended kind=TRANSPORT_CLOSED retryable=true
[1787258766293] MA: session ended kind=TRANSPORT_CLOSED retryable=true
[1787258767822] MA: session ended kind=TRANSPORT_CLOSED retryable=true
[1787258769351] MA: session ended kind=TRANSPORT_CLOSED retryable=true
[1787258770862] MA: session ended kind=TRANSPORT_CLOSED retryable=true
[1787258772377] MA: session ended kind=TRANSPORT_CLOSED retryable=true
[1787258773894] MA: session ended kind=TRANSPORT_CLOSED retryable=true
[1787258775417] MA: session ended kind=TRANSPORT_CLOSED retryable=true
[1787258776953] MA: session ended kind=TRANSPORT_CLOSED retryable=true
[1787258778470] MA: session ended kind=TRANSPORT_CLOSED retryable=true
[1787258779984] MA: session ended kind=TRANSPORT_CLOSED retryable=true
[1787258781509] MA: session ended kind=TRANSPORT_CLOSED retryable=true
[1787258783041] MA: session ended kind=TRANSPORT_CLOSED retryable=true
[1787258784574] MA: session ended kind=TRANSPORT_CLOSED retryable=true
[1787258786109] MA: session ended kind=TRANSPORT_CLOSED retryable=true
[1787258787629] MA: session ended kind=TRANSPORT_CLOSED retryable=true
[1787258789147] MA: session ended kind=TRANSPORT_CLOSED retryable=true
[1787258790683] MA: session ended kind=TRANSPORT_CLOSED retryable=true
[1787258792210] MA: session ended kind=TRANSPORT_CLOSED retryable=true
[1787258793734] MA: session ended kind=TRANSPORT_CLOSED retryable=true
[1787258795316] MA: session ended kind=TRANSPORT_CLOSED retryable=true
[1787258796840] MA: session ended kind=TRANSPORT_CLOSED retryable=true
[1787258798364] MA: session ended kind=TRANSPORT_CLOSED retryable=true
[1787258799883] MA: session ended kind=TRANSPORT_CLOSED retryable=true
[1787258801417] MA: session ended kind=TRANSPORT_CLOSED retryable=true
[1787258802963] MA: session ended kind=TRANSPORT_CLOSED retryable=true
[1787258804504] MA: session ended kind=TRANSPORT_CLOSED retryable=true
[1787258806150] MA: session ended kind=TRANSPORT_CLOSED retryable=true
[1787258807683] MA: session ended kind=TRANSPORT_CLOSED retryable=true
[1787258809232] MA: session ended kind=TRANSPORT_CLOSED retryable=true
[1787258810747] MA: session ended kind=TRANSPORT_CLOSED retryable=true
[1787258812264] MA: session ended kind=TRANSPORT_CLOSED retryable=true
[1787258813775] MA: session ended kind=TRANSPORT_CLOSED retryable=true
[1787258815294] MA: session ended kind=TRANSPORT_CLOSED retryable=true
[1787258816815] MA: session ended kind=TRANSPORT_CLOSED retryable=true
[1787258818352] MA: session ended kind=TRANSPORT_CLOSED retryable=true
[1787258819881] MA: session ended kind=TRANSPORT_CLOSED retryable=true
[1787258821416] MA: session ended kind=TRANSPORT_CLOSED retryable=true
[1787258822952] MA: session ended kind=TRANSPORT_CLOSED retryable=true
[1787258824477] MA: session ended kind=TRANSPORT_CLOSED retryable=true
[1787258825999] MA: session ended kind=TRANSPORT_CLOSED retryable=true
[1787258827534] MA: session ended kind=TRANSPORT_CLOSED retryable=true
[1787258829071] MA: session ended kind=TRANSPORT_CLOSED retryable=true
[1787258830603] MA: session ended kind=TRANSPORT_CLOSED retryable=true
[1787258832128] MA: session ended kind=TRANSPORT_CLOSED retryable=true
[1787258833653] MA: session ended kind=TRANSPORT_CLOSED retryable=true
[1787258835167] MA: session ended kind=TRANSPORT_CLOSED retryable=true
[1787258836686] MA: session ended kind=TRANSPORT_CLOSED retryable=true
[1787258838209] MA: session ended kind=TRANSPORT_CLOSED retryable=true
[1787258839739] MA: session ended kind=TRANSPORT_CLOSED retryable=true
[1787258841272] MA: session ended kind=TRANSPORT_CLOSED retryable=true
[1787258842798] MA: session ended kind=TRANSPORT_CLOSED retryable=true
[1787258844334] MA: session ended kind=TRANSPORT_CLOSED retryable=true
[1787258845863] MA: session ended kind=TRANSPORT_CLOSED retryable=true
[1787258847384] MA: session ended kind=TRANSPORT_CLOSED retryable=true
[1787258848900] MA: session ended kind=TRANSPORT_CLOSED retryable=true
[1787258850429] MA: session ended kind=TRANSPORT_CLOSED retryable=true
[1787258851948] MA: session ended kind=TRANSPORT_CLOSED retryable=true
[1787258853468] MA: session ended kind=TRANSPORT_CLOSED retryable=true
[1787258854998] MA: session ended kind=TRANSPORT_CLOSED retryable=true
[1787258856516] MA: session ended kind=TRANSPORT_CLOSED retryable=true
[1787258858025] MA: session ended kind=TRANSPORT_CLOSED retryable=true
[1787258859547] MA: session ended kind=TRANSPORT_CLOSED retryable=true
[1787258861080] MA: session ended kind=TRANSPORT_CLOSED retryable=true
[1787258862610] MA: session ended kind=TRANSPORT_CLOSED retryable=true
[1787258864146] MA: session ended kind=TRANSPORT_CLOSED retryable=true
[1787258865673] MA: session ended kind=TRANSPORT_CLOSED retryable=true
[1787258867195] MA: session ended kind=TRANSPORT_CLOSED retryable=true
[1787258868717] MA: session ended kind=TRANSPORT_CLOSED retryable=true
[1787258870263] MA: session ended kind=TRANSPORT_CLOSED retryable=true
[1787258871782] MA: session ended kind=TRANSPORT_CLOSED retryable=true
[1787258873316] MA: session ended kind=TRANSPORT_CLOSED retryable=true
[1787258874841] MA: session ended kind=TRANSPORT_CLOSED retryable=true
[1787258876367] MA: session ended kind=TRANSPORT_CLOSED retryable=true
[1787258877887] MA: session ended kind=TRANSPORT_CLOSED retryable=true
[1787258879423] MA: session ended kind=TRANSPORT_CLOSED retryable=true
[1787258880957] MA: session ended kind=TRANSPORT_CLOSED retryable=true
[1787258882485] MA: session ended kind=TRANSPORT_CLOSED retryable=true
[1787258884015] MA: session ended kind=TRANSPORT_CLOSED retryable=true
[1787258885538] MA: session ended kind=TRANSPORT_CLOSED retryable=true
[1787258887055] MA: session ended kind=TRANSPORT_CLOSED retryable=true
[1787258888578] MA: session ended kind=TRANSPORT_CLOSED retryable=true
[1787258890113] MA: session ended kind=TRANSPORT_CLOSED retryable=true
[1787258891647] MA: session ended kind=TRANSPORT_CLOSED retryable=true
[1787258893174] MA: session ended kind=TRANSPORT_CLOSED retryable=true
[1787258894703] MA: session ended kind=TRANSPORT_CLOSED retryable=true
[1787258896237] MA: session ended kind=TRANSPORT_CLOSED retryable=true
[1787258897779] MA: session ended kind=TRANSPORT_CLOSED retryable=true
[1787258899305] MA: session ended kind=TRANSPORT_CLOSED retryable=true
[1787258900826] MA: session ended kind=TRANSPORT_CLOSED retryable=true
[1787258902363] MA: session ended kind=TRANSPORT_CLOSED retryable=true
[1787258903903] MA: session ended kind=TRANSPORT_CLOSED retryable=true
[1787258905439] MA: session ended kind=TRANSPORT_CLOSED retryable=true
[1787258906974] MA: session ended kind=TRANSPORT_CLOSED retryable=true
[1787258908515] MA: session ended kind=TRANSPORT_CLOSED retryable=true
[1787258910034] MA: session ended kind=TRANSPORT_CLOSED retryable=true
[1787258911582] MA: session ended kind=TRANSPORT_CLOSED retryable=true
[1787258913119] MA: session ended kind=TRANSPORT_CLOSED retryable=true
[1787258914643] MA: session ended kind=TRANSPORT_CLOSED retryable=true
[1787258916169] MA: session ended kind=TRANSPORT_CLOSED retryable=true
[1787258917696] MA: session ended kind=TRANSPORT_CLOSED retryable=true
[1787258919223] MA: session ended kind=TRANSPORT_CLOSED retryable=true
[1787258920758] MA: session ended kind=TRANSPORT_CLOSED retryable=true
[1787258922295] MA: session ended kind=TRANSPORT_CLOSED retryable=true
[1787258923821] MA: session ended kind=TRANSPORT_CLOSED retryable=true
[1787258925355] MA: session ended kind=TRANSPORT_CLOSED retryable=true
[1787258926874] MA: session ended kind=TRANSPORT_CLOSED retryable=true
[1787258928404] MA: session ended kind=TRANSPORT_CLOSED retryable=true
[1787258929934] MA: session ended kind=TRANSPORT_CLOSED retryable=true
[1787258931463] MA: session ended kind=TRANSPORT_CLOSED retryable=true
[1787258932988] MA: session ended kind=TRANSPORT_CLOSED retryable=true
[1787258934524] MA: session ended kind=TRANSPORT_CLOSED retryable=true
[1787258936049] MA: session ended kind=TRANSPORT_CLOSED retryable=true
[1787258937585] MA: session ended kind=TRANSPORT_CLOSED retryable=true
[1787258939122] MA: session ended kind=TRANSPORT_CLOSED retryable=true
[1787258940649] MA: session ended kind=TRANSPORT_CLOSED retryable=true
[1787258942179] MA: session ended kind=TRANSPORT_CLOSED retryable=true
[1787258943712] MA: session ended kind=TRANSPORT_CLOSED retryable=true
[1787258945240] MA: session ended kind=TRANSPORT_CLOSED retryable=true
[1787258946777] MA: session ended kind=TRANSPORT_CLOSED retryable=true
[1787258948307] MA: session ended kind=TRANSPORT_CLOSED retryable=true
[1787258949839] MA: session ended kind=TRANSPORT_CLOSED retryable=true
[1787258951363] MA: session ended kind=TRANSPORT_CLOSED retryable=true
[1787258952893] MA: session ended kind=TRANSPORT_CLOSED retryable=true
[1787258954410] MA: session ended kind=TRANSPORT_CLOSED retryable=true
[1787258955935] MA: session ended kind=TRANSPORT_CLOSED retryable=true
[1787258957474] MA: session ended kind=TRANSPORT_CLOSED retryable=true
[1787258959009] MA: session ended kind=TRANSPORT_CLOSED retryable=true
[1787258960542] MA: session ended kind=TRANSPORT_CLOSED retryable=true
[1787258962066] MA: session ended kind=TRANSPORT_CLOSED retryable=true
[1787258963586] MA: session ended kind=TRANSPORT_CLOSED retryable=true
[1787258965120] MA: session ended kind=TRANSPORT_CLOSED retryable=true
[1787258966653] MA: session ended kind=TRANSPORT_CLOSED retryable=true
[1787258968188] MA: session ended kind=TRANSPORT_CLOSED retryable=true
[1787258969716] MA: session ended kind=TRANSPORT_CLOSED retryable=true
[1787258971237] MA: session ended kind=TRANSPORT_CLOSED retryable=true
[1787258972762] MA: session ended kind=TRANSPORT_CLOSED retryable=true
[1787258974296] MA: session ended kind=TRANSPORT_CLOSED retryable=true
[1787258975828] MA: session ended kind=TRANSPORT_CLOSED retryable=true
[1787258977345] MA: session ended kind=TRANSPORT_CLOSED retryable=true
[1787258978857] MA: session ended kind=TRANSPORT_CLOSED retryable=true
[1787258980375] MA: session ended kind=TRANSPORT_CLOSED retryable=true
[1787258981903] MA: session ended kind=TRANSPORT_CLOSED retryable=true
[1787258983427] MA: session ended kind=TRANSPORT_CLOSED retryable=true
[1787258984957] MA: session ended kind=TRANSPORT_CLOSED retryable=true
[1787258986480] MA: session ended kind=TRANSPORT_CLOSED retryable=true
[1787258988008] MA: session ended kind=TRANSPORT_CLOSED retryable=true
[1787258989535] MA: session ended kind=TRANSPORT_CLOSED retryable=true
[1787258991078] MA: session ended kind=TRANSPORT_CLOSED retryable=true
[1787258992607] MA: session ended kind=TRANSPORT_CLOSED retryable=true
[1787258994131] MA: session ended kind=TRANSPORT_CLOSED retryable=true
[1787258995660] MA: session ended kind=TRANSPORT_CLOSED retryable=true
[1787258997191] MA: session ended kind=TRANSPORT_CLOSED retryable=true
[1787258998731] MA: session ended kind=TRANSPORT_CLOSED retryable=true
[1787259000262] MA: session ended kind=TRANSPORT_CLOSED retryable=true
[1787259001787] MA: session ended kind=TRANSPORT_CLOSED retryable=true
[1787259003329] MA: session ended kind=TRANSPORT_CLOSED retryable=true
[1787259004861] MA: session ended kind=TRANSPORT_CLOSED retryable=true
[1787259006391] MA: session ended kind=TRANSPORT_CLOSED retryable=true
[1787259007922] MA: session ended kind=TRANSPORT_CLOSED retryable=true
[1787259009447] MA: session ended kind=TRANSPORT_CLOSED retryable=true
[1787259010968] MA: session ended kind=TRANSPORT_CLOSED retryable=true
[1787259012499] MA: session ended kind=TRANSPORT_CLOSED retryable=true
[1787259014026] MA: session ended kind=TRANSPORT_CLOSED retryable=true
[1787259015560] MA: session ended kind=TRANSPORT_CLOSED retryable=true
[1787259017087] MA: session ended kind=TRANSPORT_CLOSED retryable=true
[1787259018615] MA: session ended kind=TRANSPORT_CLOSED retryable=true
[1787259020143] MA: session ended kind=TRANSPORT_CLOSED retryable=true
[1787259021665] MA: session ended kind=TRANSPORT_CLOSED retryable=true
[1787259023197] MA: session ended kind=TRANSPORT_CLOSED retryable=true
[1787259024728] MA: session ended kind=TRANSPORT_CLOSED retryable=true
[1787259026253] MA: session ended kind=TRANSPORT_CLOSED retryable=true
[1787259027772] MA: session ended kind=TRANSPORT_CLOSED retryable=true
[1787259029311] MA: session ended kind=TRANSPORT_CLOSED retryable=true
[1787259030843] MA: session ended kind=TRANSPORT_CLOSED retryable=true
[1787259032368] MA: session ended kind=TRANSPORT_CLOSED retryable=true
[1787259033901] MA: session ended kind=TRANSPORT_CLOSED retryable=true
[1787259035425] MA: session ended kind=TRANSPORT_CLOSED retryable=true
[1787259036946] MA: session ended kind=TRANSPORT_CLOSED retryable=true
[1787259038479] MA: session ended kind=TRANSPORT_CLOSED retryable=true
[1787259040015] MA: session ended kind=TRANSPORT_CLOSED retryable=true
[1787259041547] MA: session ended kind=TRANSPORT_CLOSED retryable=true
[1787259043076] MA: session ended kind=TRANSPORT_CLOSED retryable=true
[1787259044599] MA: session ended kind=TRANSPORT_CLOSED retryable=true
[1787259046111] MA: session ended kind=TRANSPORT_CLOSED retryable=true
[1787259047633] MA: session ended kind=TRANSPORT_CLOSED retryable=true
[1787259049169] MA: session ended kind=TRANSPORT_CLOSED retryable=true
[1787259050698] MA: session ended kind=TRANSPORT_CLOSED retryable=true
[1787259052231] MA: session ended kind=TRANSPORT_CLOSED retryable=true
[1787259053768] MA: session ended kind=TRANSPORT_CLOSED retryable=true
[1787259055297] MA: session ended kind=TRANSPORT_CLOSED retryable=true
[1787259056824] MA: session ended kind=TRANSPORT_CLOSED retryable=true
[1787259058348] MA: session ended kind=TRANSPORT_CLOSED retryable=true
[1787259059871] MA: session ended kind=TRANSPORT_CLOSED retryable=true
[1787259061396] MA: session ended kind=TRANSPORT_CLOSED retryable=true
[1787259062908] MA: session ended kind=TRANSPORT_CLOSED retryable=true
[1787259064432] MA: session ended kind=TRANSPORT_CLOSED retryable=true
[1787259065959] MA: session ended kind=TRANSPORT_CLOSED retryable=true
[1787259067496] MA: session ended kind=TRANSPORT_CLOSED retryable=true
[1787259069025] MA: session ended kind=TRANSPORT_CLOSED retryable=true
[1787259070552] MA: session ended kind=TRANSPORT_CLOSED retryable=true
[1787259072071] MA: session ended kind=TRANSPORT_CLOSED retryable=true
[1787259073607] MA: session ended kind=TRANSPORT_CLOSED retryable=true
[1787259075140] MA: session ended kind=TRANSPORT_CLOSED retryable=true
[1787259076656] MA: session ended kind=TRANSPORT_CLOSED retryable=true
[1787259078179] MA: session ended kind=TRANSPORT_CLOSED retryable=true
[1787259079721] MA: session ended kind=TRANSPORT_CLOSED retryable=true
[1787259081251] MA: session ended kind=TRANSPORT_CLOSED retryable=true
[1787259082773] MA: session ended kind=TRANSPORT_CLOSED retryable=true
[1787259084303] MA: session ended kind=TRANSPORT_CLOSED retryable=true
[1787259085837] MA: session ended kind=TRANSPORT_CLOSED retryable=true
[1787259087363] MA: session ended kind=TRANSPORT_CLOSED retryable=true
[1787259088883] MA: session ended kind=TRANSPORT_CLOSED retryable=true
[1787259090414] MA: session ended kind=TRANSPORT_CLOSED retryable=true
[1787259091952] MA: session ended kind=TRANSPORT_CLOSED retryable=true
[1787259093471] MA: session ended kind=TRANSPORT_CLOSED retryable=true
[1787259094990] MA: session ended kind=TRANSPORT_CLOSED retryable=true
[1787259096526] MA: session ended kind=TRANSPORT_CLOSED retryable=true
[1787259098059] MA: session ended kind=TRANSPORT_CLOSED retryable=true
[1787259099580] MA: session ended kind=TRANSPORT_CLOSED retryable=true
[1787259101096] MA: session ended kind=TRANSPORT_CLOSED retryable=true
[1787259102615] MA: session ended kind=TRANSPORT_CLOSED retryable=true
[1787259104155] MA: session ended kind=TRANSPORT_CLOSED retryable=true
[1787259105687] MA: session ended kind=TRANSPORT_CLOSED retryable=true
[1787259107214] MA: session ended kind=TRANSPORT_CLOSED retryable=true
[1787259108750] MA: session ended kind=TRANSPORT_CLOSED retryable=true
[1787259110270] MA: session ended kind=TRANSPORT_CLOSED retryable=true
[1787259111789] MA: session ended kind=TRANSPORT_CLOSED retryable=true
[1787259113321] MA: session ended kind=TRANSPORT_CLOSED retryable=true
[1787259114855] MA: session ended kind=TRANSPORT_CLOSED retryable=true
[1787259116380] MA: session ended kind=TRANSPORT_CLOSED retryable=true
[1787259117913] MA: session ended kind=TRANSPORT_CLOSED retryable=true
[1787259119443] MA: session ended kind=TRANSPORT_CLOSED retryable=true
[1787259120967] MA: session ended kind=TRANSPORT_CLOSED retryable=true
[1787259122486] MA: session ended kind=TRANSPORT_CLOSED retryable=true
[1787259124007] MA: session ended kind=TRANSPORT_CLOSED retryable=true
[1787259125512] MA: session ended kind=TRANSPORT_CLOSED retryable=true
[1787259127034] MA: session ended kind=TRANSPORT_CLOSED retryable=true
[1787259128554] MA: session ended kind=TRANSPORT_CLOSED retryable=true
[1787259130086] MA: session ended kind=TRANSPORT_CLOSED retryable=true
[1787259131613] MA: session ended kind=TRANSPORT_CLOSED retryable=true
[1787259133144] MA: session ended kind=TRANSPORT_CLOSED retryable=true
[1787259134672] MA: session ended kind=TRANSPORT_CLOSED retryable=true
[1787259136188] MA: session ended kind=TRANSPORT_CLOSED retryable=true
[1787259137708] MA: session ended kind=TRANSPORT_CLOSED retryable=true
[1787259139246] MA: session ended kind=TRANSPORT_CLOSED retryable=true
[1787259140778] MA: session ended kind=TRANSPORT_CLOSED retryable=true
[1787259142305] MA: session ended kind=TRANSPORT_CLOSED retryable=true
[1787259143826] MA: session ended kind=TRANSPORT_CLOSED retryable=true
[1787259145349] MA: session ended kind=TRANSPORT_CLOSED retryable=true
[1787259146884] MA: session ended kind=TRANSPORT_CLOSED retryable=true
[1787259148415] MA: session ended kind=TRANSPORT_CLOSED retryable=true
[1787259149948] MA: session ended kind=TRANSPORT_CLOSED retryable=true
[1787259151473] MA: session ended kind=TRANSPORT_CLOSED retryable=true
[1787259153005] MA: session ended kind=TRANSPORT_CLOSED retryable=true
[1787259154536] MA: session ended kind=TRANSPORT_CLOSED retryable=true
[1787259156071] MA: session ended kind=TRANSPORT_CLOSED retryable=true
[1787259157601] MA: session ended kind=TRANSPORT_CLOSED retryable=true
[1787259159128] MA: session ended kind=TRANSPORT_CLOSED retryable=true
[1787259160666] MA: session ended kind=TRANSPORT_CLOSED retryable=true
[1787259162195] MA: session ended kind=TRANSPORT_CLOSED retryable=true
[1787259163720] MA: session ended kind=TRANSPORT_CLOSED retryable=true
[1787259165241] MA: session ended kind=TRANSPORT_CLOSED retryable=true
[1787259166782] MA: session ended kind=TRANSPORT_CLOSED retryable=true
[1787259168310] MA: session ended kind=TRANSPORT_CLOSED retryable=true
[1787259169839] MA: session ended kind=TRANSPORT_CLOSED retryable=true
[1787259171382] MA: session ended kind=TRANSPORT_CLOSED retryable=true
[1787259172905] MA: session ended kind=TRANSPORT_CLOSED retryable=true
[1787259174433] MA: session ended kind=TRANSPORT_CLOSED retryable=true
[1787259175960] MA: session ended kind=TRANSPORT_CLOSED retryable=true
[1787259177487] MA: session ended kind=TRANSPORT_CLOSED retryable=true
[1787259179007] MA: session ended kind=TRANSPORT_CLOSED retryable=true
[1787259180533] MA: session ended kind=TRANSPORT_CLOSED retryable=true
[1787259182055] MA: session ended kind=TRANSPORT_CLOSED retryable=true
[1787259183589] MA: session ended kind=TRANSPORT_CLOSED retryable=true
[1787259185115] MA: session ended kind=TRANSPORT_CLOSED retryable=true
[1787259186653] MA: session ended kind=TRANSPORT_CLOSED retryable=true
[1787259188181] MA: session ended kind=TRANSPORT_CLOSED retryable=true
[1787259189715] MA: session ended kind=TRANSPORT_CLOSED retryable=true
[1787259191247] MA: session ended kind=TRANSPORT_CLOSED retryable=true
[1787259192779] MA: session ended kind=TRANSPORT_CLOSED retryable=true
[1787259194306] MA: session ended kind=TRANSPORT_CLOSED retryable=true
[1787259195829] MA: session ended kind=TRANSPORT_CLOSED retryable=true
[1787259197345] MA: session ended kind=TRANSPORT_CLOSED retryable=true
[1787259198862] MA: session ended kind=TRANSPORT_CLOSED retryable=true
[1787259200387] MA: session ended kind=TRANSPORT_CLOSED retryable=true
[1787259201906] MA: session ended kind=TRANSPORT_CLOSED retryable=true
[1787259203426] MA: session ended kind=TRANSPORT_CLOSED retryable=true
[1787259204961] MA: session ended kind=TRANSPORT_CLOSED retryable=true
[1787259206492] MA: session ended kind=TRANSPORT_CLOSED retryable=true
[1787259208025] MA: session ended kind=TRANSPORT_CLOSED retryable=true
[1787259209552] MA: session ended kind=TRANSPORT_CLOSED retryable=true
[1787259211076] MA: session ended kind=TRANSPORT_CLOSED retryable=true
[1787259212604] MA: session ended kind=TRANSPORT_CLOSED retryable=true
[1787259214133] MA: session ended kind=TRANSPORT_CLOSED retryable=true
[1787259215665] MA: session ended kind=TRANSPORT_CLOSED retryable=true
[1787259217196] MA: session ended kind=TRANSPORT_CLOSED retryable=true
[1787259218719] MA: session ended kind=TRANSPORT_CLOSED retryable=true
[1787259220237] MA: session ended kind=TRANSPORT_CLOSED retryable=true
[1787259221761] MA: session ended kind=TRANSPORT_CLOSED retryable=true
[1787259223283] MA: session ended kind=TRANSPORT_CLOSED retryable=true
[1787259224804] MA: session ended kind=TRANSPORT_CLOSED retryable=true
[1787259226336] MA: session ended kind=TRANSPORT_CLOSED retryable=true
[1787259227869] MA: session ended kind=TRANSPORT_CLOSED retryable=true
[1787259229397] MA: session ended kind=TRANSPORT_CLOSED retryable=true
[1787259230932] MA: session ended kind=TRANSPORT_CLOSED retryable=true
[1787259232464] MA: session ended kind=TRANSPORT_CLOSED retryable=true
[1787259233988] MA: session ended kind=TRANSPORT_CLOSED retryable=true
[1787259235520] MA: session ended kind=TRANSPORT_CLOSED retryable=true
[1787259237051] MA: session ended kind=TRANSPORT_CLOSED retryable=true
[1787259238588] MA: session ended kind=TRANSPORT_CLOSED retryable=true
[1787259240115] MA: session ended kind=TRANSPORT_CLOSED retryable=true
[1787259241647] MA: session ended kind=TRANSPORT_CLOSED retryable=true
[1787259243169] MA: session ended kind=TRANSPORT_CLOSED retryable=true
[1787259244698] MA: session ended kind=TRANSPORT_CLOSED retryable=true
[1787259246219] MA: session ended kind=TRANSPORT_CLOSED retryable=true
[1787259247734] MA: session ended kind=TRANSPORT_CLOSED retryable=true
[1787259249254] MA: session ended kind=TRANSPORT_CLOSED retryable=true
[1787259250770] MA: session ended kind=TRANSPORT_CLOSED retryable=true
[1787259252293] MA: session ended kind=TRANSPORT_CLOSED retryable=true
[1787259253818] MA: session ended kind=TRANSPORT_CLOSED retryable=true
[1787259255349] MA: session ended kind=TRANSPORT_CLOSED retryable=true
[1787259256880] MA: session ended kind=TRANSPORT_CLOSED retryable=true
[1787259258404] MA: session ended kind=TRANSPORT_CLOSED retryable=true
[1787259259930] MA: session ended kind=TRANSPORT_CLOSED retryable=true
[1787259261466] MA: session ended kind=TRANSPORT_CLOSED retryable=true
[1787259262990] MA: session ended kind=TRANSPORT_CLOSED retryable=true
[1787259264530] MA: session ended kind=TRANSPORT_CLOSED retryable=true
[1787259266050] MA: session ended kind=TRANSPORT_CLOSED retryable=true
[1787259267575] MA: session ended kind=TRANSPORT_CLOSED retryable=true
[1787259269099] MA: session ended kind=TRANSPORT_CLOSED retryable=true
[1787259270628] MA: session ended kind=TRANSPORT_CLOSED retryable=true
[1787259272154] MA: session ended kind=TRANSPORT_CLOSED retryable=true
[1787259273675] MA: session ended kind=TRANSPORT_CLOSED retryable=true
[1787259275214] MA: session ended kind=TRANSPORT_CLOSED retryable=true
[1787259276734] MA: session ended kind=TRANSPORT_CLOSED retryable=true
[1787259278255] MA: session ended kind=TRANSPORT_CLOSED retryable=true
[1787259279790] MA: session ended kind=TRANSPORT_CLOSED retryable=true
[1787259281321] MA: session ended kind=TRANSPORT_CLOSED retryable=true
[1787259282850] MA: session ended kind=TRANSPORT_CLOSED retryable=true
[1787259284386] MA: session ended kind=TRANSPORT_CLOSED retryable=true
[1787259285922] MA: session ended kind=TRANSPORT_CLOSED retryable=true
[1787259287443] MA: session ended kind=TRANSPORT_CLOSED retryable=true
[1787259288974] MA: session ended kind=TRANSPORT_CLOSED retryable=true
[1787259290508] MA: session ended kind=TRANSPORT_CLOSED retryable=true
[1787259292043] MA: session ended kind=TRANSPORT_CLOSED retryable=true
[1787259293564] MA: session ended kind=TRANSPORT_CLOSED retryable=true
[1787259295093] MA: session ended kind=TRANSPORT_CLOSED retryable=true
[1787259296616] MA: session ended kind=TRANSPORT_CLOSED retryable=true
[1787259298138] MA: session ended kind=TRANSPORT_CLOSED retryable=true
[1787259299667] MA: session ended kind=TRANSPORT_CLOSED retryable=true
[1787259301194] MA: session ended kind=TRANSPORT_CLOSED retryable=true
[1787259302715] MA: session ended kind=TRANSPORT_CLOSED retryable=true
[1787259304236] MA: session ended kind=TRANSPORT_CLOSED retryable=true
[1787259305770] MA: session ended kind=TRANSPORT_CLOSED retryable=true
[1787259307304] MA: session ended kind=TRANSPORT_CLOSED retryable=true
[1787259308840] MA: session ended kind=TRANSPORT_CLOSED retryable=true
[1787259310368] MA: session ended kind=TRANSPORT_CLOSED retryable=true
[1787259311893] MA: session ended kind=TRANSPORT_CLOSED retryable=true
[1787259313427] MA: session ended kind=TRANSPORT_CLOSED retryable=true
[1787259314965] MA: session ended kind=TRANSPORT_CLOSED retryable=true
[1787259316494] MA: session ended kind=TRANSPORT_CLOSED retryable=true
[1787259318026] MA: session ended kind=TRANSPORT_CLOSED retryable=true
[1787259319550] MA: session ended kind=TRANSPORT_CLOSED retryable=true
[1787259321089] MA: session ended kind=TRANSPORT_CLOSED retryable=true
[1787259322610] MA: session ended kind=TRANSPORT_CLOSED retryable=true
[1787259324128] MA: session ended kind=TRANSPORT_CLOSED retryable=true
[1787259325660] MA: session ended kind=TRANSPORT_CLOSED retryable=true
[1787259327201] MA: session ended kind=TRANSPORT_CLOSED retryable=true
[1787259328730] MA: session ended kind=TRANSPORT_CLOSED retryable=true
[1787259330262] MA: session ended kind=TRANSPORT_CLOSED retryable=true
[1787259331782] MA: session ended kind=TRANSPORT_CLOSED retryable=true
[1787259333298] MA: session ended kind=TRANSPORT_CLOSED retryable=true
[1787259334815] MA: session ended kind=TRANSPORT_CLOSED retryable=true
[1787259336352] MA: session ended kind=TRANSPORT_CLOSED retryable=true
[1787259337883] MA: session ended kind=TRANSPORT_CLOSED retryable=true
[1787259339409] MA: session ended kind=TRANSPORT_CLOSED retryable=true
[1787259340939] MA: session ended kind=TRANSPORT_CLOSED retryable=true
[1787259342476] MA: session ended kind=TRANSPORT_CLOSED retryable=true
[1787259344008] MA: session ended kind=TRANSPORT_CLOSED retryable=true
[1787259345531] MA: session ended kind=TRANSPORT_CLOSED retryable=true
[1787259347054] MA: session ended kind=TRANSPORT_CLOSED retryable=true
[1787259348584] MA: session ended kind=TRANSPORT_CLOSED retryable=true
[1787259350108] MA: session ended kind=TRANSPORT_CLOSED retryable=true
[1787259351622] MA: session ended kind=TRANSPORT_CLOSED retryable=true
[1787259353146] MA: session ended kind=TRANSPORT_CLOSED retryable=true
[1787259354683] MA: session ended kind=TRANSPORT_CLOSED retryable=true
[1787259356210] MA: session ended kind=TRANSPORT_CLOSED retryable=true
[1787259357731] MA: session ended kind=TRANSPORT_CLOSED retryable=true
[1787259359255] MA: session ended kind=TRANSPORT_CLOSED retryable=true
[1787259360787] MA: session ended kind=TRANSPORT_CLOSED retryable=true
[1787259362320] MA: session ended kind=TRANSPORT_CLOSED retryable=true
[1787259363848] MA: session ended kind=TRANSPORT_CLOSED retryable=true
[1787259365381] MA: session ended kind=TRANSPORT_CLOSED retryable=true
[1787259366912] MA: session ended kind=TRANSPORT_CLOSED retryable=true
[1787259368439] MA: session ended kind=TRANSPORT_CLOSED retryable=true
[1787259369953] MA: session ended kind=TRANSPORT_CLOSED retryable=true
[1787259371474] MA: session ended kind=TRANSPORT_CLOSED retryable=true
[1787259373012] MA: session ended kind=TRANSPORT_CLOSED retryable=true
[1787259374539] MA: session ended kind=TRANSPORT_CLOSED retryable=true
[1787259376078] MA: session ended kind=TRANSPORT_CLOSED retryable=true
[1787259377601] MA: session ended kind=TRANSPORT_CLOSED retryable=true
[1787259379122] MA: session ended kind=TRANSPORT_CLOSED retryable=true
[1787259380645] MA: session ended kind=TRANSPORT_CLOSED retryable=true
[1787259382181] MA: session ended kind=TRANSPORT_CLOSED retryable=true
[1787259383714] MA: session ended kind=TRANSPORT_CLOSED retryable=true
[1787259385242] MA: session ended kind=TRANSPORT_CLOSED retryable=true
[1787259386771] MA: session ended kind=TRANSPORT_CLOSED retryable=true
[1787259388307] MA: session ended kind=TRANSPORT_CLOSED retryable=true
[1787259389836] MA: session ended kind=TRANSPORT_CLOSED retryable=true
[1787259391373] MA: session ended kind=TRANSPORT_CLOSED retryable=true
[1787259392898] MA: session ended kind=TRANSPORT_CLOSED retryable=true
[1787259394421] MA: session ended kind=TRANSPORT_CLOSED retryable=true
[1787259395943] MA: session ended kind=TRANSPORT_CLOSED retryable=true
[1787259397472] MA: session ended kind=TRANSPORT_CLOSED retryable=true
[1787259399008] MA: session ended kind=TRANSPORT_CLOSED retryable=true
[1787259400539] MA: session ended kind=TRANSPORT_CLOSED retryable=true
[1787259402061] MA: session ended kind=TRANSPORT_CLOSED retryable=true
[1787259403584] MA: session ended kind=TRANSPORT_CLOSED retryable=true
[1787259405109] MA: session ended kind=TRANSPORT_CLOSED retryable=true
[1787259406629] MA: session ended kind=TRANSPORT_CLOSED retryable=true
[1787259408162] MA: session ended kind=TRANSPORT_CLOSED retryable=true
[1787259409682] MA: session ended kind=TRANSPORT_CLOSED retryable=true
[1787259411206] MA: session ended kind=TRANSPORT_CLOSED retryable=true
[1787259412730] MA: session ended kind=TRANSPORT_CLOSED retryable=true
[1787259414261] MA: session ended kind=TRANSPORT_CLOSED retryable=true
[1787259415777] MA: session ended kind=TRANSPORT_CLOSED retryable=true
[1787259417292] MA: session ended kind=TRANSPORT_CLOSED retryable=true
[1787259418807] MA: session ended kind=TRANSPORT_CLOSED retryable=true
[1787259420328] MA: session ended kind=TRANSPORT_CLOSED retryable=true
[1787259421865] MA: session ended kind=TRANSPORT_CLOSED retryable=true
[1787259423398] MA: session ended kind=TRANSPORT_CLOSED retryable=true
[1787259424914] MA: session ended kind=TRANSPORT_CLOSED retryable=true
[1787259426431] MA: session ended kind=TRANSPORT_CLOSED retryable=true
[1787259427955] MA: session ended kind=TRANSPORT_CLOSED retryable=true
[1787259429489] MA: session ended kind=TRANSPORT_CLOSED retryable=true
[1787259431024] MA: session ended kind=TRANSPORT_CLOSED retryable=true
[1787259432553] MA: session ended kind=TRANSPORT_CLOSED retryable=true
[1787259434078] MA: session ended kind=TRANSPORT_CLOSED retryable=true
[1787259435614] MA: session ended kind=TRANSPORT_CLOSED retryable=true
[1787259437149] MA: session ended kind=TRANSPORT_CLOSED retryable=true
[1787259438682] MA: session ended kind=TRANSPORT_CLOSED retryable=true
[1787259440213] MA: session ended kind=TRANSPORT_CLOSED retryable=true
[1787259441740] MA: session ended kind=TRANSPORT_CLOSED retryable=true
[1787259443266] MA: session ended kind=TRANSPORT_CLOSED retryable=true
[1787259444802] MA: session ended kind=TRANSPORT_CLOSED retryable=true
[1787259446338] MA: session ended kind=TRANSPORT_CLOSED retryable=true
[1787259447867] MA: session ended kind=TRANSPORT_CLOSED retryable=true
[1787259449402] MA: session ended kind=TRANSPORT_CLOSED retryable=true
[1787259450928] MA: session ended kind=TRANSPORT_CLOSED retryable=true
[1787259452465] MA: session ended kind=TRANSPORT_CLOSED retryable=true
[1787259453994] MA: session ended kind=TRANSPORT_CLOSED retryable=true
[1787259455529] MA: session ended kind=TRANSPORT_CLOSED retryable=true
[1787259457056] MA: session ended kind=TRANSPORT_CLOSED retryable=true
[1787259458581] MA: session ended kind=TRANSPORT_CLOSED retryable=true
[1787259460095] MA: session ended kind=TRANSPORT_CLOSED retryable=true
[1787259461613] MA: session ended kind=TRANSPORT_CLOSED retryable=true
[1787259463154] MA: session ended kind=TRANSPORT_CLOSED retryable=true
[1787259464679] MA: session ended kind=TRANSPORT_CLOSED retryable=true
[1787259466211] MA: session ended kind=TRANSPORT_CLOSED retryable=true
[1787259467741] MA: session ended kind=TRANSPORT_CLOSED retryable=true
[1787259469265] MA: session ended kind=TRANSPORT_CLOSED retryable=true
[1787259470782] MA: session ended kind=TRANSPORT_CLOSED retryable=true
[1787259472309] MA: session ended kind=TRANSPORT_CLOSED retryable=true
[1787259473826] MA: session ended kind=TRANSPORT_CLOSED retryable=true
[1787259475348] MA: session ended kind=TRANSPORT_CLOSED retryable=true
[1787259476881] MA: session ended kind=TRANSPORT_CLOSED retryable=true
[1787259478415] MA: session ended kind=TRANSPORT_CLOSED retryable=true
[1787259479940] MA: session ended kind=TRANSPORT_CLOSED retryable=true
[1787259481477] MA: session ended kind=TRANSPORT_CLOSED retryable=true
[1787259483010] MA: session ended kind=TRANSPORT_CLOSED retryable=true
[1787259484538] MA: session ended kind=TRANSPORT_CLOSED retryable=true
[1787259486056] MA: session ended kind=TRANSPORT_CLOSED retryable=true
[1787259487581] MA: session ended kind=TRANSPORT_CLOSED retryable=true
[1787259489113] MA: session ended kind=TRANSPORT_CLOSED retryable=true
[1787259490650] MA: session ended kind=TRANSPORT_CLOSED retryable=true
[1787259492176] MA: session ended kind=TRANSPORT_CLOSED retryable=true
[1787259493700] MA: session ended kind=TRANSPORT_CLOSED retryable=true
[1787259495215] MA: session ended kind=TRANSPORT_CLOSED retryable=true
[1787259496738] MA: session ended kind=TRANSPORT_CLOSED retryable=true
[1787259498269] MA: session ended kind=TRANSPORT_CLOSED retryable=true
[1787259499805] MA: session ended kind=TRANSPORT_CLOSED retryable=true
[1787259501340] MA: session ended kind=TRANSPORT_CLOSED retryable=true
[1787259502862] MA: session ended kind=TRANSPORT_CLOSED retryable=true
[1787259504393] MA: session ended kind=TRANSPORT_CLOSED retryable=true
[1787259505930] MA: session ended kind=TRANSPORT_CLOSED retryable=true
[1787259507458] MA: session ended kind=TRANSPORT_CLOSED retryable=true
[1787259508993] MA: session ended kind=TRANSPORT_CLOSED retryable=true
[1787259510519] MA: session ended kind=TRANSPORT_CLOSED retryable=true
[1787259512051] MA: session ended kind=TRANSPORT_CLOSED retryable=true
[1787259513585] MA: session ended kind=TRANSPORT_CLOSED retryable=true
[1787259515124] MA: session ended kind=TRANSPORT_CLOSED retryable=true
[1787259516643] MA: session ended kind=TRANSPORT_CLOSED retryable=true
[1787259518156] MA: session ended kind=TRANSPORT_CLOSED retryable=true
[1787259519681] MA: session ended kind=TRANSPORT_CLOSED retryable=true
[1787259521199] MA: session ended kind=TRANSPORT_CLOSED retryable=true
[1787259522715] MA: session ended kind=TRANSPORT_CLOSED retryable=true
[1787259524240] MA: session ended kind=TRANSPORT_CLOSED retryable=true
[1787259525769] MA: session ended kind=TRANSPORT_CLOSED retryable=true
[1787259527296] MA: session ended kind=TRANSPORT_CLOSED retryable=true
[1787259528812] MA: session ended kind=TRANSPORT_CLOSED retryable=true
[1787259530336] MA: session ended kind=TRANSPORT_CLOSED retryable=true
[1787259531857] MA: session ended kind=TRANSPORT_CLOSED retryable=true
[1787259533381] MA: session ended kind=TRANSPORT_CLOSED retryable=true
[1787259534909] MA: session ended kind=TRANSPORT_CLOSED retryable=true
[1787259536453] MA: session ended kind=TRANSPORT_CLOSED retryable=true
[1787259537973] MA: session ended kind=TRANSPORT_CLOSED retryable=true
[1787259539506] MA: session ended kind=TRANSPORT_CLOSED retryable=true
[1787259541037] MA: session ended kind=TRANSPORT_CLOSED retryable=true
[1787259542578] MA: session ended kind=TRANSPORT_CLOSED retryable=true
[1787259544101] MA: session ended kind=TRANSPORT_CLOSED retryable=true
[1787259545628] MA: session ended kind=TRANSPORT_CLOSED retryable=true
[1787259547159] MA: session ended kind=TRANSPORT_CLOSED retryable=true
[1787259548691] MA: session ended kind=TRANSPORT_CLOSED retryable=true
[1787259550223] MA: session ended kind=TRANSPORT_CLOSED retryable=true
[1787259551757] MA: session ended kind=TRANSPORT_CLOSED retryable=true
[1787259553275] MA: session ended kind=TRANSPORT_CLOSED retryable=true
[1787259554797] MA: session ended kind=TRANSPORT_CLOSED retryable=true
[1787259556316] MA: session ended kind=TRANSPORT_CLOSED retryable=true
[1787259557846] MA: session ended kind=TRANSPORT_CLOSED retryable=true
[1787259559379] MA: session ended kind=TRANSPORT_CLOSED retryable=true
[1787259560907] MA: session ended kind=TRANSPORT_CLOSED retryable=true
[1787259562440] MA: session ended kind=TRANSPORT_CLOSED retryable=true
[1787259563982] MA: session ended kind=TRANSPORT_CLOSED retryable=true
[1787259565503] MA: session ended kind=TRANSPORT_CLOSED retryable=true
[1787259567040] MA: session ended kind=TRANSPORT_CLOSED retryable=true
[1787259568574] MA: session ended kind=TRANSPORT_CLOSED retryable=true
[1787259570103] MA: session ended kind=TRANSPORT_CLOSED retryable=true
[1787259571627] MA: session ended kind=TRANSPORT_CLOSED retryable=true
[1787259573140] MA: session ended kind=TRANSPORT_CLOSED retryable=true
[1787259574677] MA: session ended kind=TRANSPORT_CLOSED retryable=true
[1787259576219] MA: session ended kind=TRANSPORT_CLOSED retryable=true
[1787259577738] MA: session ended kind=TRANSPORT_CLOSED retryable=true
[1787259579258] MA: session ended kind=TRANSPORT_CLOSED retryable=true
[1787259580782] MA: session ended kind=TRANSPORT_CLOSED retryable=true
[1787259582303] MA: session ended kind=TRANSPORT_CLOSED retryable=true
[1787259583828] MA: session ended kind=TRANSPORT_CLOSED retryable=true
[1787259585344] MA: session ended kind=TRANSPORT_CLOSED retryable=true
[1787259586882] MA: session ended kind=TRANSPORT_CLOSED retryable=true
[1787259588409] MA: session ended kind=TRANSPORT_CLOSED retryable=true
[1787259589944] MA: session ended kind=TRANSPORT_CLOSED retryable=true
[1787259591470] MA: session ended kind=TRANSPORT_CLOSED retryable=true
[1787259592979] MA: session ended kind=TRANSPORT_CLOSED retryable=true
[1787259594508] MA: session ended kind=TRANSPORT_CLOSED retryable=true
[1787259596023] MA: session ended kind=TRANSPORT_CLOSED retryable=true
[1787259597542] MA: session ended kind=TRANSPORT_CLOSED retryable=true
[1787259599062] MA: session ended kind=TRANSPORT_CLOSED retryable=true
[1787259600586] MA: session ended kind=TRANSPORT_CLOSED retryable=true
[1787259602122] MA: session ended kind=TRANSPORT_CLOSED retryable=true
[1787259603647] MA: session ended kind=TRANSPORT_CLOSED retryable=true
[1787259605177] MA: session ended kind=TRANSPORT_CLOSED retryable=true
[1787259606706] MA: session ended kind=TRANSPORT_CLOSED retryable=true
[1787259608228] MA: session ended kind=TRANSPORT_CLOSED retryable=true
[1787259609742] MA: session ended kind=TRANSPORT_CLOSED retryable=true
[1787259611269] MA: session ended kind=TRANSPORT_CLOSED retryable=true
[1787259612798] MA: session ended kind=TRANSPORT_CLOSED retryable=true
[1787259614326] MA: session ended kind=TRANSPORT_CLOSED retryable=true
[1787259615870] MA: session ended kind=TRANSPORT_CLOSED retryable=true
[1787259617389] MA: session ended kind=TRANSPORT_CLOSED retryable=true
[1787259618924] MA: session ended kind=TRANSPORT_CLOSED retryable=true
[1787259620457] MA: session ended kind=TRANSPORT_CLOSED retryable=true
[1787259621986] MA: session ended kind=TRANSPORT_CLOSED retryable=true
[1787259623509] MA: session ended kind=TRANSPORT_CLOSED retryable=true
[1787259625030] MA: session ended kind=TRANSPORT_CLOSED retryable=true
[1787259626563] MA: session ended kind=TRANSPORT_CLOSED retryable=true
[1787259628097] MA: session ended kind=TRANSPORT_CLOSED retryable=true
[1787259629628] MA: session ended kind=TRANSPORT_CLOSED retryable=true
[1787259631151] MA: session ended kind=TRANSPORT_CLOSED retryable=true
[1787259632665] MA: session ended kind=TRANSPORT_CLOSED retryable=true
[1787259634209] MA: session ended kind=TRANSPORT_CLOSED retryable=true
[1787259635738] MA: session ended kind=TRANSPORT_CLOSED retryable=true
[1787259637260] MA: session ended kind=TRANSPORT_CLOSED retryable=true
[1787259638782] MA: session ended kind=TRANSPORT_CLOSED retryable=true
[1787259640309] MA: session ended kind=TRANSPORT_CLOSED retryable=true
[1787259641839] MA: session ended kind=TRANSPORT_CLOSED retryable=true
[1787259643357] MA: session ended kind=TRANSPORT_CLOSED retryable=true
[1787259644887] MA: session ended kind=TRANSPORT_CLOSED retryable=true
[1787259646402] MA: session ended kind=TRANSPORT_CLOSED retryable=true
[1787259647919] MA: session ended kind=TRANSPORT_CLOSED retryable=true
[1787259649451] MA: session ended kind=TRANSPORT_CLOSED retryable=true
[1787259650976] MA: session ended kind=TRANSPORT_CLOSED retryable=true
[1787259652494] MA: session ended kind=TRANSPORT_CLOSED retryable=true
[1787259654013] MA: session ended kind=TRANSPORT_CLOSED retryable=true
[1787259678051] MA: device health battery=100 charging=true saver=false thermal=nominal
[1787259678052] MA: lifecycle foreground connected=false
[1787259678110] MA: surfaceCreated
[1787259678110] MA: surfaceChanged: 2800x1264
[1787259678219] MA: session ended kind=TRANSPORT_CLOSED retryable=true
[1787259679738] MA: session ended kind=TRANSPORT_CLOSED retryable=true
[1787259681250] MA: session ended kind=TRANSPORT_CLOSED retryable=true
[1787259682361] MA: surfaceDestroyed
[1787259682400] MA: lifecycle background connected=false; retries paused
[1787259684484] MA: lifecycle foreground connected=false
[1787259684494] MA: surfaceCreated
[1787259684494] MA: surfaceChanged: 2800x1264
[1787259684561] MA: surfaceChanged: 1264x2800
[1787259684614] MA: surfaceChanged: 2800x1264
[1787259684654] MA: session ended kind=TRANSPORT_CLOSED retryable=true
[1787259686174] MA: session ended kind=TRANSPORT_CLOSED retryable=true
[1787259687716] MA: session ended kind=TRANSPORT_CLOSED retryable=true
[1787259689236] MA: session ended kind=TRANSPORT_CLOSED retryable=true
[1787259690767] MA: session ended kind=TRANSPORT_CLOSED retryable=true
[1787259692302] MA: session ended kind=TRANSPORT_CLOSED retryable=true
[1787259693827] MA: session ended kind=TRANSPORT_CLOSED retryable=true
[1787259695345] MA: session ended kind=TRANSPORT_CLOSED retryable=true
[1787259696885] MA: session ended kind=TRANSPORT_CLOSED retryable=true
[1787259698416] MA: session ended kind=TRANSPORT_CLOSED retryable=true
[1787259699947] MA: session ended kind=TRANSPORT_CLOSED retryable=true
[1787259701478] MA: session ended kind=TRANSPORT_CLOSED retryable=true
[1787259703007] MA: session ended kind=TRANSPORT_CLOSED retryable=true
[1787259704542] MA: session ended kind=TRANSPORT_CLOSED retryable=true
[1787259706072] MA: session ended kind=TRANSPORT_CLOSED retryable=true
[1787259707596] MA: session ended kind=TRANSPORT_CLOSED retryable=true
[1787259709129] MA: session ended kind=TRANSPORT_CLOSED retryable=true
[1787259710662] MA: session ended kind=TRANSPORT_CLOSED retryable=true
[1787259712212] MA: session ended kind=TRANSPORT_CLOSED retryable=true
[1787259713743] MA: session ended kind=TRANSPORT_CLOSED retryable=true
[1787259715277] MA: session ended kind=TRANSPORT_CLOSED retryable=true
[1787259716798] MA: session ended kind=TRANSPORT_CLOSED retryable=true
[1787259718319] MA: session ended kind=TRANSPORT_CLOSED retryable=true
[1787259719841] MA: session ended kind=TRANSPORT_CLOSED retryable=true
[1787259721368] MA: session ended kind=TRANSPORT_CLOSED retryable=true
[1787259722898] MA: session ended kind=TRANSPORT_CLOSED retryable=true
[1787259724433] MA: session ended kind=TRANSPORT_CLOSED retryable=true
[1787259725952] MA: session ended kind=TRANSPORT_CLOSED retryable=true
[1787259727471] MA: session ended kind=TRANSPORT_CLOSED retryable=true
[1787259729009] MA: session ended kind=TRANSPORT_CLOSED retryable=true
[1787259730535] MA: session ended kind=TRANSPORT_CLOSED retryable=true
[1787259732069] MA: session ended kind=TRANSPORT_CLOSED retryable=true
[1787259733602] MA: session ended kind=TRANSPORT_CLOSED retryable=true
[1787259735124] MA: session ended kind=TRANSPORT_CLOSED retryable=true
[1787259736659] MA: session ended kind=TRANSPORT_CLOSED retryable=true
[1787259738194] MA: session ended kind=TRANSPORT_CLOSED retryable=true
[1787259739727] MA: session ended kind=TRANSPORT_CLOSED retryable=true
[1787259741251] MA: session ended kind=TRANSPORT_CLOSED retryable=true
[1787259742779] MA: session ended kind=TRANSPORT_CLOSED retryable=true
[1787259744300] MA: session ended kind=TRANSPORT_CLOSED retryable=true
[1787259745840] MA: session ended kind=TRANSPORT_CLOSED retryable=true
[1787259747368] MA: session ended kind=TRANSPORT_CLOSED retryable=true
[1787259748902] MA: session ended kind=TRANSPORT_CLOSED retryable=true
[1787259750431] MA: session ended kind=TRANSPORT_CLOSED retryable=true
[1787259751960] MA: session ended kind=TRANSPORT_CLOSED retryable=true
[1787259753497] MA: session ended kind=TRANSPORT_CLOSED retryable=true
[1787259755029] MA: session ended kind=TRANSPORT_CLOSED retryable=true
[1787259756567] MA: session ended kind=TRANSPORT_CLOSED retryable=true
[1787259758103] MA: session ended kind=TRANSPORT_CLOSED retryable=true
[1787259759634] MA: session ended kind=TRANSPORT_CLOSED retryable=true
[1787259761167] MA: session ended kind=TRANSPORT_CLOSED retryable=true
[1787259762712] MA: session ended kind=TRANSPORT_CLOSED retryable=true
[1787259764241] MA: session ended kind=TRANSPORT_CLOSED retryable=true
[1787259765776] MA: session ended kind=TRANSPORT_CLOSED retryable=true
[1787259767314] MA: session ended kind=TRANSPORT_CLOSED retryable=true
[1787259768846] MA: session ended kind=TRANSPORT_CLOSED retryable=true
[1787259770364] MA: session ended kind=TRANSPORT_CLOSED retryable=true
[1787259771881] MA: session ended kind=TRANSPORT_CLOSED retryable=true
[1787259773435] MA: session ended kind=TRANSPORT_CLOSED retryable=true
[1787259774970] MA: session ended kind=TRANSPORT_CLOSED retryable=true
[1787259776497] MA: session ended kind=TRANSPORT_CLOSED retryable=true
[1787259778018] MA: session ended kind=TRANSPORT_CLOSED retryable=true
[1787259779537] MA: session ended kind=TRANSPORT_CLOSED retryable=true
[1787259781092] MA: session ended kind=TRANSPORT_CLOSED retryable=true
[1787259782620] MA: session ended kind=TRANSPORT_CLOSED retryable=true
[1787259784149] MA: session ended kind=TRANSPORT_CLOSED retryable=true
[1787259785682] MA: session ended kind=TRANSPORT_CLOSED retryable=true
[1787259787217] MA: session ended kind=TRANSPORT_CLOSED retryable=true
[1787259788746] MA: session ended kind=TRANSPORT_CLOSED retryable=true
[1787259790273] MA: session ended kind=TRANSPORT_CLOSED retryable=true
[1787259791798] MA: session ended kind=TRANSPORT_CLOSED retryable=true
[1787259793320] MA: session ended kind=TRANSPORT_CLOSED retryable=true
[1787259794846] MA: session ended kind=TRANSPORT_CLOSED retryable=true
[1787259796373] MA: session ended kind=TRANSPORT_CLOSED retryable=true
[1787259797900] MA: session ended kind=TRANSPORT_CLOSED retryable=true
[1787259799428] MA: session ended kind=TRANSPORT_CLOSED retryable=true
[1787259800957] MA: session ended kind=TRANSPORT_CLOSED retryable=true
[1787259802474] MA: session ended kind=TRANSPORT_CLOSED retryable=true
[1787259804001] MA: session ended kind=TRANSPORT_CLOSED retryable=true
[1787259805514] MA: session ended kind=TRANSPORT_CLOSED retryable=true
[1787259807034] MA: session ended kind=TRANSPORT_CLOSED retryable=true
[1787259808561] MA: session ended kind=TRANSPORT_CLOSED retryable=true
[1787259810077] MA: session ended kind=TRANSPORT_CLOSED retryable=true
[1787259811596] MA: session ended kind=TRANSPORT_CLOSED retryable=true
[1787259813126] MA: session ended kind=TRANSPORT_CLOSED retryable=true
[1787259814643] MA: session ended kind=TRANSPORT_CLOSED retryable=true
[1787259816179] MA: session ended kind=TRANSPORT_CLOSED retryable=true
[1787259817737] MA: session ended kind=TRANSPORT_CLOSED retryable=true
[1787259819258] MA: session ended kind=TRANSPORT_CLOSED retryable=true
[1787259820791] MA: session ended kind=TRANSPORT_CLOSED retryable=true
[1787259822319] MA: session ended kind=TRANSPORT_CLOSED retryable=true
[1787259823850] MA: session ended kind=TRANSPORT_CLOSED retryable=true
[1787259825385] MA: session ended kind=TRANSPORT_CLOSED retryable=true
[1787259826920] MA: session ended kind=TRANSPORT_CLOSED retryable=true
[1787259828449] MA: session ended kind=TRANSPORT_CLOSED retryable=true
[1787259829987] MA: session ended kind=TRANSPORT_CLOSED retryable=true
[1787259831512] MA: session ended kind=TRANSPORT_CLOSED retryable=true
[1787259833038] MA: session ended kind=TRANSPORT_CLOSED retryable=true
[1787259834567] MA: session ended kind=TRANSPORT_CLOSED retryable=true
[1787259836093] MA: session ended kind=TRANSPORT_CLOSED retryable=true
[1787259837608] MA: session ended kind=TRANSPORT_CLOSED retryable=true
[1787259839129] MA: session ended kind=TRANSPORT_CLOSED retryable=true
[1787259840662] MA: session ended kind=TRANSPORT_CLOSED retryable=true
[1787259842194] MA: session ended kind=TRANSPORT_CLOSED retryable=true
[1787259843724] MA: session ended kind=TRANSPORT_CLOSED retryable=true
[1787259845260] MA: session ended kind=TRANSPORT_CLOSED retryable=true
[1787259846785] MA: session ended kind=TRANSPORT_CLOSED retryable=true
[1787259848321] MA: session ended kind=TRANSPORT_CLOSED retryable=true
[1787259849855] MA: session ended kind=TRANSPORT_CLOSED retryable=true
[1787259851376] MA: session ended kind=TRANSPORT_CLOSED retryable=true
[1787259852893] MA: session ended kind=TRANSPORT_CLOSED retryable=true
[1787259854424] MA: session ended kind=TRANSPORT_CLOSED retryable=true
[1787259855963] MA: session ended kind=TRANSPORT_CLOSED retryable=true
[1787259857498] MA: session ended kind=TRANSPORT_CLOSED retryable=true
[1787259859028] MA: session ended kind=TRANSPORT_CLOSED retryable=true
[1787259860552] MA: session ended kind=TRANSPORT_CLOSED retryable=true
[1787259862087] MA: session ended kind=TRANSPORT_CLOSED retryable=true
[1787259863620] MA: session ended kind=TRANSPORT_CLOSED retryable=true
[1787259865560] MA: device health battery=100 charging=true saver=false thermal=nominal
[1787259865560] MA: lifecycle foreground connected=false
[1787259865623] MA: surfaceCreated
[1787259865624] MA: surfaceChanged: 2800x1264
[1787259865729] MA: session ended kind=TRANSPORT_CLOSED retryable=true
[1787259867249] MA: session ended kind=TRANSPORT_CLOSED retryable=true
[1787259868768] MA: session ended kind=TRANSPORT_CLOSED retryable=true
[1787259869163] MA: surfaceDestroyed
[1787259869201] MA: lifecycle background connected=false; retries paused
[1787259871385] MA: lifecycle foreground connected=false
[1787259871396] MA: surfaceCreated
[1787259871399] MA: surfaceChanged: 2800x1264
[1787259871461] MA: surfaceChanged: 1264x2800
[1787259871503] MA: surfaceChanged: 2800x1264
[1787259871556] MA: session ended kind=TRANSPORT_CLOSED retryable=true
[1787259873069] MA: session ended kind=TRANSPORT_CLOSED retryable=true
[1787259874600] MA: session ended kind=TRANSPORT_CLOSED retryable=true
[1787259876139] MA: session ended kind=TRANSPORT_CLOSED retryable=true
[1787259877664] MA: session ended kind=TRANSPORT_CLOSED retryable=true
[1787259879196] MA: session ended kind=TRANSPORT_CLOSED retryable=true
[1787259880726] MA: session ended kind=TRANSPORT_CLOSED retryable=true
[1787259882260] MA: session ended kind=TRANSPORT_CLOSED retryable=true
[1787259883793] MA: session ended kind=TRANSPORT_CLOSED retryable=true
[1787259885325] MA: session ended kind=TRANSPORT_CLOSED retryable=true
[1787259886850] MA: session ended kind=TRANSPORT_CLOSED retryable=true
[1787259888399] MA: session ended kind=TRANSPORT_CLOSED retryable=true
[1787259889942] MA: session ended kind=TRANSPORT_CLOSED retryable=true
[1787259891468] MA: session ended kind=TRANSPORT_CLOSED retryable=true
[1787259893006] MA: session ended kind=TRANSPORT_CLOSED retryable=true
[1787259894529] MA: session ended kind=TRANSPORT_CLOSED retryable=true
[1787259896060] MA: session ended kind=TRANSPORT_CLOSED retryable=true
[1787259897587] MA: session ended kind=TRANSPORT_CLOSED retryable=true
[1787259899106] MA: session ended kind=TRANSPORT_CLOSED retryable=true
[1787259900638] MA: session ended kind=TRANSPORT_CLOSED retryable=true
[1787259902174] MA: session ended kind=TRANSPORT_CLOSED retryable=true
[1787259903703] MA: session ended kind=TRANSPORT_CLOSED retryable=true
[1787259905266] MA: session ended kind=TRANSPORT_CLOSED retryable=true
[1787259906797] MA: session ended kind=TRANSPORT_CLOSED retryable=true
[1787259908328] MA: session ended kind=TRANSPORT_CLOSED retryable=true
[1787259909868] MA: session ended kind=TRANSPORT_CLOSED retryable=true
[1787259911401] MA: session ended kind=TRANSPORT_CLOSED retryable=true
[1787259912930] MA: session ended kind=TRANSPORT_CLOSED retryable=true
[1787259914456] MA: session ended kind=TRANSPORT_CLOSED retryable=true
[1787259915992] MA: session ended kind=TRANSPORT_CLOSED retryable=true
[1787259917530] MA: session ended kind=TRANSPORT_CLOSED retryable=true
[1787259919079] MA: session ended kind=TRANSPORT_CLOSED retryable=true
[1787259920602] MA: session ended kind=TRANSPORT_CLOSED retryable=true
[1787259922135] MA: session ended kind=TRANSPORT_CLOSED retryable=true
[1787259923666] MA: session ended kind=TRANSPORT_CLOSED retryable=true
[1787259925199] MA: session ended kind=TRANSPORT_CLOSED retryable=true
[1787259926728] MA: session ended kind=TRANSPORT_CLOSED retryable=true
[1787259928254] MA: session ended kind=TRANSPORT_CLOSED retryable=true
[1787259929779] MA: session ended kind=TRANSPORT_CLOSED retryable=true
[1787259931311] MA: session ended kind=TRANSPORT_CLOSED retryable=true
[1787259932843] MA: session ended kind=TRANSPORT_CLOSED retryable=true
[1787259934372] MA: session ended kind=TRANSPORT_CLOSED retryable=true
[1787259935904] MA: session ended kind=TRANSPORT_CLOSED retryable=true
[1787259937427] MA: session ended kind=TRANSPORT_CLOSED retryable=true
[1787259938953] MA: session ended kind=TRANSPORT_CLOSED retryable=true
[1787259940482] MA: session ended kind=TRANSPORT_CLOSED retryable=true
[1787259942005] MA: session ended kind=TRANSPORT_CLOSED retryable=true
[1787259943532] MA: session ended kind=TRANSPORT_CLOSED retryable=true
[1787259945059] MA: session ended kind=TRANSPORT_CLOSED retryable=true
[1787259946588] MA: session ended kind=TRANSPORT_CLOSED retryable=true
[1787259948127] MA: session ended kind=TRANSPORT_CLOSED retryable=true
[1787259949656] MA: session ended kind=TRANSPORT_CLOSED retryable=true
[1787259951193] MA: session ended kind=TRANSPORT_CLOSED retryable=true
[1787259952723] MA: session ended kind=TRANSPORT_CLOSED retryable=true
[1787259954247] MA: session ended kind=TRANSPORT_CLOSED retryable=true
[1787259955783] MA: session ended kind=TRANSPORT_CLOSED retryable=true
[1787259957312] MA: session ended kind=TRANSPORT_CLOSED retryable=true
[1787259958839] MA: session ended kind=TRANSPORT_CLOSED retryable=true
[1787259960353] MA: session ended kind=TRANSPORT_CLOSED retryable=true
[1787259961868] MA: session ended kind=TRANSPORT_CLOSED retryable=true
[1787259963386] MA: session ended kind=TRANSPORT_CLOSED retryable=true
[1787259964918] MA: session ended kind=TRANSPORT_CLOSED retryable=true
[1787259966430] MA: session ended kind=TRANSPORT_CLOSED retryable=true
[1787259967946] MA: session ended kind=TRANSPORT_CLOSED retryable=true
[1787259969462] MA: session ended kind=TRANSPORT_CLOSED retryable=true
[1787259970983] MA: session ended kind=TRANSPORT_CLOSED retryable=true
[1787259972507] MA: session ended kind=TRANSPORT_CLOSED retryable=true
[1787259974054] MA: session ended kind=TRANSPORT_CLOSED retryable=true
[1787259975576] MA: session ended kind=TRANSPORT_CLOSED retryable=true
[1787259977108] MA: session ended kind=TRANSPORT_CLOSED retryable=true
[1787259978639] MA: session ended kind=TRANSPORT_CLOSED retryable=true
[1787259980161] MA: session ended kind=TRANSPORT_CLOSED retryable=true
[1787259981691] MA: session ended kind=TRANSPORT_CLOSED retryable=true
[1787259983217] MA: session ended kind=TRANSPORT_CLOSED retryable=true
[1787259984754] MA: session ended kind=TRANSPORT_CLOSED retryable=true
[1787259986288] MA: session ended kind=TRANSPORT_CLOSED retryable=true
[1787259987819] MA: session ended kind=TRANSPORT_CLOSED retryable=true
[1787259989356] MA: session ended kind=TRANSPORT_CLOSED retryable=true
[1787259990876] MA: session ended kind=TRANSPORT_CLOSED retryable=true
[1787259992410] MA: session ended kind=TRANSPORT_CLOSED retryable=true
[1787259993945] MA: session ended kind=TRANSPORT_CLOSED retryable=true
[1787259995477] MA: session ended kind=TRANSPORT_CLOSED retryable=true
[1787259997011] MA: session ended kind=TRANSPORT_CLOSED retryable=true
[1787259998538] MA: session ended kind=TRANSPORT_CLOSED retryable=true
[1787260000073] MA: session ended kind=TRANSPORT_CLOSED retryable=true
[1787260001607] MA: session ended kind=TRANSPORT_CLOSED retryable=true
[1787260003141] MA: session ended kind=TRANSPORT_CLOSED retryable=true
[1787260004661] MA: session ended kind=TRANSPORT_CLOSED retryable=true
[1787260006189] MA: session ended kind=TRANSPORT_CLOSED retryable=true
[1787260007711] MA: session ended kind=TRANSPORT_CLOSED retryable=true
[1787260009243] MA: session ended kind=TRANSPORT_CLOSED retryable=true
[1787260010776] MA: session ended kind=TRANSPORT_CLOSED retryable=true
[1787260012307] MA: session ended kind=TRANSPORT_CLOSED retryable=true
[1787260013840] MA: session ended kind=TRANSPORT_CLOSED retryable=true
[1787260015373] MA: session ended kind=TRANSPORT_CLOSED retryable=true
[1787260016895] MA: session ended kind=TRANSPORT_CLOSED retryable=true
[1787260018420] MA: session ended kind=TRANSPORT_CLOSED retryable=true
[1787260019956] MA: session ended kind=TRANSPORT_CLOSED retryable=true
[1787260021475] MA: session ended kind=TRANSPORT_CLOSED retryable=true
[1787260022997] MA: session ended kind=TRANSPORT_CLOSED retryable=true
[1787260024531] MA: session ended kind=TRANSPORT_CLOSED retryable=true
[1787260026054] MA: session ended kind=TRANSPORT_CLOSED retryable=true
[1787260027581] MA: session ended kind=TRANSPORT_CLOSED retryable=true
[1787260029098] MA: session ended kind=TRANSPORT_CLOSED retryable=true
[1787260030616] MA: session ended kind=TRANSPORT_CLOSED retryable=true
[1787260032137] MA: session ended kind=TRANSPORT_CLOSED retryable=true
[1787260033670] MA: session ended kind=TRANSPORT_CLOSED retryable=true
[1787260035203] MA: session ended kind=TRANSPORT_CLOSED retryable=true
[1787260036726] MA: session ended kind=TRANSPORT_CLOSED retryable=true
[1787260038255] MA: session ended kind=TRANSPORT_CLOSED retryable=true
[1787260039778] MA: session ended kind=TRANSPORT_CLOSED retryable=true
[1787260041322] MA: session ended kind=TRANSPORT_CLOSED retryable=true
[1787260042844] MA: session ended kind=TRANSPORT_CLOSED retryable=true
[1787260044377] MA: session ended kind=TRANSPORT_CLOSED retryable=true
[1787260045907] MA: session ended kind=TRANSPORT_CLOSED retryable=true
[1787260047428] MA: session ended kind=TRANSPORT_CLOSED retryable=true
[1787260048940] MA: session ended kind=TRANSPORT_CLOSED retryable=true
[1787260050458] MA: session ended kind=TRANSPORT_CLOSED retryable=true
[1787260051980] MA: session ended kind=TRANSPORT_CLOSED retryable=true
[1787260053514] MA: session ended kind=TRANSPORT_CLOSED retryable=true
[1787260055051] MA: session ended kind=TRANSPORT_CLOSED retryable=true
[1787260056575] MA: session ended kind=TRANSPORT_CLOSED retryable=true
[1787260058112] MA: session ended kind=TRANSPORT_CLOSED retryable=true
[1787260059643] MA: session ended kind=TRANSPORT_CLOSED retryable=true
[1787260061175] MA: session ended kind=TRANSPORT_CLOSED retryable=true
[1787260062701] MA: session ended kind=TRANSPORT_CLOSED retryable=true
[1787260064233] MA: session ended kind=TRANSPORT_CLOSED retryable=true
[1787260065772] MA: session ended kind=TRANSPORT_CLOSED retryable=true
[1787260067301] MA: session ended kind=TRANSPORT_CLOSED retryable=true
[1787260068825] MA: session ended kind=TRANSPORT_CLOSED retryable=true
[1787260070349] MA: session ended kind=TRANSPORT_CLOSED retryable=true
[1787260071872] MA: session ended kind=TRANSPORT_CLOSED retryable=true
[1787260073400] MA: session ended kind=TRANSPORT_CLOSED retryable=true
[1787260074940] MA: session ended kind=TRANSPORT_CLOSED retryable=true
[1787260076126] MA: device health battery=100 charging=true saver=false thermal=elevated
[1787260076472] MA: session ended kind=TRANSPORT_CLOSED retryable=true
[1787260077999] MA: session ended kind=TRANSPORT_CLOSED retryable=true
[1787260079513] MA: session ended kind=TRANSPORT_CLOSED retryable=true
[1787260081033] MA: session ended kind=TRANSPORT_CLOSED retryable=true
[1787260082571] MA: session ended kind=TRANSPORT_CLOSED retryable=true
[1787260084104] MA: session ended kind=TRANSPORT_CLOSED retryable=true
[1787260085632] MA: session ended kind=TRANSPORT_CLOSED retryable=true
[1787260087153] MA: session ended kind=TRANSPORT_CLOSED retryable=true
[1787260088679] MA: session ended kind=TRANSPORT_CLOSED retryable=true
[1787260090203] MA: session ended kind=TRANSPORT_CLOSED retryable=true
[1787260091716] MA: session ended kind=TRANSPORT_CLOSED retryable=true
[1787260093238] MA: session ended kind=TRANSPORT_CLOSED retryable=true
[1787260094760] MA: session ended kind=TRANSPORT_CLOSED retryable=true
[1787260096284] MA: session ended kind=TRANSPORT_CLOSED retryable=true
[1787260097807] MA: session ended kind=TRANSPORT_CLOSED retryable=true
[1787260099330] MA: session ended kind=TRANSPORT_CLOSED retryable=true
[1787260100884] MA: session ended kind=TRANSPORT_CLOSED retryable=true
[1787260102403] MA: session ended kind=TRANSPORT_CLOSED retryable=true
[1787260103917] MA: session ended kind=TRANSPORT_CLOSED retryable=true
[1787260105444] MA: session ended kind=TRANSPORT_CLOSED retryable=true
[1787260106978] MA: session ended kind=TRANSPORT_CLOSED retryable=true
[1787260108528] MA: session ended kind=TRANSPORT_CLOSED retryable=true
[1787260110059] MA: session ended kind=TRANSPORT_CLOSED retryable=true
[1787260111575] MA: session ended kind=TRANSPORT_CLOSED retryable=true
[1787260113088] MA: session ended kind=TRANSPORT_CLOSED retryable=true
[1787260114616] MA: session ended kind=TRANSPORT_CLOSED retryable=true
[1787260116138] MA: session ended kind=TRANSPORT_CLOSED retryable=true
[1787260117656] MA: session ended kind=TRANSPORT_CLOSED retryable=true
[1787260119181] MA: session ended kind=TRANSPORT_CLOSED retryable=true
[1787260120713] MA: session ended kind=TRANSPORT_CLOSED retryable=true
[1787260122248] MA: session ended kind=TRANSPORT_CLOSED retryable=true
[1787260123796] MA: session ended kind=TRANSPORT_CLOSED retryable=true
[1787260125315] MA: session ended kind=TRANSPORT_CLOSED retryable=true
[1787260126841] MA: session ended kind=TRANSPORT_CLOSED retryable=true
[1787260128377] MA: session ended kind=TRANSPORT_CLOSED retryable=true
[1787260129912] MA: session ended kind=TRANSPORT_CLOSED retryable=true
[1787260131437] MA: session ended kind=TRANSPORT_CLOSED retryable=true
[1787260132957] MA: session ended kind=TRANSPORT_CLOSED retryable=true
[1787260134470] MA: session ended kind=TRANSPORT_CLOSED retryable=true
[1787260135990] MA: session ended kind=TRANSPORT_CLOSED retryable=true
[1787260137528] MA: session ended kind=TRANSPORT_CLOSED retryable=true
[1787260139059] MA: session ended kind=TRANSPORT_CLOSED retryable=true
[1787260140588] MA: session ended kind=TRANSPORT_CLOSED retryable=true
[1787260142117] MA: session ended kind=TRANSPORT_CLOSED retryable=true
[1787260143649] MA: session ended kind=TRANSPORT_CLOSED retryable=true
[1787260145207] MA: session ended kind=TRANSPORT_CLOSED retryable=true
[1787260146725] MA: session ended kind=TRANSPORT_CLOSED retryable=true
[1787260148248] MA: session ended kind=TRANSPORT_CLOSED retryable=true
[1787260149784] MA: session ended kind=TRANSPORT_CLOSED retryable=true
[1787260151319] MA: session ended kind=TRANSPORT_CLOSED retryable=true
[1787260152847] MA: session ended kind=TRANSPORT_CLOSED retryable=true
[1787260154379] MA: session ended kind=TRANSPORT_CLOSED retryable=true
[1787260155906] MA: session ended kind=TRANSPORT_CLOSED retryable=true
[1787260157430] MA: session ended kind=TRANSPORT_CLOSED retryable=true
[1787260158943] MA: session ended kind=TRANSPORT_CLOSED retryable=true
[1787260160467] MA: session ended kind=TRANSPORT_CLOSED retryable=true
[1787260162025] MA: session ended kind=TRANSPORT_CLOSED retryable=true
[1787260163552] MA: session ended kind=TRANSPORT_CLOSED retryable=true
[1787260165075] MA: session ended kind=TRANSPORT_CLOSED retryable=true
[1787260166615] MA: session ended kind=TRANSPORT_CLOSED retryable=true
[1787260168144] MA: session ended kind=TRANSPORT_CLOSED retryable=true
[1787260169677] MA: session ended kind=TRANSPORT_CLOSED retryable=true
[1787260171205] MA: session ended kind=TRANSPORT_CLOSED retryable=true
[1787260172731] MA: session ended kind=TRANSPORT_CLOSED retryable=true
[1787260174246] MA: session ended kind=TRANSPORT_CLOSED retryable=true
[1787260175761] MA: session ended kind=TRANSPORT_CLOSED retryable=true
[1787260177287] MA: session ended kind=TRANSPORT_CLOSED retryable=true
[1787260178808] MA: session ended kind=TRANSPORT_CLOSED retryable=true
[1787260180331] MA: session ended kind=TRANSPORT_CLOSED retryable=true
[1787260181861] MA: session ended kind=TRANSPORT_CLOSED retryable=true
[1787260183387] MA: session ended kind=TRANSPORT_CLOSED retryable=true
[1787260184908] MA: session ended kind=TRANSPORT_CLOSED retryable=true
[1787260186448] MA: session ended kind=TRANSPORT_CLOSED retryable=true
[1787260187979] MA: session ended kind=TRANSPORT_CLOSED retryable=true
[1787260189508] MA: session ended kind=TRANSPORT_CLOSED retryable=true
[1787260191040] MA: session ended kind=TRANSPORT_CLOSED retryable=true
[1787260192574] MA: session ended kind=TRANSPORT_CLOSED retryable=true
[1787260194102] MA: session ended kind=TRANSPORT_CLOSED retryable=true
[1787260195636] MA: session ended kind=TRANSPORT_CLOSED retryable=true
[1787260197167] MA: session ended kind=TRANSPORT_CLOSED retryable=true
[1787260198698] MA: session ended kind=TRANSPORT_CLOSED retryable=true
[1787260200227] MA: session ended kind=TRANSPORT_CLOSED retryable=true
[1787260201766] MA: session ended kind=TRANSPORT_CLOSED retryable=true
[1787260203295] MA: session ended kind=TRANSPORT_CLOSED retryable=true
[1787260204812] MA: session ended kind=TRANSPORT_CLOSED retryable=true
[1787260206337] MA: session ended kind=TRANSPORT_CLOSED retryable=true
[1787260207877] MA: session ended kind=TRANSPORT_CLOSED retryable=true
[1787260209407] MA: session ended kind=TRANSPORT_CLOSED retryable=true
[1787260210931] MA: session ended kind=TRANSPORT_CLOSED retryable=true
[1787260212462] MA: session ended kind=TRANSPORT_CLOSED retryable=true
[1787260213992] MA: session ended kind=TRANSPORT_CLOSED retryable=true
[1787260215504] MA: session ended kind=TRANSPORT_CLOSED retryable=true
[1787260217026] MA: session ended kind=TRANSPORT_CLOSED retryable=true
[1787260218565] MA: session ended kind=TRANSPORT_CLOSED retryable=true
[1787260220085] MA: session ended kind=TRANSPORT_CLOSED retryable=true
[1787260221624] MA: session ended kind=TRANSPORT_CLOSED retryable=true
[1787260223155] MA: session ended kind=TRANSPORT_CLOSED retryable=true
[1787260224687] MA: session ended kind=TRANSPORT_CLOSED retryable=true
[1787260226221] MA: session ended kind=TRANSPORT_CLOSED retryable=true
[1787260227749] MA: session ended kind=TRANSPORT_CLOSED retryable=true
[1787260229279] MA: session ended kind=TRANSPORT_CLOSED retryable=true
[1787260230813] MA: session ended kind=TRANSPORT_CLOSED retryable=true
[1787260232346] MA: session ended kind=TRANSPORT_CLOSED retryable=true
[1787260233874] MA: session ended kind=TRANSPORT_CLOSED retryable=true
[1787260235406] MA: session ended kind=TRANSPORT_CLOSED retryable=true
[1787260236943] MA: session ended kind=TRANSPORT_CLOSED retryable=true
[1787260238465] MA: session ended kind=TRANSPORT_CLOSED retryable=true
[1787260239990] MA: session ended kind=TRANSPORT_CLOSED retryable=true
[1787260241522] MA: session ended kind=TRANSPORT_CLOSED retryable=true
[1787260243056] MA: session ended kind=TRANSPORT_CLOSED retryable=true
[1787260244585] MA: session ended kind=TRANSPORT_CLOSED retryable=true
[1787260246118] MA: session ended kind=TRANSPORT_CLOSED retryable=true
[1787260247650] MA: session ended kind=TRANSPORT_CLOSED retryable=true
[1787260249185] MA: session ended kind=TRANSPORT_CLOSED retryable=true
[1787260250711] MA: session ended kind=TRANSPORT_CLOSED retryable=true
[1787260252245] MA: session ended kind=TRANSPORT_CLOSED retryable=true
[1787260253771] MA: session ended kind=TRANSPORT_CLOSED retryable=true
[1787260255302] MA: session ended kind=TRANSPORT_CLOSED retryable=true
[1787260256835] MA: session ended kind=TRANSPORT_CLOSED retryable=true
[1787260258373] MA: session ended kind=TRANSPORT_CLOSED retryable=true
[1787260259905] MA: session ended kind=TRANSPORT_CLOSED retryable=true
[1787260261429] MA: session ended kind=TRANSPORT_CLOSED retryable=true
[1787260262953] MA: session ended kind=TRANSPORT_CLOSED retryable=true
[1787260264481] MA: session ended kind=TRANSPORT_CLOSED retryable=true
[1787260266004] MA: session ended kind=TRANSPORT_CLOSED retryable=true
[1787260267531] MA: session ended kind=TRANSPORT_CLOSED retryable=true
[1787260269045] MA: session ended kind=TRANSPORT_CLOSED retryable=true
[1787260270562] MA: session ended kind=TRANSPORT_CLOSED retryable=true
[1787260272087] MA: session ended kind=TRANSPORT_CLOSED retryable=true
[1787260273618] MA: session ended kind=TRANSPORT_CLOSED retryable=true
[1787260275152] MA: session ended kind=TRANSPORT_CLOSED retryable=true
[1787260276675] MA: session ended kind=TRANSPORT_CLOSED retryable=true
[1787260278204] MA: session ended kind=TRANSPORT_CLOSED retryable=true
[1787260279730] MA: session ended kind=TRANSPORT_CLOSED retryable=true
[1787260281247] MA: session ended kind=TRANSPORT_CLOSED retryable=true
[1787260282773] MA: session ended kind=TRANSPORT_CLOSED retryable=true
[1787260284306] MA: session ended kind=TRANSPORT_CLOSED retryable=true
[1787260285840] MA: session ended kind=TRANSPORT_CLOSED retryable=true
[1787260287369] MA: session ended kind=TRANSPORT_CLOSED retryable=true
[1787260288901] MA: session ended kind=TRANSPORT_CLOSED retryable=true
[1787260290433] MA: session ended kind=TRANSPORT_CLOSED retryable=true
[1787260291966] MA: session ended kind=TRANSPORT_CLOSED retryable=true
[1787260293497] MA: session ended kind=TRANSPORT_CLOSED retryable=true
[1787260295030] MA: session ended kind=TRANSPORT_CLOSED retryable=true
[1787260296562] MA: session ended kind=TRANSPORT_CLOSED retryable=true
[1787260298085] MA: session ended kind=TRANSPORT_CLOSED retryable=true
[1787260299600] MA: session ended kind=TRANSPORT_CLOSED retryable=true
[1787260301118] MA: session ended kind=TRANSPORT_CLOSED retryable=true
[1787260302654] MA: session ended kind=TRANSPORT_CLOSED retryable=true
[1787260304188] MA: session ended kind=TRANSPORT_CLOSED retryable=true
[1787260305716] MA: session ended kind=TRANSPORT_CLOSED retryable=true
[1787260307247] MA: session ended kind=TRANSPORT_CLOSED retryable=true
[1787260308772] MA: session ended kind=TRANSPORT_CLOSED retryable=true
[1787260310285] MA: session ended kind=TRANSPORT_CLOSED retryable=true
[1787260311805] MA: session ended kind=TRANSPORT_CLOSED retryable=true
[1787260313325] MA: session ended kind=TRANSPORT_CLOSED retryable=true
[1787260314857] MA: session ended kind=TRANSPORT_CLOSED retryable=true
[1787260316395] MA: session ended kind=TRANSPORT_CLOSED retryable=true
[1787260317922] MA: session ended kind=TRANSPORT_CLOSED retryable=true
[1787260319444] MA: session ended kind=TRANSPORT_CLOSED retryable=true
[1787260320970] MA: session ended kind=TRANSPORT_CLOSED retryable=true
[1787260322494] MA: session ended kind=TRANSPORT_CLOSED retryable=true
[1787260324006] MA: session ended kind=TRANSPORT_CLOSED retryable=true
[1787260325535] MA: session ended kind=TRANSPORT_CLOSED retryable=true
[1787260327052] MA: session ended kind=TRANSPORT_CLOSED retryable=true
[1787260328577] MA: session ended kind=TRANSPORT_CLOSED retryable=true
[1787260330109] MA: session ended kind=TRANSPORT_CLOSED retryable=true
[1787260331639] MA: session ended kind=TRANSPORT_CLOSED retryable=true
[1787260333171] MA: session ended kind=TRANSPORT_CLOSED retryable=true
[1787260334701] MA: session ended kind=TRANSPORT_CLOSED retryable=true
[1787260336238] MA: session ended kind=TRANSPORT_CLOSED retryable=true
[1787260337773] MA: session ended kind=TRANSPORT_CLOSED retryable=true
[1787260339296] MA: session ended kind=TRANSPORT_CLOSED retryable=true
[1787260340833] MA: session ended kind=TRANSPORT_CLOSED retryable=true
[1787260342352] MA: session ended kind=TRANSPORT_CLOSED retryable=true
[1787260343880] MA: session ended kind=TRANSPORT_CLOSED retryable=true
[1787260345404] MA: session ended kind=TRANSPORT_CLOSED retryable=true
[1787260346918] MA: session ended kind=TRANSPORT_CLOSED retryable=true
[1787260348442] MA: session ended kind=TRANSPORT_CLOSED retryable=true
[1787260349972] MA: session ended kind=TRANSPORT_CLOSED retryable=true
[1787260351509] MA: session ended kind=TRANSPORT_CLOSED retryable=true
[1787260353034] MA: session ended kind=TRANSPORT_CLOSED retryable=true
[1787260354559] MA: session ended kind=TRANSPORT_CLOSED retryable=true
[1787260356077] MA: session ended kind=TRANSPORT_CLOSED retryable=true
[1787260357597] MA: session ended kind=TRANSPORT_CLOSED retryable=true
[1787260359125] MA: session ended kind=TRANSPORT_CLOSED retryable=true
[1787260360662] MA: session ended kind=TRANSPORT_CLOSED retryable=true
[1787260362198] MA: session ended kind=TRANSPORT_CLOSED retryable=true
[1787260363721] MA: session ended kind=TRANSPORT_CLOSED retryable=true
[1787260365246] MA: session ended kind=TRANSPORT_CLOSED retryable=true
[1787260366764] MA: session ended kind=TRANSPORT_CLOSED retryable=true
[1787260368286] MA: session ended kind=TRANSPORT_CLOSED retryable=true
[1787260369820] MA: session ended kind=TRANSPORT_CLOSED retryable=true
[1787260371346] MA: session ended kind=TRANSPORT_CLOSED retryable=true
[1787260372886] MA: session ended kind=TRANSPORT_CLOSED retryable=true
[1787260374406] MA: session ended kind=TRANSPORT_CLOSED retryable=true
[1787260375928] MA: session ended kind=TRANSPORT_CLOSED retryable=true
[1787260377449] MA: session ended kind=TRANSPORT_CLOSED retryable=true
[1787260378972] MA: session ended kind=TRANSPORT_CLOSED retryable=true
[1787260380504] MA: session ended kind=TRANSPORT_CLOSED retryable=true
[1787260382028] MA: session ended kind=TRANSPORT_CLOSED retryable=true
[1787260383553] MA: session ended kind=TRANSPORT_CLOSED retryable=true
[1787260385087] MA: session ended kind=TRANSPORT_CLOSED retryable=true
[1787260386619] MA: session ended kind=TRANSPORT_CLOSED retryable=true
[1787260388140] MA: session ended kind=TRANSPORT_CLOSED retryable=true
[1787260389662] MA: session ended kind=TRANSPORT_CLOSED retryable=true
[1787260391198] MA: session ended kind=TRANSPORT_CLOSED retryable=true
[1787260392724] MA: session ended kind=TRANSPORT_CLOSED retryable=true
[1787260394261] MA: session ended kind=TRANSPORT_CLOSED retryable=true
[1787260395785] MA: session ended kind=TRANSPORT_CLOSED retryable=true
[1787260397300] MA: session ended kind=TRANSPORT_CLOSED retryable=true
[1787260398843] MA: session ended kind=TRANSPORT_CLOSED retryable=true
[1787260400369] MA: session ended kind=TRANSPORT_CLOSED retryable=true
[1787260401903] MA: session ended kind=TRANSPORT_CLOSED retryable=true
[1787260403420] MA: session ended kind=TRANSPORT_CLOSED retryable=true
[1787260404944] MA: session ended kind=TRANSPORT_CLOSED retryable=true
[1787260406484] MA: session ended kind=TRANSPORT_CLOSED retryable=true
[1787260408013] MA: session ended kind=TRANSPORT_CLOSED retryable=true
[1787260409535] MA: session ended kind=TRANSPORT_CLOSED retryable=true
[1787260411058] MA: session ended kind=TRANSPORT_CLOSED retryable=true
[1787260412588] MA: session ended kind=TRANSPORT_CLOSED retryable=true
[1787260414124] MA: session ended kind=TRANSPORT_CLOSED retryable=true
[1787260415655] MA: session ended kind=TRANSPORT_CLOSED retryable=true
[1787260417187] MA: session ended kind=TRANSPORT_CLOSED retryable=true
[1787260418707] MA: session ended kind=TRANSPORT_CLOSED retryable=true
[1787260420235] MA: session ended kind=TRANSPORT_CLOSED retryable=true
[1787260421765] MA: session ended kind=TRANSPORT_CLOSED retryable=true
[1787260423297] MA: session ended kind=TRANSPORT_CLOSED retryable=true
[1787260424837] MA: session ended kind=TRANSPORT_CLOSED retryable=true
[1787260426361] MA: session ended kind=TRANSPORT_CLOSED retryable=true
[1787260427889] MA: session ended kind=TRANSPORT_CLOSED retryable=true
[1787260429425] MA: session ended kind=TRANSPORT_CLOSED retryable=true
[1787260430957] MA: session ended kind=TRANSPORT_CLOSED retryable=true
[1787260432482] MA: session ended kind=TRANSPORT_CLOSED retryable=true
[1787260434017] MA: session ended kind=TRANSPORT_CLOSED retryable=true
[1787260435541] MA: session ended kind=TRANSPORT_CLOSED retryable=true
[1787260437055] MA: session ended kind=TRANSPORT_CLOSED retryable=true
[1787260438570] MA: session ended kind=TRANSPORT_CLOSED retryable=true
[1787260440091] MA: session ended kind=TRANSPORT_CLOSED retryable=true
[1787260441630] MA: session ended kind=TRANSPORT_CLOSED retryable=true
[1787260443156] MA: session ended kind=TRANSPORT_CLOSED retryable=true
[1787260444686] MA: session ended kind=TRANSPORT_CLOSED retryable=true
[1787260446225] MA: session ended kind=TRANSPORT_CLOSED retryable=true
[1787260447753] MA: session ended kind=TRANSPORT_CLOSED retryable=true
[1787260449285] MA: session ended kind=TRANSPORT_CLOSED retryable=true
[1787260450806] MA: session ended kind=TRANSPORT_CLOSED retryable=true
[1787260452329] MA: session ended kind=TRANSPORT_CLOSED retryable=true
[1787260453861] MA: session ended kind=TRANSPORT_CLOSED retryable=true
[1787260455398] MA: session ended kind=TRANSPORT_CLOSED retryable=true
[1787260456930] MA: session ended kind=TRANSPORT_CLOSED retryable=true
[1787260458448] MA: session ended kind=TRANSPORT_CLOSED retryable=true
[1787260459977] MA: session ended kind=TRANSPORT_CLOSED retryable=true
[1787260461508] MA: session ended kind=TRANSPORT_CLOSED retryable=true
[1787260463034] MA: session ended kind=TRANSPORT_CLOSED retryable=true
[1787260464558] MA: session ended kind=TRANSPORT_CLOSED retryable=true
[1787260466083] MA: session ended kind=TRANSPORT_CLOSED retryable=true
[1787260467604] MA: session ended kind=TRANSPORT_CLOSED retryable=true
[1787260469122] MA: session ended kind=TRANSPORT_CLOSED retryable=true
[1787260470649] MA: session ended kind=TRANSPORT_CLOSED retryable=true
[1787260472181] MA: session ended kind=TRANSPORT_CLOSED retryable=true
[1787260473712] MA: session ended kind=TRANSPORT_CLOSED retryable=true
[1787260475242] MA: session ended kind=TRANSPORT_CLOSED retryable=true
[1787260476772] MA: session ended kind=TRANSPORT_CLOSED retryable=true
[1787260478302] MA: session ended kind=TRANSPORT_CLOSED retryable=true
[1787260479838] MA: session ended kind=TRANSPORT_CLOSED retryable=true
[1787260481368] MA: session ended kind=TRANSPORT_CLOSED retryable=true
[1787260482905] MA: session ended kind=TRANSPORT_CLOSED retryable=true
[1787260484436] MA: session ended kind=TRANSPORT_CLOSED retryable=true
[1787260485961] MA: session ended kind=TRANSPORT_CLOSED retryable=true
[1787260487493] MA: session ended kind=TRANSPORT_CLOSED retryable=true
[1787260489026] MA: session ended kind=TRANSPORT_CLOSED retryable=true
[1787260490558] MA: session ended kind=TRANSPORT_CLOSED retryable=true
[1787260492098] MA: session ended kind=TRANSPORT_CLOSED retryable=true
[1787260493615] MA: session ended kind=TRANSPORT_CLOSED retryable=true
[1787260495127] MA: session ended kind=TRANSPORT_CLOSED retryable=true
[1787260496650] MA: session ended kind=TRANSPORT_CLOSED retryable=true
[1787260498180] MA: session ended kind=TRANSPORT_CLOSED retryable=true
[1787260499719] MA: session ended kind=TRANSPORT_CLOSED retryable=true
[1787260501250] MA: session ended kind=TRANSPORT_CLOSED retryable=true
[1787260502784] MA: session ended kind=TRANSPORT_CLOSED retryable=true
[1787260504308] MA: session ended kind=TRANSPORT_CLOSED retryable=true
[1787260505842] MA: session ended kind=TRANSPORT_CLOSED retryable=true
[1787260507376] MA: session ended kind=TRANSPORT_CLOSED retryable=true
[1787260508905] MA: session ended kind=TRANSPORT_CLOSED retryable=true
[1787260510438] MA: session ended kind=TRANSPORT_CLOSED retryable=true
[1787260511966] MA: session ended kind=TRANSPORT_CLOSED retryable=true
[1787260512942] MA: surfaceDestroyed
[1787260512982] MA: lifecycle background connected=false; retries paused
[1787260515150] MA: lifecycle foreground connected=false
[1787260515161] MA: surfaceCreated
[1787260515161] MA: surfaceChanged: 2800x1264
[1787260515303] MA: session ended kind=TRANSPORT_CLOSED retryable=true
[1787260516816] MA: session ended kind=TRANSPORT_CLOSED retryable=true
[1787260518353] MA: session ended kind=TRANSPORT_CLOSED retryable=true
[1787260519884] MA: session ended kind=TRANSPORT_CLOSED retryable=true
[1787260521407] MA: session ended kind=TRANSPORT_CLOSED retryable=true
[1787260522925] MA: session ended kind=TRANSPORT_CLOSED retryable=true
[1787260524457] MA: session ended kind=TRANSPORT_CLOSED retryable=true
[1787260525986] MA: session ended kind=TRANSPORT_CLOSED retryable=true
[1787260527501] MA: session ended kind=TRANSPORT_CLOSED retryable=true
[1787260529016] MA: session ended kind=TRANSPORT_CLOSED retryable=true
[1787260530580] MA: session ended kind=TRANSPORT_CLOSED retryable=true
[1787260532105] MA: session ended kind=TRANSPORT_CLOSED retryable=true
[1787260533627] MA: session ended kind=TRANSPORT_CLOSED retryable=true
[1787260535154] MA: session ended kind=TRANSPORT_CLOSED retryable=true
[1787260536677] MA: session ended kind=TRANSPORT_CLOSED retryable=true
[1787260538225] MA: session ended kind=TRANSPORT_CLOSED retryable=true
[1787260539760] MA: session ended kind=TRANSPORT_CLOSED retryable=true
[1787260541287] MA: session ended kind=TRANSPORT_CLOSED retryable=true
[1787260542817] MA: session ended kind=TRANSPORT_CLOSED retryable=true
[1787260544347] MA: session ended kind=TRANSPORT_CLOSED retryable=true
[1787260545873] MA: session ended kind=TRANSPORT_CLOSED retryable=true
[1787260547405] MA: session ended kind=TRANSPORT_CLOSED retryable=true
[1787260548920] MA: session ended kind=TRANSPORT_CLOSED retryable=true
[1787260550437] MA: session ended kind=TRANSPORT_CLOSED retryable=true
[1787260551953] MA: session ended kind=TRANSPORT_CLOSED retryable=true
[1787260553466] MA: session ended kind=TRANSPORT_CLOSED retryable=true
[1787260554991] MA: session ended kind=TRANSPORT_CLOSED retryable=true
[1787260556526] MA: session ended kind=TRANSPORT_CLOSED retryable=true
[1787260558045] MA: session ended kind=TRANSPORT_CLOSED retryable=true
[1787260559570] MA: session ended kind=TRANSPORT_CLOSED retryable=true
[1787260561105] MA: session ended kind=TRANSPORT_CLOSED retryable=true
[1787260562638] MA: session ended kind=TRANSPORT_CLOSED retryable=true
[1787260564166] MA: session ended kind=TRANSPORT_CLOSED retryable=true
[1787260565697] MA: session ended kind=TRANSPORT_CLOSED retryable=true
[1787260567225] MA: session ended kind=TRANSPORT_CLOSED retryable=true
[1787260568760] MA: session ended kind=TRANSPORT_CLOSED retryable=true
[1787260570291] MA: session ended kind=TRANSPORT_CLOSED retryable=true
[1787260571817] MA: session ended kind=TRANSPORT_CLOSED retryable=true
[1787260573340] MA: session ended kind=TRANSPORT_CLOSED retryable=true
[1787260574863] MA: session ended kind=TRANSPORT_CLOSED retryable=true
[1787260576396] MA: session ended kind=TRANSPORT_CLOSED retryable=true
[1787260577928] MA: session ended kind=TRANSPORT_CLOSED retryable=true
[1787260579463] MA: session ended kind=TRANSPORT_CLOSED retryable=true
[1787260580992] MA: session ended kind=TRANSPORT_CLOSED retryable=true
[1787260582520] MA: session ended kind=TRANSPORT_CLOSED retryable=true
[1787260584034] MA: session ended kind=TRANSPORT_CLOSED retryable=true
[1787260585555] MA: session ended kind=TRANSPORT_CLOSED retryable=true
[1787260587082] MA: session ended kind=TRANSPORT_CLOSED retryable=true
[1787260588615] MA: session ended kind=TRANSPORT_CLOSED retryable=true
[1787260590152] MA: session ended kind=TRANSPORT_CLOSED retryable=true
[1787260591682] MA: session ended kind=TRANSPORT_CLOSED retryable=true
[1787260593215] MA: session ended kind=TRANSPORT_CLOSED retryable=true
[1787260594743] MA: session ended kind=TRANSPORT_CLOSED retryable=true
[1787260596270] MA: session ended kind=TRANSPORT_CLOSED retryable=true
[1787260597788] MA: session ended kind=TRANSPORT_CLOSED retryable=true
[1787260599327] MA: session ended kind=TRANSPORT_CLOSED retryable=true
[1787260600860] MA: session ended kind=TRANSPORT_CLOSED retryable=true
[1787260602383] MA: session ended kind=TRANSPORT_CLOSED retryable=true
[1787260603921] MA: session ended kind=TRANSPORT_CLOSED retryable=true
[1787260605472] MA: session ended kind=TRANSPORT_CLOSED retryable=true
[1787260606998] MA: session ended kind=TRANSPORT_CLOSED retryable=true
[1787260608526] MA: session ended kind=TRANSPORT_CLOSED retryable=true
[1787260610056] MA: session ended kind=TRANSPORT_CLOSED retryable=true
[1787260611592] MA: session ended kind=TRANSPORT_CLOSED retryable=true
[1787260613130] MA: session ended kind=TRANSPORT_CLOSED retryable=true
[1787260614660] MA: session ended kind=TRANSPORT_CLOSED retryable=true
[1787260616184] MA: session ended kind=TRANSPORT_CLOSED retryable=true
[1787260617713] MA: session ended kind=TRANSPORT_CLOSED retryable=true
[1787260619254] MA: session ended kind=TRANSPORT_CLOSED retryable=true
[1787260620782] MA: session ended kind=TRANSPORT_CLOSED retryable=true
[1787260622314] MA: session ended kind=TRANSPORT_CLOSED retryable=true
[1787260623846] MA: session ended kind=TRANSPORT_CLOSED retryable=true
[1787260625370] MA: session ended kind=TRANSPORT_CLOSED retryable=true
[1787260626899] MA: session ended kind=TRANSPORT_CLOSED retryable=true
[1787260628425] MA: session ended kind=TRANSPORT_CLOSED retryable=true
[1787260629956] MA: session ended kind=TRANSPORT_CLOSED retryable=true
[1787260631489] MA: session ended kind=TRANSPORT_CLOSED retryable=true
[1787260633022] MA: session ended kind=TRANSPORT_CLOSED retryable=true
[1787260634541] MA: session ended kind=TRANSPORT_CLOSED retryable=true
[1787260636067] MA: session ended kind=TRANSPORT_CLOSED retryable=true
[1787260637595] MA: session ended kind=TRANSPORT_CLOSED retryable=true
[1787260639126] MA: session ended kind=TRANSPORT_CLOSED retryable=true
[1787260640649] MA: session ended kind=TRANSPORT_CLOSED retryable=true
[1787260642167] MA: session ended kind=TRANSPORT_CLOSED retryable=true
[1787260643688] MA: session ended kind=TRANSPORT_CLOSED retryable=true
[1787260645223] MA: session ended kind=TRANSPORT_CLOSED retryable=true
[1787260646753] MA: session ended kind=TRANSPORT_CLOSED retryable=true
[1787260648274] MA: session ended kind=TRANSPORT_CLOSED retryable=true
[1787260649803] MA: session ended kind=TRANSPORT_CLOSED retryable=true
[1787260651332] MA: session ended kind=TRANSPORT_CLOSED retryable=true
[1787260652862] MA: session ended kind=TRANSPORT_CLOSED retryable=true
[1787260654407] MA: session ended kind=TRANSPORT_CLOSED retryable=true
[1787260655940] MA: session ended kind=TRANSPORT_CLOSED retryable=true
[1787260657469] MA: session ended kind=TRANSPORT_CLOSED retryable=true
[1787260658993] MA: session ended kind=TRANSPORT_CLOSED retryable=true
[1787260660519] MA: session ended kind=TRANSPORT_CLOSED retryable=true
[1787260662042] MA: session ended kind=TRANSPORT_CLOSED retryable=true
[1787260663567] MA: session ended kind=TRANSPORT_CLOSED retryable=true
[1787260665095] MA: session ended kind=TRANSPORT_CLOSED retryable=true
[1787260666627] MA: session ended kind=TRANSPORT_CLOSED retryable=true
[1787260668153] MA: session ended kind=TRANSPORT_CLOSED retryable=true
[1787260669668] MA: session ended kind=TRANSPORT_CLOSED retryable=true
[1787260671188] MA: session ended kind=TRANSPORT_CLOSED retryable=true
[1787260672722] MA: session ended kind=TRANSPORT_CLOSED retryable=true
[1787260674250] MA: session ended kind=TRANSPORT_CLOSED retryable=true
[1787260675775] MA: session ended kind=TRANSPORT_CLOSED retryable=true
[1787260677290] MA: session ended kind=TRANSPORT_CLOSED retryable=true
[1787260678805] MA: session ended kind=TRANSPORT_CLOSED retryable=true
[1787260680331] MA: session ended kind=TRANSPORT_CLOSED retryable=true
[1787260681864] MA: session ended kind=TRANSPORT_CLOSED retryable=true
[1787260683392] MA: session ended kind=TRANSPORT_CLOSED retryable=true
[1787260684930] MA: session ended kind=TRANSPORT_CLOSED retryable=true
[1787260686463] MA: session ended kind=TRANSPORT_CLOSED retryable=true
[1787260687981] MA: session ended kind=TRANSPORT_CLOSED retryable=true
[1787260689525] MA: session ended kind=TRANSPORT_CLOSED retryable=true
[1787260691049] MA: session ended kind=TRANSPORT_CLOSED retryable=true
[1787260692578] MA: session ended kind=TRANSPORT_CLOSED retryable=true
[1787260694102] MA: session ended kind=TRANSPORT_CLOSED retryable=true
[1787260695630] MA: session ended kind=TRANSPORT_CLOSED retryable=true
[1787260697162] MA: session ended kind=TRANSPORT_CLOSED retryable=true
[1787260698698] MA: session ended kind=TRANSPORT_CLOSED retryable=true
[1787260700225] MA: session ended kind=TRANSPORT_CLOSED retryable=true
[1787260701752] MA: session ended kind=TRANSPORT_CLOSED retryable=true
[1787260703289] MA: session ended kind=TRANSPORT_CLOSED retryable=true
[1787260704809] MA: session ended kind=TRANSPORT_CLOSED retryable=true
[1787260708289] MA: device health battery=100 charging=true saver=false thermal=elevated
[1787260708290] MA: lifecycle foreground connected=false
[1787260708350] MA: surfaceCreated
[1787260708350] MA: surfaceChanged: 2800x1264
[1787260708456] MA: session ended kind=TRANSPORT_CLOSED retryable=true
[1787260709970] MA: session ended kind=TRANSPORT_CLOSED retryable=true
[1787260711483] MA: session ended kind=TRANSPORT_CLOSED retryable=true
[1787260712503] MA: surfaceDestroyed
[1787260712547] MA: lifecycle background connected=false; retries paused
[1787260714232] MA: lifecycle foreground connected=false
[1787260714244] MA: surfaceCreated
[1787260714244] MA: surfaceChanged: 2800x1264
[1787260714387] MA: session ended kind=TRANSPORT_CLOSED retryable=true
[1787260715902] MA: session ended kind=TRANSPORT_CLOSED retryable=true
[1787260717423] MA: session ended kind=TRANSPORT_CLOSED retryable=true
[1787260718942] MA: session ended kind=TRANSPORT_CLOSED retryable=true
[1787260720455] MA: session ended kind=TRANSPORT_CLOSED retryable=true
[1787260721975] MA: session ended kind=TRANSPORT_CLOSED retryable=true
[1787260723510] MA: session ended kind=TRANSPORT_CLOSED retryable=true
[1787260725037] MA: session ended kind=TRANSPORT_CLOSED retryable=true
[1787260726577] MA: session ended kind=TRANSPORT_CLOSED retryable=true
[1787260728110] MA: session ended kind=TRANSPORT_CLOSED retryable=true
[1787260729634] MA: session ended kind=TRANSPORT_CLOSED retryable=true
[1787260731165] MA: session ended kind=TRANSPORT_CLOSED retryable=true
[1787260732704] MA: session ended kind=TRANSPORT_CLOSED retryable=true
[1787260734228] MA: session ended kind=TRANSPORT_CLOSED retryable=true
[1787260735769] MA: session ended kind=TRANSPORT_CLOSED retryable=true
[1787260737296] MA: session ended kind=TRANSPORT_CLOSED retryable=true
[1787260738822] MA: session ended kind=TRANSPORT_CLOSED retryable=true
[1787260740360] MA: session ended kind=TRANSPORT_CLOSED retryable=true
[1787260741889] MA: session ended kind=TRANSPORT_CLOSED retryable=true
[1787260743427] MA: session ended kind=TRANSPORT_CLOSED retryable=true
[1787260744965] MA: session ended kind=TRANSPORT_CLOSED retryable=true
[1787260746501] MA: session ended kind=TRANSPORT_CLOSED retryable=true
[1787260748038] MA: session ended kind=TRANSPORT_CLOSED retryable=true
[1787260749567] MA: session ended kind=TRANSPORT_CLOSED retryable=true
[1787260751094] MA: session ended kind=TRANSPORT_CLOSED retryable=true
[1787260752618] MA: session ended kind=TRANSPORT_CLOSED retryable=true
[1787260754177] MA: session ended kind=TRANSPORT_CLOSED retryable=true
[1787260755708] MA: session ended kind=TRANSPORT_CLOSED retryable=true
[1787260757236] MA: session ended kind=TRANSPORT_CLOSED retryable=true
[1787260758758] MA: session ended kind=TRANSPORT_CLOSED retryable=true
[1787260760278] MA: session ended kind=TRANSPORT_CLOSED retryable=true
[1787260761813] MA: session ended kind=TRANSPORT_CLOSED retryable=true
[1787260763344] MA: session ended kind=TRANSPORT_CLOSED retryable=true
[1787260764876] MA: session ended kind=TRANSPORT_CLOSED retryable=true
[1787260766410] MA: session ended kind=TRANSPORT_CLOSED retryable=true
[1787260767933] MA: session ended kind=TRANSPORT_CLOSED retryable=true
[1787260769489] MA: session ended kind=TRANSPORT_CLOSED retryable=true
[1787260771018] MA: session ended kind=TRANSPORT_CLOSED retryable=true
[1787260772554] MA: session ended kind=TRANSPORT_CLOSED retryable=true
[1787260774082] MA: session ended kind=TRANSPORT_CLOSED retryable=true
[1787260775608] MA: session ended kind=TRANSPORT_CLOSED retryable=true
[1787260777144] MA: session ended kind=TRANSPORT_CLOSED retryable=true
[1787260778676] MA: session ended kind=TRANSPORT_CLOSED retryable=true
[1787260780211] MA: session ended kind=TRANSPORT_CLOSED retryable=true
[1787260781749] MA: session ended kind=TRANSPORT_CLOSED retryable=true
[1787260783272] MA: session ended kind=TRANSPORT_CLOSED retryable=true
[1787260784796] MA: session ended kind=TRANSPORT_CLOSED retryable=true
[1787260786325] MA: session ended kind=TRANSPORT_CLOSED retryable=true
[1787260787880] MA: session ended kind=TRANSPORT_CLOSED retryable=true
[1787260789419] MA: session ended kind=TRANSPORT_CLOSED retryable=true
[1787260790952] MA: session ended kind=TRANSPORT_CLOSED retryable=true
[1787260792482] MA: session ended kind=TRANSPORT_CLOSED retryable=true
[1787260794007] MA: session ended kind=TRANSPORT_CLOSED retryable=true
[1787260795527] MA: session ended kind=TRANSPORT_CLOSED retryable=true
[1787260797047] MA: session ended kind=TRANSPORT_CLOSED retryable=true
[1787260798582] MA: session ended kind=TRANSPORT_CLOSED retryable=true
[1787260800115] MA: session ended kind=TRANSPORT_CLOSED retryable=true
[1787260801637] MA: session ended kind=TRANSPORT_CLOSED retryable=true
[1787260803156] MA: session ended kind=TRANSPORT_CLOSED retryable=true
[1787260804697] MA: session ended kind=TRANSPORT_CLOSED retryable=true
[1787260806226] MA: session ended kind=TRANSPORT_CLOSED retryable=true
[1787260807760] MA: session ended kind=TRANSPORT_CLOSED retryable=true
[1787260809287] MA: session ended kind=TRANSPORT_CLOSED retryable=true
[1787260810819] MA: session ended kind=TRANSPORT_CLOSED retryable=true
[1787260812353] MA: session ended kind=TRANSPORT_CLOSED retryable=true
[1787260813885] MA: session ended kind=TRANSPORT_CLOSED retryable=true
[1787260815417] MA: session ended kind=TRANSPORT_CLOSED retryable=true
[1787260816947] MA: session ended kind=TRANSPORT_CLOSED retryable=true
[1787260818474] MA: session ended kind=TRANSPORT_CLOSED retryable=true
[1787260820012] MA: session ended kind=TRANSPORT_CLOSED retryable=true
[1787260821549] MA: session ended kind=TRANSPORT_CLOSED retryable=true
[1787260823066] MA: session ended kind=TRANSPORT_CLOSED retryable=true
[1787260824591] MA: session ended kind=TRANSPORT_CLOSED retryable=true
[1787260826114] MA: session ended kind=TRANSPORT_CLOSED retryable=true
[1787260827652] MA: session ended kind=TRANSPORT_CLOSED retryable=true
[1787260829177] MA: session ended kind=TRANSPORT_CLOSED retryable=true
[1787260830703] MA: session ended kind=TRANSPORT_CLOSED retryable=true
[1787260832219] MA: session ended kind=TRANSPORT_CLOSED retryable=true
[1787260833739] MA: session ended kind=TRANSPORT_CLOSED retryable=true
[1787260835267] MA: session ended kind=TRANSPORT_CLOSED retryable=true
[1787260836797] MA: session ended kind=TRANSPORT_CLOSED retryable=true
[1787260838327] MA: session ended kind=TRANSPORT_CLOSED retryable=true
[1787260839860] MA: session ended kind=TRANSPORT_CLOSED retryable=true
[1787260841397] MA: session ended kind=TRANSPORT_CLOSED retryable=true
[1787260842925] MA: session ended kind=TRANSPORT_CLOSED retryable=true
[1787260844458] MA: session ended kind=TRANSPORT_CLOSED retryable=true
[1787260845988] MA: session ended kind=TRANSPORT_CLOSED retryable=true
[1787260847512] MA: session ended kind=TRANSPORT_CLOSED retryable=true
[1787260849026] MA: session ended kind=TRANSPORT_CLOSED retryable=true
[1787260850548] MA: session ended kind=TRANSPORT_CLOSED retryable=true
[1787260852079] MA: session ended kind=TRANSPORT_CLOSED retryable=true
[1787260853612] MA: session ended kind=TRANSPORT_CLOSED retryable=true
[1787260855132] MA: session ended kind=TRANSPORT_CLOSED retryable=true
[1787260856656] MA: session ended kind=TRANSPORT_CLOSED retryable=true
[1787260858192] MA: session ended kind=TRANSPORT_CLOSED retryable=true
[1787260859716] MA: session ended kind=TRANSPORT_CLOSED retryable=true
[1787260861248] MA: session ended kind=TRANSPORT_CLOSED retryable=true
[1787260862775] MA: session ended kind=TRANSPORT_CLOSED retryable=true
[1787260864305] MA: session ended kind=TRANSPORT_CLOSED retryable=true
[1787260865827] MA: session ended kind=TRANSPORT_CLOSED retryable=true
[1787260867361] MA: session ended kind=TRANSPORT_CLOSED retryable=true
[1787260868898] MA: session ended kind=TRANSPORT_CLOSED retryable=true
[1787260870428] MA: session ended kind=TRANSPORT_CLOSED retryable=true
[1787260871954] MA: session ended kind=TRANSPORT_CLOSED retryable=true
[1787260873485] MA: session ended kind=TRANSPORT_CLOSED retryable=true
[1787260875035] MA: session ended kind=TRANSPORT_CLOSED retryable=true
[1787260876586] MA: session ended kind=TRANSPORT_CLOSED retryable=true
[1787260878115] MA: session ended kind=TRANSPORT_CLOSED retryable=true
[1787260879647] MA: session ended kind=TRANSPORT_CLOSED retryable=true
[1787260881179] MA: session ended kind=TRANSPORT_CLOSED retryable=true
[1787260882712] MA: session ended kind=TRANSPORT_CLOSED retryable=true
[1787260884232] MA: session ended kind=TRANSPORT_CLOSED retryable=true
[1787260885752] MA: session ended kind=TRANSPORT_CLOSED retryable=true
[1787260887285] MA: session ended kind=TRANSPORT_CLOSED retryable=true
[1787260888817] MA: session ended kind=TRANSPORT_CLOSED retryable=true
[1787260890345] MA: session ended kind=TRANSPORT_CLOSED retryable=true
[1787260891870] MA: session ended kind=TRANSPORT_CLOSED retryable=true
[1787260893390] MA: session ended kind=TRANSPORT_CLOSED retryable=true
[1787260894929] MA: session ended kind=TRANSPORT_CLOSED retryable=true
[1787260896456] MA: session ended kind=TRANSPORT_CLOSED retryable=true
[1787260897987] MA: session ended kind=TRANSPORT_CLOSED retryable=true
[1787260899523] MA: session ended kind=TRANSPORT_CLOSED retryable=true
[1787260901056] MA: session ended kind=TRANSPORT_CLOSED retryable=true
[1787260902586] MA: session ended kind=TRANSPORT_CLOSED retryable=true
[1787260904116] MA: session ended kind=TRANSPORT_CLOSED retryable=true
[1787260905638] MA: session ended kind=TRANSPORT_CLOSED retryable=true
[1787260907164] MA: session ended kind=TRANSPORT_CLOSED retryable=true
[1787260908693] MA: session ended kind=TRANSPORT_CLOSED retryable=true
[1787260910223] MA: session ended kind=TRANSPORT_CLOSED retryable=true
[1787260911743] MA: session ended kind=TRANSPORT_CLOSED retryable=true
[1787260913261] MA: session ended kind=TRANSPORT_CLOSED retryable=true
[1787260914776] MA: session ended kind=TRANSPORT_CLOSED retryable=true
[1787260916296] MA: session ended kind=TRANSPORT_CLOSED retryable=true
[1787260917837] MA: session ended kind=TRANSPORT_CLOSED retryable=true
[1787260919359] MA: session ended kind=TRANSPORT_CLOSED retryable=true
[1787260920892] MA: session ended kind=TRANSPORT_CLOSED retryable=true
[1787260922424] MA: session ended kind=TRANSPORT_CLOSED retryable=true
[1787260923957] MA: session ended kind=TRANSPORT_CLOSED retryable=true
[1787260925493] MA: session ended kind=TRANSPORT_CLOSED retryable=true
[1787260927024] MA: session ended kind=TRANSPORT_CLOSED retryable=true
[1787260928546] MA: session ended kind=TRANSPORT_CLOSED retryable=true
[1787260930086] MA: session ended kind=TRANSPORT_CLOSED retryable=true
[1787260931619] MA: session ended kind=TRANSPORT_CLOSED retryable=true
[1787260933147] MA: session ended kind=TRANSPORT_CLOSED retryable=true
[1787260934676] MA: session ended kind=TRANSPORT_CLOSED retryable=true
[1787260936207] MA: session ended kind=TRANSPORT_CLOSED retryable=true
[1787260937735] MA: session ended kind=TRANSPORT_CLOSED retryable=true
[1787260939270] MA: session ended kind=TRANSPORT_CLOSED retryable=true
[1787260940807] MA: session ended kind=TRANSPORT_CLOSED retryable=true
[1787260942334] MA: session ended kind=TRANSPORT_CLOSED retryable=true
[1787260943869] MA: session ended kind=TRANSPORT_CLOSED retryable=true
[1787260945398] MA: session ended kind=TRANSPORT_CLOSED retryable=true
[1787260946930] MA: session ended kind=TRANSPORT_CLOSED retryable=true
[1787260948459] MA: session ended kind=TRANSPORT_CLOSED retryable=true
[1787260949997] MA: session ended kind=TRANSPORT_CLOSED retryable=true
[1787260951522] MA: session ended kind=TRANSPORT_CLOSED retryable=true
[1787260953048] MA: session ended kind=TRANSPORT_CLOSED retryable=true
[1787260954579] MA: session ended kind=TRANSPORT_CLOSED retryable=true
[1787260956125] MA: session ended kind=TRANSPORT_CLOSED retryable=true
[1787260957651] MA: session ended kind=TRANSPORT_CLOSED retryable=true
[1787260959177] MA: session ended kind=TRANSPORT_CLOSED retryable=true
[1787260960712] MA: session ended kind=TRANSPORT_CLOSED retryable=true
[1787260962247] MA: session ended kind=TRANSPORT_CLOSED retryable=true
[1787260963773] MA: session ended kind=TRANSPORT_CLOSED retryable=true
[1787260965296] MA: session ended kind=TRANSPORT_CLOSED retryable=true
[1787260966818] MA: session ended kind=TRANSPORT_CLOSED retryable=true
[1787260968358] MA: session ended kind=TRANSPORT_CLOSED retryable=true
[1787260969880] MA: session ended kind=TRANSPORT_CLOSED retryable=true
[1787260971415] MA: session ended kind=TRANSPORT_CLOSED retryable=true
[1787260972949] MA: session ended kind=TRANSPORT_CLOSED retryable=true
[1787260974481] MA: session ended kind=TRANSPORT_CLOSED retryable=true
[1787260976002] MA: session ended kind=TRANSPORT_CLOSED retryable=true
[1787260977526] MA: session ended kind=TRANSPORT_CLOSED retryable=true
[1787260979065] MA: session ended kind=TRANSPORT_CLOSED retryable=true
[1787260980596] MA: session ended kind=TRANSPORT_CLOSED retryable=true
[1787260982128] MA: session ended kind=TRANSPORT_CLOSED retryable=true
[1787260983662] MA: session ended kind=TRANSPORT_CLOSED retryable=true
[1787260985202] MA: session ended kind=TRANSPORT_CLOSED retryable=true
[1787260986722] MA: session ended kind=TRANSPORT_CLOSED retryable=true
[1787260988239] MA: session ended kind=TRANSPORT_CLOSED retryable=true
[1787260989780] MA: session ended kind=TRANSPORT_CLOSED retryable=true
[1787260991308] MA: session ended kind=TRANSPORT_CLOSED retryable=true
[1787260992832] MA: session ended kind=TRANSPORT_CLOSED retryable=true
[1787260994366] MA: session ended kind=TRANSPORT_CLOSED retryable=true
[1787260995900] MA: session ended kind=TRANSPORT_CLOSED retryable=true
[1787260997430] MA: session ended kind=TRANSPORT_CLOSED retryable=true
[1787260998956] MA: session ended kind=TRANSPORT_CLOSED retryable=true
[1787261003787] MA: device health battery=100 charging=true saver=false thermal=elevated
[1787261003788] MA: lifecycle foreground connected=false
[1787261003849] MA: surfaceCreated
[1787261003850] MA: surfaceChanged: 2800x1264
[1787261003953] MA: session ended kind=TRANSPORT_CLOSED retryable=true
[1787261005465] MA: session ended kind=TRANSPORT_CLOSED retryable=true
[1787261006445] MA: surfaceDestroyed
[1787261006492] MA: lifecycle background connected=false; retries paused
[1787261008269] MA: lifecycle foreground connected=false
[1787261008283] MA: surfaceCreated
[1787261008283] MA: surfaceChanged: 2800x1264
[1787261008422] MA: session ended kind=TRANSPORT_CLOSED retryable=true
[1787261009941] MA: session ended kind=TRANSPORT_CLOSED retryable=true
[1787261011463] MA: session ended kind=TRANSPORT_CLOSED retryable=true
[1787261012989] MA: session ended kind=TRANSPORT_CLOSED retryable=true
[1787261014515] MA: session ended kind=TRANSPORT_CLOSED retryable=true
[1787261016030] MA: session ended kind=TRANSPORT_CLOSED retryable=true
[1787261017549] MA: session ended kind=TRANSPORT_CLOSED retryable=true
[1787261019082] MA: session ended kind=TRANSPORT_CLOSED retryable=true
[1787261020613] MA: session ended kind=TRANSPORT_CLOSED retryable=true
[1787261022147] MA: session ended kind=TRANSPORT_CLOSED retryable=true
[1787261023680] MA: session ended kind=TRANSPORT_CLOSED retryable=true
[1787261025214] MA: session ended kind=TRANSPORT_CLOSED retryable=true
[1787261026742] MA: session ended kind=TRANSPORT_CLOSED retryable=true
[1787261028283] MA: session ended kind=TRANSPORT_CLOSED retryable=true
[1787261029801] MA: session ended kind=TRANSPORT_CLOSED retryable=true
[1787261031329] MA: session ended kind=TRANSPORT_CLOSED retryable=true
[1787261032868] MA: session ended kind=TRANSPORT_CLOSED retryable=true
[1787261034390] MA: session ended kind=TRANSPORT_CLOSED retryable=true
[1787261035914] MA: session ended kind=TRANSPORT_CLOSED retryable=true
[1787261037435] MA: session ended kind=TRANSPORT_CLOSED retryable=true
[1787261038955] MA: session ended kind=TRANSPORT_CLOSED retryable=true
[1787261040481] MA: session ended kind=TRANSPORT_CLOSED retryable=true
[1787261042004] MA: session ended kind=TRANSPORT_CLOSED retryable=true
[1787261043544] MA: session ended kind=TRANSPORT_CLOSED retryable=true
[1787261045070] MA: session ended kind=TRANSPORT_CLOSED retryable=true
[1787261046599] MA: session ended kind=TRANSPORT_CLOSED retryable=true
[1787261048133] MA: session ended kind=TRANSPORT_CLOSED retryable=true
[1787261049662] MA: session ended kind=TRANSPORT_CLOSED retryable=true
[1787261051194] MA: session ended kind=TRANSPORT_CLOSED retryable=true
[1787261052721] MA: session ended kind=TRANSPORT_CLOSED retryable=true
[1787261054252] MA: session ended kind=TRANSPORT_CLOSED retryable=true
[1787261055797] MA: session ended kind=TRANSPORT_CLOSED retryable=true
[1787261057338] MA: session ended kind=TRANSPORT_CLOSED retryable=true
[1787261058874] MA: session ended kind=TRANSPORT_CLOSED retryable=true
[1787261060394] MA: session ended kind=TRANSPORT_CLOSED retryable=true
[1787261061928] MA: session ended kind=TRANSPORT_CLOSED retryable=true
[1787261063464] MA: session ended kind=TRANSPORT_CLOSED retryable=true
[1787261064983] MA: session ended kind=TRANSPORT_CLOSED retryable=true
[1787261066523] MA: session ended kind=TRANSPORT_CLOSED retryable=true
[1787261068062] MA: session ended kind=TRANSPORT_CLOSED retryable=true
[1787261069579] MA: session ended kind=TRANSPORT_CLOSED retryable=true
[1787261071110] MA: session ended kind=TRANSPORT_CLOSED retryable=true
[1787261072632] MA: session ended kind=TRANSPORT_CLOSED retryable=true
[1787261074166] MA: session ended kind=TRANSPORT_CLOSED retryable=true
[1787261075688] MA: session ended kind=TRANSPORT_CLOSED retryable=true
[1787261077225] MA: session ended kind=TRANSPORT_CLOSED retryable=true
[1787261078760] MA: session ended kind=TRANSPORT_CLOSED retryable=true
[1787261080280] MA: session ended kind=TRANSPORT_CLOSED retryable=true
[1787261081808] MA: session ended kind=TRANSPORT_CLOSED retryable=true
[1787261083332] MA: session ended kind=TRANSPORT_CLOSED retryable=true
[1787261084871] MA: session ended kind=TRANSPORT_CLOSED retryable=true
[1787261086401] MA: session ended kind=TRANSPORT_CLOSED retryable=true
[1787261087923] MA: session ended kind=TRANSPORT_CLOSED retryable=true
[1787261089455] MA: session ended kind=TRANSPORT_CLOSED retryable=true
[1787261090986] MA: session ended kind=TRANSPORT_CLOSED retryable=true
[1787261092517] MA: session ended kind=TRANSPORT_CLOSED retryable=true
[1787261094052] MA: session ended kind=TRANSPORT_CLOSED retryable=true
[1787261095576] MA: session ended kind=TRANSPORT_CLOSED retryable=true
[1787261097116] MA: session ended kind=TRANSPORT_CLOSED retryable=true
[1787261098647] MA: session ended kind=TRANSPORT_CLOSED retryable=true
[1787261100175] MA: session ended kind=TRANSPORT_CLOSED retryable=true
[1787261101706] MA: session ended kind=TRANSPORT_CLOSED retryable=true
[1787261103245] MA: session ended kind=TRANSPORT_CLOSED retryable=true
[1787261104768] MA: session ended kind=TRANSPORT_CLOSED retryable=true
[1787261106303] MA: session ended kind=TRANSPORT_CLOSED retryable=true
[1787261107827] MA: session ended kind=TRANSPORT_CLOSED retryable=true
[1787261109358] MA: session ended kind=TRANSPORT_CLOSED retryable=true
[1787261110896] MA: session ended kind=TRANSPORT_CLOSED retryable=true
[1787261112427] MA: session ended kind=TRANSPORT_CLOSED retryable=true
[1787261113952] MA: session ended kind=TRANSPORT_CLOSED retryable=true
[1787261115494] MA: session ended kind=TRANSPORT_CLOSED retryable=true
[1787261117023] MA: session ended kind=TRANSPORT_CLOSED retryable=true
[1787261118556] MA: session ended kind=TRANSPORT_CLOSED retryable=true
[1787261120079] MA: session ended kind=TRANSPORT_CLOSED retryable=true
[1787261121610] MA: session ended kind=TRANSPORT_CLOSED retryable=true
[1787261123144] MA: session ended kind=TRANSPORT_CLOSED retryable=true
[1787261124679] MA: session ended kind=TRANSPORT_CLOSED retryable=true
[1787261126208] MA: session ended kind=TRANSPORT_CLOSED retryable=true
[1787261127731] MA: session ended kind=TRANSPORT_CLOSED retryable=true
[1787261129248] MA: session ended kind=TRANSPORT_CLOSED retryable=true
[1787261130792] MA: session ended kind=TRANSPORT_CLOSED retryable=true
[1787261132319] MA: session ended kind=TRANSPORT_CLOSED retryable=true
[1787261133847] MA: session ended kind=TRANSPORT_CLOSED retryable=true
[1787261135374] MA: session ended kind=TRANSPORT_CLOSED retryable=true
[1787261136899] MA: session ended kind=TRANSPORT_CLOSED retryable=true
[1787261138424] MA: session ended kind=TRANSPORT_CLOSED retryable=true
[1787261139953] MA: session ended kind=TRANSPORT_CLOSED retryable=true
[1787261141477] MA: session ended kind=TRANSPORT_CLOSED retryable=true
[1787261143002] MA: session ended kind=TRANSPORT_CLOSED retryable=true
[1787261144538] MA: session ended kind=TRANSPORT_CLOSED retryable=true
[1787261146068] MA: session ended kind=TRANSPORT_CLOSED retryable=true
[1787261147591] MA: session ended kind=TRANSPORT_CLOSED retryable=true
[1787261149124] MA: session ended kind=TRANSPORT_CLOSED retryable=true
[1787261150656] MA: session ended kind=TRANSPORT_CLOSED retryable=true
[1787261152190] MA: session ended kind=TRANSPORT_CLOSED retryable=true
[1787261153721] MA: session ended kind=TRANSPORT_CLOSED retryable=true
[1787261155261] MA: session ended kind=TRANSPORT_CLOSED retryable=true
[1787261156780] MA: session ended kind=TRANSPORT_CLOSED retryable=true
[1787261158314] MA: session ended kind=TRANSPORT_CLOSED retryable=true
[1787261159850] MA: session ended kind=TRANSPORT_CLOSED retryable=true
[1787261161378] MA: session ended kind=TRANSPORT_CLOSED retryable=true
[1787261162897] MA: session ended kind=TRANSPORT_CLOSED retryable=true
[1787261164412] MA: session ended kind=TRANSPORT_CLOSED retryable=true
[1787261165933] MA: session ended kind=TRANSPORT_CLOSED retryable=true
[1787261167458] MA: session ended kind=TRANSPORT_CLOSED retryable=true
[1787261168979] MA: session ended kind=TRANSPORT_CLOSED retryable=true
[1787261170513] MA: session ended kind=TRANSPORT_CLOSED retryable=true
[1787261172034] MA: session ended kind=TRANSPORT_CLOSED retryable=true
[1787261173561] MA: session ended kind=TRANSPORT_CLOSED retryable=true
[1787261175094] MA: session ended kind=TRANSPORT_CLOSED retryable=true
[1787261176628] MA: session ended kind=TRANSPORT_CLOSED retryable=true
[1787261178153] MA: session ended kind=TRANSPORT_CLOSED retryable=true
[1787261179683] MA: session ended kind=TRANSPORT_CLOSED retryable=true
[1787261181217] MA: session ended kind=TRANSPORT_CLOSED retryable=true
[1787261182739] MA: session ended kind=TRANSPORT_CLOSED retryable=true
[1787261184253] MA: session ended kind=TRANSPORT_CLOSED retryable=true
