[1787384902307] MA: device health battery=100 charging=true saver=false thermal=nominal
[1787384902309] MA: lifecycle foreground connected=false
[1787384902346] MA: surfaceCreated
[1787384902346] MA: surfaceChanged: 1264x2800
[1787384948329] MA: surfaceDestroyed
[1787384948331] MA: lifecycle background connected=true; retries paused
[1787385047529] MA: device health battery=100 charging=true saver=false thermal=elevated
[1787385047530] MA: lifecycle foreground connected=false
[1787385047579] MA: surfaceCreated
[1787385047580] MA: surfaceChanged: 1264x2800
[1787385047794] SC: Protocol v1 upgrade accepted
[1787385047795] SC: Connected to 127.0.0.1:54321
[1787385047804] MA: onHostActionsAvailable: move-window, return-windows
[1787385047810] MA: onDisplaysAvailable: count=3 selected=1 negotiated=[CAPABILITY_TOUCH, CAPABILITY_KEYBOARD, CAPABILITY_POINTER, CAPABILITY_STYLUS, CAPABILITY_MULTI_DISPLAY, CAPABILITY_HOST_ACTIONS, CAPABILITY_CLIENT_VIDEO_CONTROL, CAPABILITY_STYLUS_EXTENDED] displays=1:Built-in Retina Display:1512x982:primary=true, 2:DELL U2723QE:1920x1080:primary=false, telemachus-virtual-extended:Vibe Screen Virtual (扩展屏):2000x1200:primary=false
[1787385047810] MA: session binding promoted: displaySelection=true keyboard=true nativePointer=true controller=false hostActions=true clipboard=false
[1787385047817] MA: onVideoConfiguration: 1512x982 @ 0° epoch=1
[1787385047818] MA: Video config arrived, initializing decoder 1512x982
[1787385047818] MA: initializeDecoder called, surface=Surface(name=null mNativeObject=-5476376613998212512)/@0x9f8a74a, valid=true, encoded=1512x982
[1787385047821] VD: setupDecoder: 1512x982, decoder=c2.qti.hevc.decoder
[1787385047855] VD: Configured with full low-latency
[1787385047857] VD: Surface frame rate requested: 120.00001Hz fixed-source
[1787385047871] VD: Decoder started: 1512x982 @ 120.00001Hz, surface=Surface(name=null mNativeObject=-5476376613998212512)/@0x9f8a74a, valid=true
[1787385047872] MA: Decoder configuration committed 1512x982 epoch=1
[1787385047876] MA: onDisplayGeometry: 1512x982 @ 0°
[1787385047885] VD: First frame: size=32033, header=[00 00 00 01 40 01 0c 01 ff ff 01 60 00 00 03 00], keyframe=true, surface=Surface(name=null mNativeObject=-5476376613998212512)/@0x9f8a74a, valid=true
[1787385047914] MA: surfaceChanged: 1264x820
[1787385047914] MA: surfaceChanged: 1264x820
[1787385047914] MA: surfaceChanged: 1946x1264
[1787385047925] VD: Output format changed: {crop-right=1511, max-height=4320, sar-width=1, color-format=2130708361, mime=video/raw, hdr-static-info=java.nio.HeapByteBuffer[pos=0 lim=25 cap=25], priority=0, color-standard=1, feature-secure-playback=0, color-transfer=3, sar-height=1, hdr10-plus-info=java.nio.HeapByteBuffer[pos=0 lim=0 cap=0], crop-bottom=981, max-width=8192, crop-left=0, width=1520, color-range=1, crop-top=0, rotation-degrees=0, frame-rate=1, height=992}
[1787385047926] VD: First output frame! size=1, flags=1
[1787385048879] VD: Decode stats: input=60, output=59, dropped=0, availBufs=10
[1787385048883] VD: Output #60: decoder latency avg=5.8ms max=44.5ms over 60 samples, input bufs avail=10, dropped=0
[1787385049877] VD: Decode stats: input=120, output=119, dropped=0, availBufs=10
[1787385049879] VD: Output #120: decoder latency avg=4.3ms max=8.4ms over 60 samples, input bufs avail=10, dropped=0
[1787385050876] VD: Decode stats: input=180, output=179, dropped=0, availBufs=10
[1787385050879] VD: Output #180: decoder latency avg=4.5ms max=7.4ms over 60 samples, input bufs avail=10, dropped=0
[1787385051944] VD: Decode stats: input=240, output=239, dropped=0, availBufs=10
[1787385051946] VD: Output #240: decoder latency avg=5.2ms max=9.2ms over 60 samples, input bufs avail=10, dropped=0
[1787385052943] VD: Decode stats: input=300, output=299, dropped=0, availBufs=10
[1787385052947] VD: Output #300: decoder latency avg=5.3ms max=10.2ms over 60 samples, input bufs avail=9, dropped=0
[1787385053944] VD: Decode stats: input=360, output=359, dropped=0, availBufs=10
[1787385053948] VD: Output #360: decoder latency avg=5.1ms max=9.7ms over 60 samples, input bufs avail=10, dropped=0
[1787385054980] VD: Decode stats: input=420, output=419, dropped=0, availBufs=10
[1787385054985] VD: Output #420: decoder latency avg=5.1ms max=11.4ms over 60 samples, input bufs avail=10, dropped=0
[1787385056011] VD: Decode stats: input=480, output=479, dropped=0, availBufs=10
[1787385056016] VD: Output #480: decoder latency avg=5.8ms max=10.4ms over 60 samples, input bufs avail=10, dropped=0
[1787385057013] VD: Decode stats: input=540, output=539, dropped=0, availBufs=10
[1787385057018] VD: Output #540: decoder latency avg=5.7ms max=9.1ms over 60 samples, input bufs avail=10, dropped=0
[1787385058129] VD: Decode stats: input=600, output=599, dropped=0, availBufs=10
[1787385058135] VD: Output #600: decoder latency avg=5.2ms max=9.1ms over 60 samples, input bufs avail=10, dropped=0
[1787385059159] VD: Decode stats: input=660, output=659, dropped=0, availBufs=10
[1787385059163] VD: Output #660: decoder latency avg=5.2ms max=9.1ms over 60 samples, input bufs avail=10, dropped=0
[1787385060169] VD: Decode stats: input=720, output=719, dropped=0, availBufs=10
[1787385060177] VD: Output #720: decoder latency avg=5.5ms max=10.9ms over 60 samples, input bufs avail=10, dropped=0
[1787385061187] VD: Decode stats: input=780, output=779, dropped=0, availBufs=10
[1787385061193] VD: Output #780: decoder latency avg=5.1ms max=8.7ms over 60 samples, input bufs avail=10, dropped=0
[1787385062196] VD: Decode stats: input=840, output=839, dropped=0, availBufs=10
[1787385062204] VD: Output #840: decoder latency avg=5.5ms max=10.6ms over 60 samples, input bufs avail=10, dropped=0
[1787385063195] VD: Decode stats: input=900, output=899, dropped=0, availBufs=10
[1787385063201] VD: Output #900: decoder latency avg=5.2ms max=7.8ms over 60 samples, input bufs avail=10, dropped=0
[1787385064196] VD: Decode stats: input=960, output=959, dropped=0, availBufs=10
[1787385064200] VD: Output #960: decoder latency avg=5.5ms max=10.7ms over 60 samples, input bufs avail=9, dropped=0
[1787385065197] VD: Decode stats: input=1020, output=1019, dropped=0, availBufs=10
[1787385065202] VD: Output #1020: decoder latency avg=5.4ms max=10.5ms over 60 samples, input bufs avail=10, dropped=0
[1787385066192] VD: Decode stats: input=1080, output=1079, dropped=0, availBufs=10
[1787385066195] VD: Output #1080: decoder latency avg=4.9ms max=9.1ms over 60 samples, input bufs avail=10, dropped=0
[1787385067195] VD: Decode stats: input=1140, output=1139, dropped=0, availBufs=10
[1787385067199] VD: Output #1140: decoder latency avg=5.5ms max=8.8ms over 60 samples, input bufs avail=10, dropped=0
[1787385068198] VD: Decode stats: input=1200, output=1199, dropped=0, availBufs=10
[1787385068205] VD: Output #1200: decoder latency avg=4.5ms max=8.2ms over 60 samples, input bufs avail=10, dropped=0
[1787385069195] VD: Decode stats: input=1260, output=1259, dropped=0, availBufs=10
[1787385069202] VD: Output #1260: decoder latency avg=5.3ms max=10.1ms over 60 samples, input bufs avail=10, dropped=0
[1787385070261] VD: Decode stats: input=1320, output=1319, dropped=0, availBufs=10
[1787385070266] VD: Output #1320: decoder latency avg=5.3ms max=10.2ms over 60 samples, input bufs avail=10, dropped=0
[1787385071297] VD: Decode stats: input=1380, output=1379, dropped=0, availBufs=10
[1787385071301] VD: Output #1380: decoder latency avg=3.6ms max=6.7ms over 60 samples, input bufs avail=10, dropped=0
[1787385072293] VD: Decode stats: input=1440, output=1439, dropped=0, availBufs=10
[1787385072297] VD: Output #1440: decoder latency avg=5.5ms max=9.6ms over 60 samples, input bufs avail=10, dropped=0
[1787385073295] VD: Decode stats: input=1500, output=1499, dropped=0, availBufs=10
[1787385073305] VD: Output #1500: decoder latency avg=5.6ms max=9.4ms over 60 samples, input bufs avail=10, dropped=0
[1787385074294] VD: Decode stats: input=1560, output=1559, dropped=0, availBufs=10
[1787385074302] VD: Output #1560: decoder latency avg=5.8ms max=9.5ms over 60 samples, input bufs avail=10, dropped=0
[1787385075360] VD: Decode stats: input=1620, output=1619, dropped=0, availBufs=10
[1787385075363] VD: Output #1620: decoder latency avg=5.4ms max=9.7ms over 60 samples, input bufs avail=10, dropped=0
[1787385076391] VD: Decode stats: input=1680, output=1679, dropped=0, availBufs=10
[1787385076394] VD: Output #1680: decoder latency avg=4.8ms max=11.6ms over 60 samples, input bufs avail=10, dropped=0
[1787385077392] VD: Decode stats: input=1740, output=1739, dropped=0, availBufs=10
[1787385077397] VD: Output #1740: decoder latency avg=5.1ms max=8.8ms over 60 samples, input bufs avail=10, dropped=0
[1787385078393] VD: Decode stats: input=1800, output=1799, dropped=0, availBufs=10
[1787385078396] VD: Output #1800: decoder latency avg=5.2ms max=8.3ms over 60 samples, input bufs avail=10, dropped=0
[1787385079412] VD: Decode stats: input=1860, output=1859, dropped=0, availBufs=10
[1787385079419] VD: Output #1860: decoder latency avg=5.3ms max=8.1ms over 60 samples, input bufs avail=10, dropped=0
[1787385080413] VD: Decode stats: input=1920, output=1919, dropped=0, availBufs=10
[1787385080419] VD: Output #1920: decoder latency avg=5.2ms max=8.2ms over 60 samples, input bufs avail=10, dropped=0
[1787385081431] VD: Decode stats: input=1980, output=1979, dropped=0, availBufs=10
[1787385081434] VD: Output #1980: decoder latency avg=5.4ms max=11.3ms over 60 samples, input bufs avail=10, dropped=0
[1787385082461] VD: Decode stats: input=2040, output=2039, dropped=0, availBufs=10
[1787385082466] VD: Output #2040: decoder latency avg=5.6ms max=11.3ms over 60 samples, input bufs avail=10, dropped=0
[1787385083494] VD: Decode stats: input=2100, output=2099, dropped=0, availBufs=10
[1787385083498] VD: Output #2100: decoder latency avg=5.3ms max=8.0ms over 60 samples, input bufs avail=9, dropped=0
[1787385084481] VD: Decode stats: input=2160, output=2159, dropped=0, availBufs=10
[1787385084484] VD: Output #2160: decoder latency avg=5.0ms max=8.5ms over 60 samples, input bufs avail=10, dropped=0
[1787385085495] VD: Decode stats: input=2220, output=2219, dropped=0, availBufs=10
[1787385085501] VD: Output #2220: decoder latency avg=5.0ms max=8.3ms over 60 samples, input bufs avail=10, dropped=0
[1787385086511] VD: Decode stats: input=2280, output=2279, dropped=0, availBufs=10
[1787385086518] VD: Output #2280: decoder latency avg=5.5ms max=9.8ms over 60 samples, input bufs avail=10, dropped=0
[1787385087546] VD: Decode stats: input=2340, output=2339, dropped=0, availBufs=10
[1787385087552] VD: Output #2340: decoder latency avg=5.6ms max=8.8ms over 60 samples, input bufs avail=10, dropped=0
[1787385088553] VD: Decode stats: input=2400, output=2399, dropped=0, availBufs=10
[1787385088560] VD: Output #2400: decoder latency avg=5.5ms max=8.9ms over 60 samples, input bufs avail=10, dropped=0
[1787385089548] VD: Decode stats: input=2460, output=2459, dropped=0, availBufs=10
[1787385089556] VD: Output #2460: decoder latency avg=5.5ms max=8.8ms over 60 samples, input bufs avail=10, dropped=0
[1787385090550] VD: Decode stats: input=2520, output=2519, dropped=0, availBufs=10
[1787385090556] VD: Output #2520: decoder latency avg=5.7ms max=10.1ms over 60 samples, input bufs avail=10, dropped=0
[1787385091584] VD: Decode stats: input=2580, output=2579, dropped=0, availBufs=10
[1787385091591] VD: Output #2580: decoder latency avg=5.1ms max=9.4ms over 60 samples, input bufs avail=10, dropped=0
[1787385092646] VD: Decode stats: input=2640, output=2639, dropped=0, availBufs=10
[1787385092651] VD: Output #2640: decoder latency avg=5.2ms max=9.4ms over 60 samples, input bufs avail=10, dropped=0
[1787385093648] VD: Decode stats: input=2700, output=2699, dropped=0, availBufs=10
[1787385093652] VD: Output #2700: decoder latency avg=5.4ms max=9.2ms over 60 samples, input bufs avail=10, dropped=0
[1787385094649] VD: Decode stats: input=2760, output=2759, dropped=0, availBufs=10
[1787385094654] VD: Output #2760: decoder latency avg=4.7ms max=10.0ms over 60 samples, input bufs avail=10, dropped=0
[1787385095650] VD: Decode stats: input=2820, output=2819, dropped=0, availBufs=10
[1787385095655] VD: Output #2820: decoder latency avg=3.9ms max=5.7ms over 60 samples, input bufs avail=10, dropped=0
[1787385096812] VD: Decode stats: input=2880, output=2879, dropped=0, availBufs=10
[1787385096817] VD: Output #2880: decoder latency avg=4.1ms max=7.8ms over 60 samples, input bufs avail=10, dropped=0
[1787385097810] VD: Decode stats: input=2940, output=2939, dropped=0, availBufs=10
[1787385097813] VD: Output #2940: decoder latency avg=4.0ms max=6.1ms over 60 samples, input bufs avail=10, dropped=0
[1787385099008] VD: Decode stats: input=3000, output=2999, dropped=0, availBufs=10
[1787385099012] VD: Output #3000: decoder latency avg=4.0ms max=5.7ms over 60 samples, input bufs avail=8, dropped=0
[1787385100010] VD: Decode stats: input=3060, output=3059, dropped=0, availBufs=10
[1787385100013] VD: Output #3060: decoder latency avg=3.9ms max=8.0ms over 60 samples, input bufs avail=10, dropped=0
[1787385101043] VD: Decode stats: input=3120, output=3119, dropped=0, availBufs=10
[1787385101047] VD: Output #3120: decoder latency avg=3.4ms max=6.0ms over 60 samples, input bufs avail=10, dropped=0
[1787385102066] VD: Decode stats: input=3180, output=3179, dropped=0, availBufs=10
[1787385102071] VD: Output #3180: decoder latency avg=4.1ms max=5.8ms over 60 samples, input bufs avail=10, dropped=0
[1787385103093] VD: Decode stats: input=3240, output=3239, dropped=0, availBufs=10
[1787385103095] VD: Output #3240: decoder latency avg=3.9ms max=5.5ms over 60 samples, input bufs avail=10, dropped=0
[1787385104127] VD: Decode stats: input=3300, output=3299, dropped=0, availBufs=10
[1787385104131] VD: Output #3300: decoder latency avg=4.2ms max=6.5ms over 60 samples, input bufs avail=10, dropped=0
[1787385105144] VD: Decode stats: input=3360, output=3359, dropped=0, availBufs=10
[1787385105148] VD: Output #3360: decoder latency avg=3.8ms max=5.7ms over 60 samples, input bufs avail=10, dropped=0
[1787385106160] VD: Decode stats: input=3420, output=3419, dropped=0, availBufs=10
[1787385106164] VD: Output #3420: decoder latency avg=3.9ms max=5.1ms over 60 samples, input bufs avail=10, dropped=0
[1787385107160] VD: Decode stats: input=3480, output=3479, dropped=0, availBufs=10
[1787385107164] VD: Output #3480: decoder latency avg=4.0ms max=5.4ms over 60 samples, input bufs avail=10, dropped=0
[1787385108186] VD: Decode stats: input=3540, output=3539, dropped=0, availBufs=10
[1787385108191] VD: Output #3540: decoder latency avg=4.2ms max=6.1ms over 60 samples, input bufs avail=10, dropped=0
[1787385109176] VD: Decode stats: input=3600, output=3599, dropped=0, availBufs=10
[1787385109180] VD: Output #3600: decoder latency avg=4.1ms max=6.3ms over 60 samples, input bufs avail=9, dropped=0
[1787385110205] VD: Decode stats: input=3660, output=3659, dropped=0, availBufs=10
[1787385110210] VD: Output #3660: decoder latency avg=4.8ms max=8.5ms over 60 samples, input bufs avail=10, dropped=0
[1787385111196] VD: Decode stats: input=3720, output=3719, dropped=0, availBufs=10
[1787385111202] VD: Output #3720: decoder latency avg=5.1ms max=9.1ms over 60 samples, input bufs avail=10, dropped=0
[1787385112199] VD: Decode stats: input=3780, output=3779, dropped=0, availBufs=10
[1787385112202] VD: Output #3780: decoder latency avg=5.3ms max=8.4ms over 60 samples, input bufs avail=10, dropped=0
[1787385113200] VD: Decode stats: input=3840, output=3839, dropped=0, availBufs=10
[1787385113206] VD: Output #3840: decoder latency avg=5.0ms max=9.3ms over 60 samples, input bufs avail=10, dropped=0
[1787385114202] VD: Decode stats: input=3900, output=3899, dropped=0, availBufs=10
[1787385114208] VD: Output #3900: decoder latency avg=5.7ms max=10.8ms over 60 samples, input bufs avail=10, dropped=0
[1787385115197] VD: Decode stats: input=3960, output=3959, dropped=0, availBufs=10
[1787385115204] VD: Output #3960: decoder latency avg=5.7ms max=8.6ms over 60 samples, input bufs avail=10, dropped=0
[1787385116235] VD: Decode stats: input=4020, output=4019, dropped=0, availBufs=10
[1787385116240] VD: Output #4020: decoder latency avg=5.5ms max=8.6ms over 60 samples, input bufs avail=10, dropped=0
[1787385117287] VD: Decode stats: input=4080, output=4079, dropped=0, availBufs=10
[1787385117291] VD: Output #4080: decoder latency avg=5.3ms max=8.3ms over 60 samples, input bufs avail=10, dropped=0
[1787385118312] VD: Decode stats: input=4140, output=4139, dropped=0, availBufs=10
[1787385118317] VD: Output #4140: decoder latency avg=5.1ms max=9.9ms over 60 samples, input bufs avail=10, dropped=0
[1787385119345] VD: Decode stats: input=4200, output=4199, dropped=0, availBufs=10
[1787385119350] VD: Output #4200: decoder latency avg=5.1ms max=10.3ms over 60 samples, input bufs avail=10, dropped=0
[1787385120346] VD: Decode stats: input=4260, output=4259, dropped=0, availBufs=10
[1787385120349] VD: Output #4260: decoder latency avg=5.1ms max=7.3ms over 60 samples, input bufs avail=10, dropped=0
[1787385121409] VD: Decode stats: input=4320, output=4319, dropped=0, availBufs=10
[1787385121413] VD: Output #4320: decoder latency avg=4.8ms max=9.3ms over 60 samples, input bufs avail=9, dropped=0
[1787385122414] VD: Decode stats: input=4380, output=4379, dropped=0, availBufs=10
[1787385122417] VD: Output #4380: decoder latency avg=4.9ms max=7.9ms over 60 samples, input bufs avail=10, dropped=0
[1787385123411] VD: Decode stats: input=4440, output=4439, dropped=0, availBufs=10
[1787385123416] VD: Output #4440: decoder latency avg=5.4ms max=9.5ms over 60 samples, input bufs avail=10, dropped=0
[1787385124429] VD: Decode stats: input=4500, output=4499, dropped=0, availBufs=10
[1787385124434] VD: Output #4500: decoder latency avg=5.3ms max=9.8ms over 60 samples, input bufs avail=10, dropped=0
[1787385125434] VD: Decode stats: input=4560, output=4559, dropped=0, availBufs=10
[1787385125440] VD: Output #4560: decoder latency avg=5.4ms max=10.6ms over 60 samples, input bufs avail=10, dropped=0
[1787385126432] VD: Decode stats: input=4620, output=4619, dropped=0, availBufs=10
[1787385126435] VD: Output #4620: decoder latency avg=5.6ms max=8.5ms over 60 samples, input bufs avail=10, dropped=0
[1787385127435] VD: Decode stats: input=4680, output=4679, dropped=0, availBufs=10
[1787385127441] VD: Output #4680: decoder latency avg=5.7ms max=11.4ms over 60 samples, input bufs avail=10, dropped=0
[1787385128431] VD: Decode stats: input=4740, output=4739, dropped=0, availBufs=10
[1787385128434] VD: Output #4740: decoder latency avg=5.2ms max=11.4ms over 60 samples, input bufs avail=10, dropped=0
[1787385129448] VD: Decode stats: input=4800, output=4799, dropped=0, availBufs=10
[1787385129452] VD: Output #4800: decoder latency avg=4.6ms max=9.0ms over 60 samples, input bufs avail=10, dropped=0
[1787385130484] VD: Decode stats: input=4860, output=4859, dropped=0, availBufs=10
[1787385130492] VD: Output #4860: decoder latency avg=5.6ms max=9.5ms over 60 samples, input bufs avail=10, dropped=0
[1787385131500] VD: Decode stats: input=4920, output=4919, dropped=0, availBufs=10
[1787385131504] VD: Output #4920: decoder latency avg=5.2ms max=8.4ms over 60 samples, input bufs avail=10, dropped=0
[1787385132544] VD: Decode stats: input=4980, output=4979, dropped=0, availBufs=10
[1787385132549] VD: Output #4980: decoder latency avg=3.9ms max=8.0ms over 60 samples, input bufs avail=9, dropped=0
[1787385133562] VD: Decode stats: input=5040, output=5039, dropped=0, availBufs=10
[1787385133568] VD: Output #5040: decoder latency avg=5.6ms max=9.5ms over 60 samples, input bufs avail=10, dropped=0
[1787385134564] VD: Decode stats: input=5100, output=5099, dropped=0, availBufs=10
[1787385134569] VD: Output #5100: decoder latency avg=5.5ms max=9.1ms over 60 samples, input bufs avail=10, dropped=0
[1787385135560] VD: Decode stats: input=5160, output=5159, dropped=0, availBufs=10
[1787385135566] VD: Output #5160: decoder latency avg=5.4ms max=8.3ms over 60 samples, input bufs avail=9, dropped=0
[1787385136560] VD: Decode stats: input=5220, output=5219, dropped=0, availBufs=10
[1787385136566] VD: Output #5220: decoder latency avg=5.4ms max=8.5ms over 60 samples, input bufs avail=10, dropped=0
[1787385137559] VD: Decode stats: input=5280, output=5279, dropped=0, availBufs=10
[1787385137563] VD: Output #5280: decoder latency avg=5.2ms max=7.8ms over 60 samples, input bufs avail=10, dropped=0
[1787385138578] VD: Decode stats: input=5340, output=5339, dropped=0, availBufs=10
[1787385138584] VD: Output #5340: decoder latency avg=5.1ms max=10.4ms over 60 samples, input bufs avail=10, dropped=0
[1787385139578] VD: Decode stats: input=5400, output=5399, dropped=0, availBufs=10
[1787385139583] VD: Output #5400: decoder latency avg=5.6ms max=8.5ms over 60 samples, input bufs avail=10, dropped=0
[1787385140595] VD: Decode stats: input=5460, output=5459, dropped=0, availBufs=10
[1787385140601] VD: Output #5460: decoder latency avg=5.5ms max=9.8ms over 60 samples, input bufs avail=10, dropped=0
[1787385141645] VD: Decode stats: input=5520, output=5519, dropped=0, availBufs=10
[1787385141654] VD: Output #5520: decoder latency avg=5.8ms max=9.5ms over 60 samples, input bufs avail=9, dropped=0
[1787385142629] VD: Decode stats: input=5580, output=5579, dropped=0, availBufs=10
[1787385142636] VD: Output #5580: decoder latency avg=5.8ms max=9.0ms over 60 samples, input bufs avail=10, dropped=0
[1787385143685] VD: Decode stats: input=5640, output=5639, dropped=0, availBufs=10
[1787385143691] VD: Output #5640: decoder latency avg=5.5ms max=9.3ms over 60 samples, input bufs avail=10, dropped=0
[1787385144694] VD: Decode stats: input=5700, output=5699, dropped=0, availBufs=10
[1787385144700] VD: Output #5700: decoder latency avg=5.3ms max=8.1ms over 60 samples, input bufs avail=10, dropped=0
[1787385145697] VD: Decode stats: input=5760, output=5759, dropped=0, availBufs=10
[1787385145703] VD: Output #5760: decoder latency avg=5.3ms max=9.0ms over 60 samples, input bufs avail=10, dropped=0
[1787385146692] VD: Decode stats: input=5820, output=5819, dropped=0, availBufs=10
[1787385146695] VD: Output #5820: decoder latency avg=5.3ms max=8.0ms over 60 samples, input bufs avail=10, dropped=0
[1787385148077] VD: Decode stats: input=5880, output=5879, dropped=0, availBufs=10
[1787385148080] VD: Output #5880: decoder latency avg=5.7ms max=9.0ms over 60 samples, input bufs avail=10, dropped=0
[1787385149130] VD: Decode stats: input=5940, output=5939, dropped=0, availBufs=10
[1787385149136] VD: Output #5940: decoder latency avg=5.5ms max=9.7ms over 60 samples, input bufs avail=10, dropped=0
[1787385150127] VD: Decode stats: input=6000, output=5999, dropped=0, availBufs=10
[1787385150132] VD: Output #6000: decoder latency avg=5.4ms max=8.2ms over 60 samples, input bufs avail=10, dropped=0
[1787385151127] VD: Decode stats: input=6060, output=6059, dropped=0, availBufs=10
[1787385151131] VD: Output #6060: decoder latency avg=5.1ms max=8.3ms over 60 samples, input bufs avail=10, dropped=0
[1787385152143] VD: Decode stats: input=6120, output=6119, dropped=0, availBufs=10
[1787385152147] VD: Output #6120: decoder latency avg=5.0ms max=7.3ms over 60 samples, input bufs avail=10, dropped=0
[1787385153161] VD: Decode stats: input=6180, output=6179, dropped=0, availBufs=10
[1787385153167] VD: Output #6180: decoder latency avg=5.4ms max=8.8ms over 60 samples, input bufs avail=10, dropped=0
[1787385154194] VD: Decode stats: input=6240, output=6239, dropped=0, availBufs=10
[1787385154198] VD: Output #6240: decoder latency avg=5.3ms max=10.7ms over 60 samples, input bufs avail=10, dropped=0
[1787385155193] VD: Decode stats: input=6300, output=6299, dropped=0, availBufs=10
[1787385155201] VD: Output #6300: decoder latency avg=5.2ms max=9.5ms over 60 samples, input bufs avail=10, dropped=0
[1787385156346] VD: Decode stats: input=6360, output=6359, dropped=0, availBufs=10
[1787385156348] VD: Output #6360: decoder latency avg=5.0ms max=8.7ms over 60 samples, input bufs avail=10, dropped=0
[1787385157344] VD: Decode stats: input=6420, output=6419, dropped=0, availBufs=10
[1787385157348] VD: Output #6420: decoder latency avg=4.8ms max=11.9ms over 60 samples, input bufs avail=10, dropped=0
[1787385158410] VD: Decode stats: input=6480, output=6479, dropped=0, availBufs=10
[1787385158413] VD: Output #6480: decoder latency avg=5.3ms max=9.1ms over 60 samples, input bufs avail=10, dropped=0
[1787385159458] VD: Decode stats: input=6540, output=6539, dropped=0, availBufs=10
[1787385159468] VD: Output #6540: decoder latency avg=5.5ms max=10.8ms over 60 samples, input bufs avail=9, dropped=0
[1787385160461] VD: Decode stats: input=6600, output=6599, dropped=0, availBufs=10
[1787385160466] VD: Output #6600: decoder latency avg=5.5ms max=9.9ms over 60 samples, input bufs avail=10, dropped=0
[1787385161460] VD: Decode stats: input=6660, output=6659, dropped=0, availBufs=10
[1787385161463] VD: Output #6660: decoder latency avg=5.3ms max=8.1ms over 60 samples, input bufs avail=10, dropped=0
[1787385162468] VD: Decode stats: input=6720, output=6719, dropped=0, availBufs=10
[1787385162474] VD: Output #6720: decoder latency avg=5.4ms max=8.4ms over 60 samples, input bufs avail=10, dropped=0
[1787385163460] VD: Decode stats: input=6780, output=6779, dropped=0, availBufs=10
[1787385163466] VD: Output #6780: decoder latency avg=5.3ms max=8.1ms over 60 samples, input bufs avail=9, dropped=0
[1787385164468] VD: Decode stats: input=6840, output=6839, dropped=0, availBufs=10
[1787385164472] VD: Output #6840: decoder latency avg=5.1ms max=10.2ms over 60 samples, input bufs avail=10, dropped=0
[1787385165466] VD: Decode stats: input=6900, output=6899, dropped=0, availBufs=10
[1787385165472] VD: Output #6900: decoder latency avg=5.6ms max=11.4ms over 60 samples, input bufs avail=10, dropped=0
[1787385166466] VD: Decode stats: input=6960, output=6959, dropped=0, availBufs=10
[1787385166470] VD: Output #6960: decoder latency avg=5.3ms max=9.0ms over 60 samples, input bufs avail=10, dropped=0
[1787385167477] VD: Decode stats: input=7020, output=7019, dropped=0, availBufs=10
[1787385167482] VD: Output #7020: decoder latency avg=5.3ms max=7.7ms over 60 samples, input bufs avail=10, dropped=0
[1787385168544] VD: Decode stats: input=7080, output=7079, dropped=0, availBufs=10
[1787385168550] VD: Output #7080: decoder latency avg=5.0ms max=8.0ms over 60 samples, input bufs avail=10, dropped=0
[1787385169543] VD: Decode stats: input=7140, output=7139, dropped=0, availBufs=10
[1787385169548] VD: Output #7140: decoder latency avg=5.6ms max=10.4ms over 60 samples, input bufs avail=10, dropped=0
[1787385170566] VD: Decode stats: input=7200, output=7199, dropped=0, availBufs=10
[1787385170570] VD: Output #7200: decoder latency avg=5.1ms max=10.4ms over 60 samples, input bufs avail=10, dropped=0
[1787385171561] VD: Decode stats: input=7260, output=7259, dropped=0, availBufs=10
[1787385171566] VD: Output #7260: decoder latency avg=5.5ms max=9.4ms over 60 samples, input bufs avail=10, dropped=0
[1787385172579] VD: Decode stats: input=7320, output=7319, dropped=0, availBufs=10
[1787385172585] VD: Output #7320: decoder latency avg=5.4ms max=10.2ms over 60 samples, input bufs avail=10, dropped=0
[1787385173577] VD: Decode stats: input=7380, output=7379, dropped=0, availBufs=10
[1787385173584] VD: Output #7380: decoder latency avg=5.2ms max=9.0ms over 60 samples, input bufs avail=10, dropped=0
[1787385174578] VD: Decode stats: input=7440, output=7439, dropped=0, availBufs=10
[1787385174583] VD: Output #7440: decoder latency avg=4.8ms max=10.2ms over 60 samples, input bufs avail=10, dropped=0
[1787385175580] VD: Decode stats: input=7500, output=7499, dropped=0, availBufs=10
[1787385175589] VD: Output #7500: decoder latency avg=5.3ms max=9.4ms over 60 samples, input bufs avail=10, dropped=0
[1787385176579] VD: Decode stats: input=7560, output=7559, dropped=0, availBufs=10
[1787385176586] VD: Output #7560: decoder latency avg=5.3ms max=10.0ms over 60 samples, input bufs avail=10, dropped=0
[1787385177578] VD: Decode stats: input=7620, output=7619, dropped=0, availBufs=10
[1787385177583] VD: Output #7620: decoder latency avg=4.9ms max=8.5ms over 60 samples, input bufs avail=9, dropped=0
[1787385178578] VD: Decode stats: input=7680, output=7679, dropped=0, availBufs=10
[1787385178583] VD: Output #7680: decoder latency avg=5.4ms max=8.8ms over 60 samples, input bufs avail=9, dropped=0
[1787385179579] VD: Decode stats: input=7740, output=7739, dropped=0, availBufs=10
[1787385179582] VD: Output #7740: decoder latency avg=5.0ms max=9.4ms over 60 samples, input bufs avail=10, dropped=0
[1787385180595] VD: Decode stats: input=7800, output=7799, dropped=0, availBufs=10
[1787385180599] VD: Output #7800: decoder latency avg=5.4ms max=9.2ms over 60 samples, input bufs avail=10, dropped=0
[1787385181609] VD: Decode stats: input=7860, output=7859, dropped=0, availBufs=10
[1787385181615] VD: Output #7860: decoder latency avg=5.1ms max=8.4ms over 60 samples, input bufs avail=10, dropped=0
[1787385182613] VD: Decode stats: input=7920, output=7919, dropped=0, availBufs=10
[1787385182621] VD: Output #7920: decoder latency avg=5.2ms max=9.2ms over 60 samples, input bufs avail=10, dropped=0
[1787385183643] VD: Decode stats: input=7980, output=7979, dropped=0, availBufs=10
[1787385183647] VD: Output #7980: decoder latency avg=5.1ms max=7.6ms over 60 samples, input bufs avail=10, dropped=0
[1787385184661] VD: Decode stats: input=8040, output=8039, dropped=0, availBufs=10
[1787385184666] VD: Output #8040: decoder latency avg=5.2ms max=7.9ms over 60 samples, input bufs avail=10, dropped=0
[1787385185677] VD: Decode stats: input=8100, output=8099, dropped=0, availBufs=10
[1787385185682] VD: Output #8100: decoder latency avg=5.5ms max=8.5ms over 60 samples, input bufs avail=10, dropped=0
[1787385186727] VD: Decode stats: input=8160, output=8159, dropped=0, availBufs=10
[1787385186731] VD: Output #8160: decoder latency avg=5.1ms max=8.5ms over 60 samples, input bufs avail=10, dropped=0
[1787385187728] VD: Decode stats: input=8220, output=8219, dropped=0, availBufs=10
[1787385187734] VD: Output #8220: decoder latency avg=5.3ms max=7.4ms over 60 samples, input bufs avail=10, dropped=0
[1787385188727] VD: Decode stats: input=8280, output=8279, dropped=0, availBufs=10
[1787385188732] VD: Output #8280: decoder latency avg=5.4ms max=8.4ms over 60 samples, input bufs avail=10, dropped=0
[1787385189725] VD: Decode stats: input=8340, output=8339, dropped=0, availBufs=10
[1787385189729] VD: Output #8340: decoder latency avg=4.4ms max=7.8ms over 60 samples, input bufs avail=10, dropped=0
[1787385190728] VD: Decode stats: input=8400, output=8399, dropped=0, availBufs=10
[1787385190735] VD: Output #8400: decoder latency avg=5.4ms max=9.6ms over 60 samples, input bufs avail=10, dropped=0
[1787385191730] VD: Decode stats: input=8460, output=8459, dropped=0, availBufs=10
[1787385191735] VD: Output #8460: decoder latency avg=5.4ms max=8.2ms over 60 samples, input bufs avail=9, dropped=0
[1787385192764] VD: Decode stats: input=8520, output=8519, dropped=0, availBufs=10
[1787385192767] VD: Output #8520: decoder latency avg=4.5ms max=8.0ms over 60 samples, input bufs avail=10, dropped=0
[1787385193778] VD: Decode stats: input=8580, output=8579, dropped=0, availBufs=10
[1787385193781] VD: Output #8580: decoder latency avg=4.2ms max=9.3ms over 60 samples, input bufs avail=10, dropped=0
[1787385194810] VD: Decode stats: input=8640, output=8639, dropped=0, availBufs=10
[1787385194815] VD: Output #8640: decoder latency avg=5.3ms max=7.6ms over 60 samples, input bufs avail=10, dropped=0
[1787385195816] VD: Decode stats: input=8700, output=8699, dropped=0, availBufs=10
[1787385195820] VD: Output #8700: decoder latency avg=5.5ms max=10.7ms over 60 samples, input bufs avail=10, dropped=0
[1787385196833] VD: Decode stats: input=8760, output=8759, dropped=0, availBufs=10
[1787385196837] VD: Output #8760: decoder latency avg=5.4ms max=9.2ms over 60 samples, input bufs avail=10, dropped=0
[1787385197835] VD: Decode stats: input=8820, output=8819, dropped=0, availBufs=10
[1787385197839] VD: Output #8820: decoder latency avg=5.5ms max=8.9ms over 60 samples, input bufs avail=10, dropped=0
[1787385198842] VD: Decode stats: input=8880, output=8879, dropped=0, availBufs=10
[1787385198846] VD: Output #8880: decoder latency avg=5.5ms max=10.9ms over 60 samples, input bufs avail=10, dropped=0
[1787385199846] VD: Decode stats: input=8940, output=8939, dropped=0, availBufs=10
[1787385199852] VD: Output #8940: decoder latency avg=4.9ms max=9.4ms over 60 samples, input bufs avail=10, dropped=0
[1787385200860] VD: Decode stats: input=9000, output=8999, dropped=0, availBufs=10
[1787385200863] VD: Output #9000: decoder latency avg=5.2ms max=9.7ms over 60 samples, input bufs avail=10, dropped=0
[1787385201864] VD: Decode stats: input=9060, output=9059, dropped=0, availBufs=10
[1787385201869] VD: Output #9060: decoder latency avg=5.5ms max=9.1ms over 60 samples, input bufs avail=9, dropped=0
[1787385202881] VD: Decode stats: input=9120, output=9119, dropped=0, availBufs=10
[1787385202885] VD: Output #9120: decoder latency avg=5.6ms max=11.8ms over 60 samples, input bufs avail=10, dropped=0
[1787385203974] VD: Decode stats: input=9180, output=9179, dropped=0, availBufs=10
[1787385203977] VD: Output #9180: decoder latency avg=5.0ms max=8.0ms over 60 samples, input bufs avail=10, dropped=0
[1787385204963] VD: Decode stats: input=9240, output=9239, dropped=0, availBufs=10
[1787385204970] VD: Output #9240: decoder latency avg=5.3ms max=9.3ms over 60 samples, input bufs avail=9, dropped=0
[1787385206346] VD: Decode stats: input=9300, output=9299, dropped=0, availBufs=10
[1787385206351] VD: Output #9300: decoder latency avg=5.1ms max=9.1ms over 60 samples, input bufs avail=10, dropped=0
[1787385207344] VD: Decode stats: input=9360, output=9359, dropped=0, availBufs=10
[1787385207351] VD: Output #9360: decoder latency avg=5.5ms max=8.7ms over 60 samples, input bufs avail=10, dropped=0
[1787385208360] VD: Decode stats: input=9420, output=9419, dropped=0, availBufs=10
[1787385208364] VD: Output #9420: decoder latency avg=5.1ms max=8.7ms over 60 samples, input bufs avail=10, dropped=0
[1787385209360] VD: Decode stats: input=9480, output=9479, dropped=0, availBufs=10
[1787385209366] VD: Output #9480: decoder latency avg=5.4ms max=8.4ms over 60 samples, input bufs avail=10, dropped=0
[1787385210362] VD: Decode stats: input=9540, output=9539, dropped=0, availBufs=10
[1787385210369] VD: Output #9540: decoder latency avg=5.2ms max=11.4ms over 60 samples, input bufs avail=10, dropped=0
[1787385211376] VD: Decode stats: input=9600, output=9599, dropped=0, availBufs=10
[1787385211380] VD: Output #9600: decoder latency avg=5.5ms max=10.6ms over 60 samples, input bufs avail=10, dropped=0
[1787385212392] VD: Decode stats: input=9660, output=9659, dropped=0, availBufs=10
[1787385212397] VD: Output #9660: decoder latency avg=5.3ms max=8.8ms over 60 samples, input bufs avail=10, dropped=0
[1787385213396] VD: Decode stats: input=9720, output=9719, dropped=0, availBufs=10
[1787385213404] VD: Output #9720: decoder latency avg=5.1ms max=9.2ms over 60 samples, input bufs avail=10, dropped=0
[1787385214395] VD: Decode stats: input=9780, output=9779, dropped=0, availBufs=10
[1787385214400] VD: Output #9780: decoder latency avg=4.9ms max=8.6ms over 60 samples, input bufs avail=10, dropped=0
[1787385215394] VD: Decode stats: input=9840, output=9839, dropped=0, availBufs=10
[1787385215397] VD: Output #9840: decoder latency avg=5.4ms max=7.9ms over 60 samples, input bufs avail=10, dropped=0
[1787385216411] VD: Decode stats: input=9900, output=9899, dropped=0, availBufs=10
[1787385216417] VD: Output #9900: decoder latency avg=5.2ms max=9.2ms over 60 samples, input bufs avail=10, dropped=0
[1787385217414] VD: Decode stats: input=9960, output=9959, dropped=0, availBufs=10
[1787385217421] VD: Output #9960: decoder latency avg=5.1ms max=9.6ms over 60 samples, input bufs avail=10, dropped=0
[1787385218460] VD: Decode stats: input=10020, output=10019, dropped=0, availBufs=10
[1787385218464] VD: Output #10020: decoder latency avg=5.3ms max=8.4ms over 60 samples, input bufs avail=10, dropped=0
[1787385219460] VD: Decode stats: input=10080, output=10079, dropped=0, availBufs=10
[1787385219465] VD: Output #10080: decoder latency avg=5.3ms max=8.0ms over 60 samples, input bufs avail=10, dropped=0
[1787385220462] VD: Decode stats: input=10140, output=10139, dropped=0, availBufs=10
[1787385220469] VD: Output #10140: decoder latency avg=5.4ms max=9.8ms over 60 samples, input bufs avail=10, dropped=0
[1787385221510] VD: Decode stats: input=10200, output=10199, dropped=0, availBufs=10
[1787385221515] VD: Output #10200: decoder latency avg=5.7ms max=12.6ms over 60 samples, input bufs avail=10, dropped=0
[1787385222569] VD: Decode stats: input=10260, output=10259, dropped=0, availBufs=10
[1787385222576] VD: Output #10260: decoder latency avg=5.3ms max=7.9ms over 60 samples, input bufs avail=9, dropped=0
[1787385223563] VD: Decode stats: input=10320, output=10319, dropped=0, availBufs=10
[1787385223568] VD: Output #10320: decoder latency avg=5.4ms max=9.9ms over 60 samples, input bufs avail=10, dropped=0
[1787385224578] VD: Decode stats: input=10380, output=10379, dropped=0, availBufs=10
[1787385224584] VD: Output #10380: decoder latency avg=5.4ms max=8.2ms over 60 samples, input bufs avail=10, dropped=0
[1787385225597] VD: Decode stats: input=10440, output=10439, dropped=0, availBufs=10
[1787385225599] VD: Output #10440: decoder latency avg=3.9ms max=7.8ms over 60 samples, input bufs avail=10, dropped=0
[1787385226598] VD: Decode stats: input=10500, output=10499, dropped=0, availBufs=10
[1787385226601] VD: Output #10500: decoder latency avg=2.7ms max=4.0ms over 60 samples, input bufs avail=10, dropped=0
[1787385227601] VD: Decode stats: input=10560, output=10559, dropped=0, availBufs=10
[1787385227604] VD: Output #10560: decoder latency avg=2.9ms max=4.2ms over 60 samples, input bufs avail=10, dropped=0
[1787385228598] VD: Decode stats: input=10620, output=10618, dropped=0, availBufs=9
[1787385228601] VD: Output #10620: decoder latency avg=3.0ms max=4.3ms over 60 samples, input bufs avail=9, dropped=0
[1787385229603] VD: Decode stats: input=10680, output=10679, dropped=0, availBufs=10
[1787385229608] VD: Output #10680: decoder latency avg=4.2ms max=9.5ms over 60 samples, input bufs avail=10, dropped=0
[1787385230617] VD: Decode stats: input=10740, output=10739, dropped=0, availBufs=10
[1787385230623] VD: Output #10740: decoder latency avg=5.4ms max=7.8ms over 60 samples, input bufs avail=10, dropped=0
[1787385231649] VD: Decode stats: input=10800, output=10799, dropped=0, availBufs=10
[1787385231653] VD: Output #10800: decoder latency avg=5.3ms max=9.7ms over 60 samples, input bufs avail=10, dropped=0
[1787385232646] VD: Decode stats: input=10860, output=10859, dropped=0, availBufs=10
[1787385232654] VD: Output #10860: decoder latency avg=5.1ms max=8.4ms over 60 samples, input bufs avail=10, dropped=0
[1787385233650] VD: Decode stats: input=10920, output=10919, dropped=0, availBufs=10
[1787385233656] VD: Output #10920: decoder latency avg=5.1ms max=7.8ms over 60 samples, input bufs avail=10, dropped=0
[1787385234651] VD: Decode stats: input=10980, output=10979, dropped=0, availBufs=10
[1787385234656] VD: Output #10980: decoder latency avg=5.1ms max=7.3ms over 60 samples, input bufs avail=9, dropped=0
[1787385235647] VD: Decode stats: input=11040, output=11039, dropped=0, availBufs=10
[1787385235652] VD: Output #11040: decoder latency avg=4.8ms max=8.2ms over 60 samples, input bufs avail=10, dropped=0
[1787385236669] VD: Decode stats: input=11100, output=11099, dropped=0, availBufs=10
[1787385236674] VD: Output #11100: decoder latency avg=5.4ms max=9.4ms over 60 samples, input bufs avail=10, dropped=0
[1787385237699] VD: Decode stats: input=11160, output=11159, dropped=0, availBufs=10
[1787385237705] VD: Output #11160: decoder latency avg=5.2ms max=9.6ms over 60 samples, input bufs avail=10, dropped=0
[1787385238700] VD: Decode stats: input=11220, output=11219, dropped=0, availBufs=10
[1787385238707] VD: Output #11220: decoder latency avg=5.0ms max=8.7ms over 60 samples, input bufs avail=9, dropped=0
[1787385239776] VD: Decode stats: input=11280, output=11279, dropped=0, availBufs=10
[1787385239779] VD: Output #11280: decoder latency avg=5.4ms max=10.7ms over 60 samples, input bufs avail=10, dropped=0
[1787385240779] VD: Decode stats: input=11340, output=11339, dropped=0, availBufs=10
[1787385240784] VD: Output #11340: decoder latency avg=5.2ms max=7.6ms over 60 samples, input bufs avail=10, dropped=0
[1787385241811] VD: Decode stats: input=11400, output=11399, dropped=0, availBufs=10
[1787385241815] VD: Output #11400: decoder latency avg=5.1ms max=8.4ms over 60 samples, input bufs avail=10, dropped=0
[1787385242845] VD: Decode stats: input=11460, output=11459, dropped=0, availBufs=10
[1787385242849] VD: Output #11460: decoder latency avg=5.1ms max=7.7ms over 60 samples, input bufs avail=10, dropped=0
[1787385243845] VD: Decode stats: input=11520, output=11519, dropped=0, availBufs=10
[1787385243851] VD: Output #11520: decoder latency avg=4.8ms max=7.9ms over 60 samples, input bufs avail=10, dropped=0
[1787385244842] VD: Decode stats: input=11580, output=11579, dropped=0, availBufs=10
[1787385244846] VD: Output #11580: decoder latency avg=5.5ms max=9.0ms over 60 samples, input bufs avail=10, dropped=0
[1787385245849] VD: Decode stats: input=11640, output=11639, dropped=0, availBufs=10
[1787385245854] VD: Output #11640: decoder latency avg=5.4ms max=8.8ms over 60 samples, input bufs avail=10, dropped=0
[1787385247135] VD: Decode stats: input=11700, output=11699, dropped=0, availBufs=10
[1787385247141] VD: Output #11700: decoder latency avg=5.4ms max=8.8ms over 60 samples, input bufs avail=10, dropped=0
[1787385248149] VD: Decode stats: input=11760, output=11759, dropped=0, availBufs=10
[1787385248155] VD: Output #11760: decoder latency avg=5.0ms max=8.6ms over 60 samples, input bufs avail=10, dropped=0
[1787385249195] VD: Decode stats: input=11820, output=11819, dropped=0, availBufs=10
[1787385249201] VD: Output #11820: decoder latency avg=5.7ms max=9.4ms over 60 samples, input bufs avail=8, dropped=0
[1787385250195] VD: Decode stats: input=11880, output=11878, dropped=0, availBufs=9
[1787385250201] VD: Output #11880: decoder latency avg=4.5ms max=8.8ms over 60 samples, input bufs avail=8, dropped=0
[1787385251205] VD: Decode stats: input=11940, output=11938, dropped=0, availBufs=9
[1787385251210] VD: Output #11940: decoder latency avg=5.0ms max=9.6ms over 60 samples, input bufs avail=9, dropped=0
[1787385252202] VD: Decode stats: input=12000, output=11998, dropped=0, availBufs=9
[1787385252208] VD: Output #12000: decoder latency avg=5.2ms max=8.0ms over 60 samples, input bufs avail=9, dropped=0
[1787385253199] VD: Decode stats: input=12060, output=12058, dropped=0, availBufs=9
[1787385253205] VD: Output #12060: decoder latency avg=5.3ms max=8.1ms over 60 samples, input bufs avail=9, dropped=0
[1787385254214] VD: Decode stats: input=12120, output=12119, dropped=0, availBufs=10
[1787385254218] VD: Output #12120: decoder latency avg=3.9ms max=7.4ms over 60 samples, input bufs avail=10, dropped=0
[1787385255230] VD: Decode stats: input=12180, output=12179, dropped=0, availBufs=10
[1787385255235] VD: Output #12180: decoder latency avg=5.1ms max=8.6ms over 60 samples, input bufs avail=10, dropped=0
[1787385256265] VD: Decode stats: input=12240, output=12239, dropped=0, availBufs=10
[1787385256268] VD: Output #12240: decoder latency avg=5.4ms max=9.5ms over 60 samples, input bufs avail=10, dropped=0
[1787385257268] VD: Decode stats: input=12300, output=12299, dropped=0, availBufs=10
[1787385257273] VD: Output #12300: decoder latency avg=5.4ms max=8.4ms over 60 samples, input bufs avail=10, dropped=0
[1787385258261] VD: Decode stats: input=12360, output=12359, dropped=0, availBufs=10
[1787385258267] VD: Output #12360: decoder latency avg=5.2ms max=9.2ms over 60 samples, input bufs avail=10, dropped=0
[1787385259266] VD: Decode stats: input=12420, output=12419, dropped=0, availBufs=10
[1787385259270] VD: Output #12420: decoder latency avg=5.2ms max=9.6ms over 60 samples, input bufs avail=10, dropped=0
[1787385260286] VD: Decode stats: input=12480, output=12478, dropped=0, availBufs=9
[1787385260291] VD: Output #12480: decoder latency avg=5.2ms max=8.5ms over 60 samples, input bufs avail=10, dropped=0
[1787385261302] VD: Decode stats: input=12540, output=12539, dropped=0, availBufs=10
[1787385261306] VD: Output #12540: decoder latency avg=5.2ms max=10.5ms over 60 samples, input bufs avail=10, dropped=0
[1787385262298] VD: Decode stats: input=12600, output=12599, dropped=0, availBufs=10
[1787385262303] VD: Output #12600: decoder latency avg=5.6ms max=12.2ms over 60 samples, input bufs avail=10, dropped=0
[1787385263317] VD: Decode stats: input=12660, output=12659, dropped=0, availBufs=10
[1787385263323] VD: Output #12660: decoder latency avg=5.3ms max=9.3ms over 60 samples, input bufs avail=10, dropped=0
[1787385264317] VD: Decode stats: input=12720, output=12719, dropped=0, availBufs=10
[1787385264325] VD: Output #12720: decoder latency avg=5.6ms max=9.3ms over 60 samples, input bufs avail=10, dropped=0
[1787385265315] VD: Decode stats: input=12780, output=12779, dropped=0, availBufs=10
[1787385265323] VD: Output #12780: decoder latency avg=5.7ms max=12.3ms over 60 samples, input bufs avail=10, dropped=0
[1787385266310] VD: Decode stats: input=12840, output=12839, dropped=0, availBufs=10
[1787385266314] VD: Output #12840: decoder latency avg=5.5ms max=10.2ms over 60 samples, input bufs avail=10, dropped=0
[1787385267317] VD: Decode stats: input=12900, output=12899, dropped=0, availBufs=10
[1787385267322] VD: Output #12900: decoder latency avg=5.4ms max=8.6ms over 60 samples, input bufs avail=10, dropped=0
[1787385268318] VD: Decode stats: input=12960, output=12959, dropped=0, availBufs=10
[1787385268322] VD: Output #12960: decoder latency avg=5.1ms max=9.8ms over 60 samples, input bufs avail=10, dropped=0
[1787385269312] VD: Decode stats: input=13020, output=13019, dropped=0, availBufs=10
[1787385269317] VD: Output #13020: decoder latency avg=5.5ms max=10.4ms over 60 samples, input bufs avail=10, dropped=0
[1787385270317] VD: Decode stats: input=13080, output=13079, dropped=0, availBufs=10
[1787385270322] VD: Output #13080: decoder latency avg=5.5ms max=9.7ms over 60 samples, input bufs avail=10, dropped=0
[1787385271319] VD: Decode stats: input=13140, output=13139, dropped=0, availBufs=10
[1787385271324] VD: Output #13140: decoder latency avg=5.3ms max=7.9ms over 60 samples, input bufs avail=10, dropped=0
[1787385272333] VD: Decode stats: input=13200, output=13199, dropped=0, availBufs=10
[1787385272338] VD: Output #13200: decoder latency avg=5.4ms max=7.7ms over 60 samples, input bufs avail=10, dropped=0
[1787385273329] VD: Decode stats: input=13260, output=13259, dropped=0, availBufs=10
[1787385273332] VD: Output #13260: decoder latency avg=5.0ms max=10.0ms over 60 samples, input bufs avail=10, dropped=0
[1787385274364] VD: Decode stats: input=13320, output=13319, dropped=0, availBufs=10
[1787385274368] VD: Output #13320: decoder latency avg=5.0ms max=8.8ms over 60 samples, input bufs avail=10, dropped=0
[1787385275368] VD: Decode stats: input=13380, output=13379, dropped=0, availBufs=10
[1787385275372] VD: Output #13380: decoder latency avg=5.4ms max=8.3ms over 60 samples, input bufs avail=9, dropped=0
[1787385276364] VD: Decode stats: input=13440, output=13439, dropped=0, availBufs=10
[1787385276367] VD: Output #13440: decoder latency avg=4.9ms max=8.7ms over 60 samples, input bufs avail=10, dropped=0
[1787385277365] VD: Decode stats: input=13500, output=13499, dropped=0, availBufs=10
[1787385277371] VD: Output #13500: decoder latency avg=5.1ms max=10.8ms over 60 samples, input bufs avail=10, dropped=0
[1787385278365] VD: Decode stats: input=13560, output=13559, dropped=0, availBufs=10
[1787385278370] VD: Output #13560: decoder latency avg=5.5ms max=9.0ms over 60 samples, input bufs avail=10, dropped=0
[1787385279376] VD: Decode stats: input=13620, output=13619, dropped=0, availBufs=10
[1787385279380] VD: Output #13620: decoder latency avg=5.3ms max=9.5ms over 60 samples, input bufs avail=10, dropped=0
[1787385280417] VD: Decode stats: input=13680, output=13679, dropped=0, availBufs=10
[1787385280421] VD: Output #13680: decoder latency avg=5.3ms max=8.6ms over 60 samples, input bufs avail=10, dropped=0
[1787385281444] VD: Decode stats: input=13740, output=13739, dropped=0, availBufs=10
[1787385281449] VD: Output #13740: decoder latency avg=5.6ms max=9.9ms over 60 samples, input bufs avail=10, dropped=0
[1787385282479] VD: Decode stats: input=13800, output=13798, dropped=0, availBufs=9
[1787385282486] VD: Output #13800: decoder latency avg=5.6ms max=10.7ms over 60 samples, input bufs avail=9, dropped=0
[1787385283469] VD: Decode stats: input=13860, output=13859, dropped=0, availBufs=10
[1787385283478] VD: Output #13860: decoder latency avg=5.4ms max=9.2ms over 60 samples, input bufs avail=9, dropped=0
[1787385284670] VD: Decode stats: input=13920, output=13919, dropped=0, availBufs=10
[1787385284675] VD: Output #13920: decoder latency avg=5.5ms max=10.0ms over 60 samples, input bufs avail=10, dropped=0
[1787385285715] VD: Decode stats: input=13980, output=13979, dropped=0, availBufs=10
[1787385285719] VD: Output #13980: decoder latency avg=5.5ms max=8.4ms over 60 samples, input bufs avail=10, dropped=0
[1787385286734] VD: Decode stats: input=14040, output=14039, dropped=0, availBufs=10
[1787385286738] VD: Output #14040: decoder latency avg=5.4ms max=8.7ms over 60 samples, input bufs avail=10, dropped=0
[1787385287741] VD: Decode stats: input=14100, output=14099, dropped=0, availBufs=10
[1787385287746] VD: Output #14100: decoder latency avg=5.2ms max=9.6ms over 60 samples, input bufs avail=10, dropped=0
[1787385288744] VD: Decode stats: input=14160, output=14159, dropped=0, availBufs=10
[1787385288750] VD: Output #14160: decoder latency avg=5.2ms max=9.7ms over 60 samples, input bufs avail=10, dropped=0
[1787385289778] VD: Decode stats: input=14220, output=14219, dropped=0, availBufs=10
[1787385289786] VD: Output #14220: decoder latency avg=5.6ms max=9.6ms over 60 samples, input bufs avail=10, dropped=0
[1787385290794] VD: Decode stats: input=14280, output=14279, dropped=0, availBufs=10
[1787385290801] VD: Output #14280: decoder latency avg=5.5ms max=10.3ms over 60 samples, input bufs avail=10, dropped=0
[1787385291862] VD: Decode stats: input=14340, output=14339, dropped=0, availBufs=10
[1787385291865] VD: Output #14340: decoder latency avg=5.1ms max=9.6ms over 60 samples, input bufs avail=10, dropped=0
[1787385292884] VD: Decode stats: input=14400, output=14399, dropped=0, availBufs=10
[1787385292889] VD: Output #14400: decoder latency avg=5.4ms max=12.2ms over 60 samples, input bufs avail=10, dropped=0
[1787385293899] VD: Decode stats: input=14460, output=14459, dropped=0, availBufs=10
[1787385293907] VD: Output #14460: decoder latency avg=5.3ms max=8.9ms over 60 samples, input bufs avail=9, dropped=0
[1787385294883] VD: Decode stats: input=14520, output=14519, dropped=0, availBufs=10
[1787385294886] VD: Output #14520: decoder latency avg=5.6ms max=10.1ms over 60 samples, input bufs avail=10, dropped=0
[1787385295918] VD: Decode stats: input=14580, output=14579, dropped=0, availBufs=10
[1787385295923] VD: Output #14580: decoder latency avg=5.5ms max=8.4ms over 60 samples, input bufs avail=10, dropped=0
[1787385296913] VD: Decode stats: input=14640, output=14639, dropped=0, availBufs=10
[1787385296919] VD: Output #14640: decoder latency avg=4.8ms max=9.2ms over 60 samples, input bufs avail=10, dropped=0
[1787385297911] VD: Decode stats: input=14700, output=14699, dropped=0, availBufs=10
[1787385297915] VD: Output #14700: decoder latency avg=5.5ms max=9.3ms over 60 samples, input bufs avail=10, dropped=0
[1787385298912] VD: Decode stats: input=14760, output=14759, dropped=0, availBufs=10
[1787385298918] VD: Output #14760: decoder latency avg=5.3ms max=8.5ms over 60 samples, input bufs avail=10, dropped=0
[1787385299916] VD: Decode stats: input=14820, output=14819, dropped=0, availBufs=10
[1787385299921] VD: Output #14820: decoder latency avg=5.3ms max=9.3ms over 60 samples, input bufs avail=9, dropped=0
[1787385300910] VD: Decode stats: input=14880, output=14879, dropped=0, availBufs=10
[1787385300916] VD: Output #14880: decoder latency avg=5.2ms max=8.5ms over 60 samples, input bufs avail=10, dropped=0
[1787385301911] VD: Decode stats: input=14940, output=14939, dropped=0, availBufs=10
[1787385301915] VD: Output #14940: decoder latency avg=5.1ms max=8.1ms over 60 samples, input bufs avail=10, dropped=0
[1787385302912] VD: Decode stats: input=15000, output=14999, dropped=0, availBufs=10
[1787385302918] VD: Output #15000: decoder latency avg=5.4ms max=8.5ms over 60 samples, input bufs avail=10, dropped=0
[1787385303932] VD: Decode stats: input=15060, output=15059, dropped=0, availBufs=10
[1787385303938] VD: Output #15060: decoder latency avg=5.2ms max=8.8ms over 60 samples, input bufs avail=10, dropped=0
[1787385304977] VD: Decode stats: input=15120, output=15119, dropped=0, availBufs=10
[1787385304980] VD: Output #15120: decoder latency avg=5.3ms max=8.4ms over 60 samples, input bufs avail=10, dropped=0
[1787385305980] VD: Decode stats: input=15180, output=15179, dropped=0, availBufs=10
[1787385305987] VD: Output #15180: decoder latency avg=5.4ms max=11.0ms over 60 samples, input bufs avail=10, dropped=0
[1787385306979] VD: Decode stats: input=15240, output=15239, dropped=0, availBufs=10
[1787385306987] VD: Output #15240: decoder latency avg=4.9ms max=8.1ms over 60 samples, input bufs avail=10, dropped=0
[1787385307978] VD: Decode stats: input=15300, output=15299, dropped=0, availBufs=10
[1787385307982] VD: Output #15300: decoder latency avg=5.3ms max=7.8ms over 60 samples, input bufs avail=10, dropped=0
[1787385308995] VD: Decode stats: input=15360, output=15359, dropped=0, availBufs=10
[1787385309002] VD: Output #15360: decoder latency avg=5.4ms max=8.4ms over 60 samples, input bufs avail=9, dropped=0
[1787385310011] VD: Decode stats: input=15420, output=15419, dropped=0, availBufs=10
[1787385310014] VD: Output #15420: decoder latency avg=5.1ms max=8.8ms over 60 samples, input bufs avail=10, dropped=0
[1787385311012] VD: Decode stats: input=15480, output=15479, dropped=0, availBufs=10
[1787385311018] VD: Output #15480: decoder latency avg=4.7ms max=7.3ms over 60 samples, input bufs avail=10, dropped=0
[1787385312044] VD: Decode stats: input=15540, output=15539, dropped=0, availBufs=10
[1787385312048] VD: Output #15540: decoder latency avg=5.2ms max=10.8ms over 60 samples, input bufs avail=10, dropped=0
[1787385313045] VD: Decode stats: input=15600, output=15599, dropped=0, availBufs=10
[1787385313050] VD: Output #15600: decoder latency avg=5.3ms max=11.6ms over 60 samples, input bufs avail=10, dropped=0
[1787385314047] VD: Decode stats: input=15660, output=15659, dropped=0, availBufs=10
[1787385314055] VD: Output #15660: decoder latency avg=5.2ms max=8.5ms over 60 samples, input bufs avail=10, dropped=0
[1787385315077] VD: Decode stats: input=15720, output=15719, dropped=0, availBufs=10
[1787385315080] VD: Output #15720: decoder latency avg=4.0ms max=8.6ms over 60 samples, input bufs avail=10, dropped=0
[1787385316078] VD: Decode stats: input=15780, output=15779, dropped=0, availBufs=10
[1787385316083] VD: Output #15780: decoder latency avg=4.9ms max=8.5ms over 60 samples, input bufs avail=10, dropped=0
[1787385317078] VD: Decode stats: input=15840, output=15839, dropped=0, availBufs=10
[1787385317081] VD: Output #15840: decoder latency avg=5.5ms max=8.3ms over 60 samples, input bufs avail=10, dropped=0
[1787385318093] VD: Decode stats: input=15900, output=15899, dropped=0, availBufs=10
[1787385318096] VD: Output #15900: decoder latency avg=5.4ms max=9.7ms over 60 samples, input bufs avail=10, dropped=0
[1787385319128] VD: Decode stats: input=15960, output=15959, dropped=0, availBufs=10
[1787385319134] VD: Output #15960: decoder latency avg=5.6ms max=9.9ms over 60 samples, input bufs avail=10, dropped=0
[1787385320147] VD: Decode stats: input=16020, output=16019, dropped=0, availBufs=10
[1787385320152] VD: Output #16020: decoder latency avg=5.4ms max=7.8ms over 60 samples, input bufs avail=10, dropped=0
[1787385321143] VD: Decode stats: input=16080, output=16079, dropped=0, availBufs=10
[1787385321146] VD: Output #16080: decoder latency avg=5.0ms max=8.0ms over 60 samples, input bufs avail=9, dropped=0
[1787385322160] VD: Decode stats: input=16140, output=16139, dropped=0, availBufs=10
[1787385322166] VD: Output #16140: decoder latency avg=5.4ms max=8.6ms over 60 samples, input bufs avail=10, dropped=0
[1787385323162] VD: Decode stats: input=16200, output=16199, dropped=0, availBufs=10
[1787385323167] VD: Output #16200: decoder latency avg=5.3ms max=7.7ms over 60 samples, input bufs avail=10, dropped=0
[1787385324164] VD: Decode stats: input=16260, output=16259, dropped=0, availBufs=10
[1787385324169] VD: Output #16260: decoder latency avg=5.3ms max=7.8ms over 60 samples, input bufs avail=9, dropped=0
[1787385325162] VD: Decode stats: input=16320, output=16319, dropped=0, availBufs=10
[1787385325169] VD: Output #16320: decoder latency avg=5.5ms max=9.8ms over 60 samples, input bufs avail=9, dropped=0
[1787385326161] VD: Decode stats: input=16380, output=16379, dropped=0, availBufs=10
[1787385326166] VD: Output #16380: decoder latency avg=5.6ms max=9.1ms over 60 samples, input bufs avail=9, dropped=0
[1787385327164] VD: Decode stats: input=16440, output=16439, dropped=0, availBufs=10
[1787385327172] VD: Output #16440: decoder latency avg=5.4ms max=8.4ms over 60 samples, input bufs avail=10, dropped=0
[1787385328160] VD: Decode stats: input=16500, output=16499, dropped=0, availBufs=10
[1787385328164] VD: Output #16500: decoder latency avg=5.1ms max=7.7ms over 60 samples, input bufs avail=10, dropped=0
[1787385329245] VD: Decode stats: input=16560, output=16559, dropped=0, availBufs=10
[1787385329250] VD: Output #16560: decoder latency avg=5.5ms max=10.6ms over 60 samples, input bufs avail=10, dropped=0
[1787385330246] VD: Decode stats: input=16620, output=16619, dropped=0, availBufs=10
[1787385330253] VD: Output #16620: decoder latency avg=5.3ms max=9.0ms over 60 samples, input bufs avail=10, dropped=0
[1787385331262] VD: Decode stats: input=16680, output=16679, dropped=0, availBufs=10
[1787385331269] VD: Output #16680: decoder latency avg=5.2ms max=9.4ms over 60 samples, input bufs avail=10, dropped=0
[1787385332310] VD: Decode stats: input=16740, output=16738, dropped=0, availBufs=9
[1787385332316] VD: Output #16740: decoder latency avg=5.7ms max=9.8ms over 60 samples, input bufs avail=9, dropped=0
[1787385333314] VD: Decode stats: input=16800, output=16798, dropped=0, availBufs=9
[1787385333318] VD: Output #16800: decoder latency avg=5.1ms max=7.8ms over 60 samples, input bufs avail=9, dropped=0
[1787385334315] VD: Decode stats: input=16860, output=16858, dropped=0, availBufs=9
[1787385334321] VD: Output #16860: decoder latency avg=4.8ms max=8.5ms over 60 samples, input bufs avail=9, dropped=0
[1787385335314] VD: Decode stats: input=16920, output=16918, dropped=0, availBufs=9
[1787385335321] VD: Output #16920: decoder latency avg=5.3ms max=8.0ms over 60 samples, input bufs avail=9, dropped=0
[1787385336320] VD: Decode stats: input=16980, output=16977, dropped=0, availBufs=8
[1787385336327] VD: Output #16980: decoder latency avg=5.1ms max=8.6ms over 60 samples, input bufs avail=10, dropped=0
[1787385337324] VD: Decode stats: input=17040, output=17038, dropped=0, availBufs=9
[1787385337331] VD: Output #17040: decoder latency avg=5.0ms max=9.7ms over 60 samples, input bufs avail=10, dropped=0
[1787385338320] VD: Decode stats: input=17100, output=17097, dropped=0, availBufs=8
[1787385338327] VD: Output #17100: decoder latency avg=5.6ms max=8.8ms over 60 samples, input bufs avail=10, dropped=0
[1787385339326] VD: Decode stats: input=17160, output=17157, dropped=0, availBufs=8
[1787385339329] VD: Output #17160: decoder latency avg=5.4ms max=8.5ms over 60 samples, input bufs avail=10, dropped=0
[1787385340326] VD: Decode stats: input=17220, output=17219, dropped=0, availBufs=10
[1787385340329] VD: Output #17220: decoder latency avg=5.1ms max=8.5ms over 60 samples, input bufs avail=10, dropped=0
[1787385341328] VD: Decode stats: input=17280, output=17277, dropped=0, availBufs=8
[1787385341334] VD: Output #17280: decoder latency avg=5.1ms max=7.6ms over 60 samples, input bufs avail=10, dropped=0
[1787385342346] VD: Decode stats: input=17340, output=17339, dropped=0, availBufs=10
[1787385342350] VD: Output #17340: decoder latency avg=5.3ms max=9.4ms over 60 samples, input bufs avail=10, dropped=0
[1787385343360] VD: Decode stats: input=17400, output=17399, dropped=0, availBufs=10
[1787385343367] VD: Output #17400: decoder latency avg=5.3ms max=9.4ms over 60 samples, input bufs avail=10, dropped=0
[1787385344359] VD: Decode stats: input=17460, output=17459, dropped=0, availBufs=10
[1787385344362] VD: Output #17460: decoder latency avg=5.2ms max=7.1ms over 60 samples, input bufs avail=10, dropped=0
[1787385345377] VD: Decode stats: input=17520, output=17519, dropped=0, availBufs=10
[1787385345379] VD: Output #17520: decoder latency avg=5.5ms max=10.2ms over 60 samples, input bufs avail=10, dropped=0
[1787385346375] VD: Decode stats: input=17580, output=17579, dropped=0, availBufs=10
[1787385346380] VD: Output #17580: decoder latency avg=5.4ms max=9.2ms over 60 samples, input bufs avail=10, dropped=0
[1787385347377] VD: Decode stats: input=17640, output=17639, dropped=0, availBufs=10
[1787385347381] VD: Output #17640: decoder latency avg=5.0ms max=7.6ms over 60 samples, input bufs avail=10, dropped=0
[1787385348379] VD: Decode stats: input=17700, output=17699, dropped=0, availBufs=10
[1787385348386] VD: Output #17700: decoder latency avg=5.0ms max=7.2ms over 60 samples, input bufs avail=10, dropped=0
[1787385349377] VD: Decode stats: input=17760, output=17759, dropped=0, availBufs=10
[1787385349382] VD: Output #17760: decoder latency avg=5.5ms max=8.9ms over 60 samples, input bufs avail=10, dropped=0
[1787385350377] VD: Decode stats: input=17820, output=17819, dropped=0, availBufs=10
[1787385350380] VD: Output #17820: decoder latency avg=5.3ms max=8.6ms over 60 samples, input bufs avail=10, dropped=0
[1787385351378] VD: Decode stats: input=17880, output=17879, dropped=0, availBufs=10
[1787385351384] VD: Output #17880: decoder latency avg=5.5ms max=9.1ms over 60 samples, input bufs avail=10, dropped=0
[1787385352394] VD: Decode stats: input=17940, output=17939, dropped=0, availBufs=10
[1787385352399] VD: Output #17940: decoder latency avg=5.4ms max=9.2ms over 60 samples, input bufs avail=10, dropped=0
[1787385353409] VD: Decode stats: input=18000, output=17999, dropped=0, availBufs=10
[1787385353415] VD: Output #18000: decoder latency avg=5.1ms max=9.1ms over 60 samples, input bufs avail=10, dropped=0
[1787385354430] VD: Decode stats: input=18060, output=18059, dropped=0, availBufs=10
[1787385354436] VD: Output #18060: decoder latency avg=5.2ms max=8.4ms over 60 samples, input bufs avail=9, dropped=0
[1787385355444] VD: Decode stats: input=18120, output=18119, dropped=0, availBufs=10
[1787385355452] VD: Output #18120: decoder latency avg=5.5ms max=8.7ms over 60 samples, input bufs avail=10, dropped=0
[1787385356476] VD: Decode stats: input=18180, output=18179, dropped=0, availBufs=10
[1787385356483] VD: Output #18180: decoder latency avg=5.3ms max=9.3ms over 60 samples, input bufs avail=9, dropped=0
[1787385357461] VD: Decode stats: input=18240, output=18239, dropped=0, availBufs=10
[1787385357466] VD: Output #18240: decoder latency avg=5.5ms max=11.5ms over 60 samples, input bufs avail=9, dropped=0
[1787385358463] VD: Decode stats: input=18300, output=18299, dropped=0, availBufs=10
[1787385358470] VD: Output #18300: decoder latency avg=5.2ms max=11.8ms over 60 samples, input bufs avail=10, dropped=0
[1787385359463] VD: Decode stats: input=18360, output=18359, dropped=0, availBufs=10
[1787385359468] VD: Output #18360: decoder latency avg=5.3ms max=8.3ms over 60 samples, input bufs avail=10, dropped=0
[1787385360494] VD: Decode stats: input=18420, output=18419, dropped=0, availBufs=10
[1787385360500] VD: Output #18420: decoder latency avg=5.0ms max=9.7ms over 60 samples, input bufs avail=10, dropped=0
[1787385361514] VD: Decode stats: input=18480, output=18479, dropped=0, availBufs=10
[1787385361522] VD: Output #18480: decoder latency avg=5.3ms max=14.4ms over 60 samples, input bufs avail=10, dropped=0
[1787385362544] VD: Decode stats: input=18540, output=18539, dropped=0, availBufs=10
[1787385362550] VD: Output #18540: decoder latency avg=5.6ms max=9.5ms over 60 samples, input bufs avail=10, dropped=0
[1787385363562] VD: Decode stats: input=18600, output=18599, dropped=0, availBufs=10
[1787385363568] VD: Output #18600: decoder latency avg=5.2ms max=10.3ms over 60 samples, input bufs avail=10, dropped=0
[1787385364562] VD: Decode stats: input=18660, output=18659, dropped=0, availBufs=10
[1787385364568] VD: Output #18660: decoder latency avg=5.5ms max=10.4ms over 60 samples, input bufs avail=10, dropped=0
[1787385365561] VD: Decode stats: input=18720, output=18719, dropped=0, availBufs=10
[1787385365564] VD: Output #18720: decoder latency avg=5.3ms max=9.2ms over 60 samples, input bufs avail=10, dropped=0
[1787385366563] VD: Decode stats: input=18780, output=18779, dropped=0, availBufs=10
[1787385366568] VD: Output #18780: decoder latency avg=5.2ms max=11.1ms over 60 samples, input bufs avail=10, dropped=0
[1787385367581] VD: Decode stats: input=18840, output=18839, dropped=0, availBufs=10
[1787385367587] VD: Output #18840: decoder latency avg=5.5ms max=10.7ms over 60 samples, input bufs avail=10, dropped=0
[1787385368576] VD: Decode stats: input=18900, output=18899, dropped=0, availBufs=10
[1787385368580] VD: Output #18900: decoder latency avg=5.3ms max=7.8ms over 60 samples, input bufs avail=10, dropped=0
[1787385369578] VD: Decode stats: input=18960, output=18959, dropped=0, availBufs=10
[1787385369583] VD: Output #18960: decoder latency avg=5.2ms max=9.6ms over 60 samples, input bufs avail=10, dropped=0
[1787385370576] VD: Decode stats: input=19020, output=19019, dropped=0, availBufs=10
[1787385370581] VD: Output #19020: decoder latency avg=5.1ms max=8.6ms over 60 samples, input bufs avail=10, dropped=0
[1787385371575] VD: Decode stats: input=19080, output=19079, dropped=0, availBufs=10
[1787385371580] VD: Output #19080: decoder latency avg=4.9ms max=11.8ms over 60 samples, input bufs avail=10, dropped=0
[1787385372591] VD: Decode stats: input=19140, output=19139, dropped=0, availBufs=10
[1787385372594] VD: Output #19140: decoder latency avg=5.2ms max=8.2ms over 60 samples, input bufs avail=10, dropped=0
[1787385373594] VD: Decode stats: input=19200, output=19199, dropped=0, availBufs=10
[1787385373601] VD: Output #19200: decoder latency avg=5.4ms max=9.2ms over 60 samples, input bufs avail=10, dropped=0
[1787385374593] VD: Decode stats: input=19260, output=19259, dropped=0, availBufs=10
[1787385374598] VD: Output #19260: decoder latency avg=5.3ms max=8.6ms over 60 samples, input bufs avail=10, dropped=0
[1787385375612] VD: Decode stats: input=19320, output=19319, dropped=0, availBufs=10
[1787385375616] VD: Output #19320: decoder latency avg=5.0ms max=8.3ms over 60 samples, input bufs avail=9, dropped=0
[1787385376609] VD: Decode stats: input=19380, output=19379, dropped=0, availBufs=10
[1787385376612] VD: Output #19380: decoder latency avg=3.9ms max=6.9ms over 60 samples, input bufs avail=10, dropped=0
[1787385377612] VD: Decode stats: input=19440, output=19439, dropped=0, availBufs=10
[1787385377619] VD: Output #19440: decoder latency avg=5.3ms max=10.0ms over 60 samples, input bufs avail=10, dropped=0
[1787385378646] VD: Decode stats: input=19500, output=19499, dropped=0, availBufs=10
[1787385378654] VD: Output #19500: decoder latency avg=5.6ms max=9.6ms over 60 samples, input bufs avail=10, dropped=0
[1787385379642] VD: Decode stats: input=19560, output=19559, dropped=0, availBufs=10
[1787385379646] VD: Output #19560: decoder latency avg=5.4ms max=8.7ms over 60 samples, input bufs avail=10, dropped=0
[1787385380661] VD: Decode stats: input=19620, output=19619, dropped=0, availBufs=10
[1787385380668] VD: Output #19620: decoder latency avg=5.2ms max=11.5ms over 60 samples, input bufs avail=10, dropped=0
[1787385381695] VD: Decode stats: input=19680, output=19679, dropped=0, availBufs=10
[1787385381699] VD: Output #19680: decoder latency avg=5.1ms max=11.1ms over 60 samples, input bufs avail=10, dropped=0
[1787385382695] VD: Decode stats: input=19740, output=19739, dropped=0, availBufs=10
[1787385382699] VD: Output #19740: decoder latency avg=4.7ms max=8.8ms over 60 samples, input bufs avail=9, dropped=0
[1787385383694] VD: Decode stats: input=19800, output=19799, dropped=0, availBufs=10
[1787385383699] VD: Output #19800: decoder latency avg=4.0ms max=7.1ms over 60 samples, input bufs avail=10, dropped=0
[1787385384726] VD: Decode stats: input=19860, output=19859, dropped=0, availBufs=10
[1787385384729] VD: Output #19860: decoder latency avg=4.6ms max=8.8ms over 60 samples, input bufs avail=10, dropped=0
[1787385385728] VD: Decode stats: input=19920, output=19919, dropped=0, availBufs=10
[1787385385733] VD: Output #19920: decoder latency avg=5.5ms max=11.2ms over 60 samples, input bufs avail=10, dropped=0
[1787385386781] VD: Decode stats: input=19980, output=19979, dropped=0, availBufs=10
[1787385386789] VD: Output #19980: decoder latency avg=5.5ms max=8.5ms over 60 samples, input bufs avail=10, dropped=0
[1787385387776] VD: Decode stats: input=20040, output=20039, dropped=0, availBufs=10
[1787385387780] VD: Output #20040: decoder latency avg=5.4ms max=7.6ms over 60 samples, input bufs avail=10, dropped=0
[1787385388781] VD: Decode stats: input=20100, output=20099, dropped=0, availBufs=10
[1787385388787] VD: Output #20100: decoder latency avg=4.9ms max=8.8ms over 60 samples, input bufs avail=10, dropped=0
[1787385389777] VD: Decode stats: input=20160, output=20159, dropped=0, availBufs=10
[1787385389783] VD: Output #20160: decoder latency avg=5.4ms max=7.7ms over 60 samples, input bufs avail=10, dropped=0
[1787385390812] VD: Decode stats: input=20220, output=20219, dropped=0, availBufs=10
[1787385390817] VD: Output #20220: decoder latency avg=5.5ms max=9.2ms over 60 samples, input bufs avail=10, dropped=0
[1787385391828] VD: Decode stats: input=20280, output=20279, dropped=0, availBufs=10
[1787385391833] VD: Output #20280: decoder latency avg=5.6ms max=9.7ms over 60 samples, input bufs avail=10, dropped=0
[1787385392828] VD: Decode stats: input=20340, output=20339, dropped=0, availBufs=10
[1787385392832] VD: Output #20340: decoder latency avg=5.3ms max=8.5ms over 60 samples, input bufs avail=10, dropped=0
[1787385393829] VD: Decode stats: input=20400, output=20399, dropped=0, availBufs=10
[1787385393832] VD: Output #20400: decoder latency avg=5.3ms max=8.8ms over 60 samples, input bufs avail=10, dropped=0
[1787385394826] VD: Decode stats: input=20460, output=20459, dropped=0, availBufs=10
[1787385394831] VD: Output #20460: decoder latency avg=5.3ms max=9.4ms over 60 samples, input bufs avail=10, dropped=0
[1787385395827] VD: Decode stats: input=20520, output=20519, dropped=0, availBufs=10
[1787385395832] VD: Output #20520: decoder latency avg=5.2ms max=9.7ms over 60 samples, input bufs avail=10, dropped=0
[1787385396827] VD: Decode stats: input=20580, output=20579, dropped=0, availBufs=10
[1787385396833] VD: Output #20580: decoder latency avg=5.0ms max=9.0ms over 60 samples, input bufs avail=9, dropped=0
[1787385397824] VD: Decode stats: input=20640, output=20639, dropped=0, availBufs=10
[1787385397827] VD: Output #20640: decoder latency avg=4.9ms max=8.4ms over 60 samples, input bufs avail=10, dropped=0
[1787385398829] VD: Decode stats: input=20700, output=20699, dropped=0, availBufs=10
[1787385398834] VD: Output #20700: decoder latency avg=5.3ms max=8.8ms over 60 samples, input bufs avail=10, dropped=0
[1787385399828] VD: Decode stats: input=20760, output=20759, dropped=0, availBufs=10
[1787385399834] VD: Output #20760: decoder latency avg=5.4ms max=8.0ms over 60 samples, input bufs avail=10, dropped=0
[1787385400826] VD: Decode stats: input=20820, output=20819, dropped=0, availBufs=10
[1787385400831] VD: Output #20820: decoder latency avg=5.4ms max=9.0ms over 60 samples, input bufs avail=10, dropped=0
[1787385401827] VD: Decode stats: input=20880, output=20879, dropped=0, availBufs=10
[1787385401831] VD: Output #20880: decoder latency avg=5.1ms max=8.2ms over 60 samples, input bufs avail=9, dropped=0
[1787385402842] VD: Decode stats: input=20940, output=20939, dropped=0, availBufs=10
[1787385402846] VD: Output #20940: decoder latency avg=5.1ms max=9.9ms over 60 samples, input bufs avail=10, dropped=0
[1787385403843] VD: Decode stats: input=21000, output=20999, dropped=0, availBufs=10
[1787385403848] VD: Output #21000: decoder latency avg=5.2ms max=7.4ms over 60 samples, input bufs avail=10, dropped=0
[1787385404845] VD: Decode stats: input=21060, output=21059, dropped=0, availBufs=10
[1787385404852] VD: Output #21060: decoder latency avg=5.3ms max=9.4ms over 60 samples, input bufs avail=10, dropped=0
[1787385405858] VD: Decode stats: input=21120, output=21119, dropped=0, availBufs=10
[1787385405863] VD: Output #21120: decoder latency avg=5.4ms max=9.5ms over 60 samples, input bufs avail=10, dropped=0
[1787385406860] VD: Decode stats: input=21180, output=21179, dropped=0, availBufs=10
[1787385406864] VD: Output #21180: decoder latency avg=5.3ms max=8.8ms over 60 samples, input bufs avail=10, dropped=0
[1787385407877] VD: Decode stats: input=21240, output=21239, dropped=0, availBufs=10
[1787385407883] VD: Output #21240: decoder latency avg=5.2ms max=9.1ms over 60 samples, input bufs avail=10, dropped=0
[1787385408878] VD: Decode stats: input=21300, output=21299, dropped=0, availBufs=10
[1787385408884] VD: Output #21300: decoder latency avg=5.1ms max=9.4ms over 60 samples, input bufs avail=10, dropped=0
[1787385409894] VD: Decode stats: input=21360, output=21359, dropped=0, availBufs=10
[1787385409899] VD: Output #21360: decoder latency avg=5.0ms max=9.2ms over 60 samples, input bufs avail=10, dropped=0
[1787385410908] VD: Decode stats: input=21420, output=21419, dropped=0, availBufs=10
[1787385410913] VD: Output #21420: decoder latency avg=5.6ms max=12.1ms over 60 samples, input bufs avail=10, dropped=0
[1787385411943] VD: Decode stats: input=21480, output=21479, dropped=0, availBufs=10
[1787385411950] VD: Output #21480: decoder latency avg=5.6ms max=9.8ms over 60 samples, input bufs avail=10, dropped=0
[1787385412943] VD: Decode stats: input=21540, output=21539, dropped=0, availBufs=10
[1787385412946] VD: Output #21540: decoder latency avg=5.2ms max=8.7ms over 60 samples, input bufs avail=10, dropped=0
[1787385413980] VD: Decode stats: input=21600, output=21599, dropped=0, availBufs=10
[1787385413987] VD: Output #21600: decoder latency avg=5.1ms max=7.6ms over 60 samples, input bufs avail=10, dropped=0
[1787385414995] VD: Decode stats: input=21660, output=21659, dropped=0, availBufs=10
[1787385415002] VD: Output #21660: decoder latency avg=5.5ms max=8.0ms over 60 samples, input bufs avail=10, dropped=0
[1787385416064] VD: Decode stats: input=21720, output=21719, dropped=0, availBufs=10
[1787385416071] VD: Output #21720: decoder latency avg=5.2ms max=11.2ms over 60 samples, input bufs avail=10, dropped=0
[1787385417095] VD: Decode stats: input=21780, output=21779, dropped=0, availBufs=10
[1787385417101] VD: Output #21780: decoder latency avg=5.5ms max=10.0ms over 60 samples, input bufs avail=10, dropped=0
[1787387468920] MA: device health battery=100 charging=true saver=false thermal=nominal
[1787387468921] MA: lifecycle foreground connected=false
[1787387468966] MA: surfaceCreated
[1787387468967] MA: surfaceChanged: 1264x2800
[1787387469187] SC: Protocol v1 upgrade accepted
[1787387469187] SC: Connected to 127.0.0.1:54321
[1787387469195] MA: onHostActionsAvailable: move-window, return-windows
[1787387469197] MA: onDisplaysAvailable: count=3 selected=1 negotiated=[CAPABILITY_TOUCH, CAPABILITY_KEYBOARD, CAPABILITY_POINTER, CAPABILITY_STYLUS, CAPABILITY_MULTI_DISPLAY, CAPABILITY_HOST_ACTIONS, CAPABILITY_CLIENT_VIDEO_CONTROL, CAPABILITY_STYLUS_EXTENDED] displays=1:Built-in Retina Display:1512x982:primary=true, 2:DELL U2723QE:1920x1080:primary=false, telemachus-virtual-extended:Vibe Screen Virtual (扩展屏):2000x1200:primary=false
[1787387469198] MA: session binding promoted: displaySelection=true keyboard=true nativePointer=true controller=false hostActions=true clipboard=false
[1787387469239] MA: onVideoConfiguration: 1512x982 @ 0° epoch=1
[1787387469239] MA: Video config arrived, initializing decoder 1512x982
[1787387469239] MA: initializeDecoder called, surface=Surface(name=null mNativeObject=-5476376613998243824)/@0x48d78ec, valid=true, encoded=1512x982
[1787387469243] VD: setupDecoder: 1512x982, decoder=c2.qti.hevc.decoder
[1787387469277] VD: Configured with full low-latency
[1787387469278] VD: Surface frame rate requested: 60.000004Hz fixed-source
[1787387469299] VD: Decoder started: 1512x982 @ 60.000004Hz, surface=Surface(name=null mNativeObject=-5476376613998243824)/@0x48d78ec, valid=true
[1787387469301] MA: Decoder configuration committed 1512x982 epoch=1
[1787387469304] MA: onDisplayGeometry: 1512x982 @ 0°
[1787387469317] VD: First frame: size=32033, header=[00 00 00 01 40 01 0c 01 ff ff 01 60 00 00 03 00], keyframe=true, surface=Surface(name=null mNativeObject=-5476376613998243824)/@0x48d78ec, valid=true
[1787387469329] MA: surfaceChanged: 1264x820
[1787387469336] VD: Output format changed: {crop-right=1511, max-height=4320, sar-width=1, color-format=2130708361, mime=video/raw, hdr-static-info=java.nio.HeapByteBuffer[pos=0 lim=25 cap=25], priority=0, color-standard=1, feature-secure-playback=0, color-transfer=3, sar-height=1, hdr10-plus-info=java.nio.HeapByteBuffer[pos=0 lim=0 cap=0], crop-bottom=981, max-width=8192, crop-left=0, width=1520, color-range=1, crop-top=0, rotation-degrees=0, frame-rate=1, height=992}
[1787387469341] MA: surfaceChanged: 1264x820
[1787387469341] VD: First output frame! size=1, flags=1
[1787387469341] MA: surfaceChanged: 1946x1264
[1787387470251] VD: Decode stats: input=60, output=59, dropped=0, availBufs=10
[1787387470255] VD: Output #60: decoder latency avg=5.0ms max=26.4ms over 60 samples, input bufs avail=10, dropped=0
[1787387471248] VD: Decode stats: input=120, output=119, dropped=0, availBufs=10
[1787387471255] VD: Output #120: decoder latency avg=5.4ms max=9.0ms over 60 samples, input bufs avail=10, dropped=0
[1787387472251] VD: Decode stats: input=180, output=179, dropped=0, availBufs=10
[1787387472259] VD: Output #180: decoder latency avg=5.8ms max=9.5ms over 60 samples, input bufs avail=10, dropped=0
[1787387473251] VD: Decode stats: input=240, output=239, dropped=0, availBufs=10
[1787387473258] VD: Output #240: decoder latency avg=6.0ms max=11.1ms over 60 samples, input bufs avail=10, dropped=0
[1787387474248] VD: Decode stats: input=300, output=299, dropped=0, availBufs=10
[1787387474252] VD: Output #300: decoder latency avg=5.9ms max=9.2ms over 60 samples, input bufs avail=9, dropped=0
[1787387475255] VD: Decode stats: input=360, output=359, dropped=0, availBufs=10
[1787387475258] VD: Output #360: decoder latency avg=6.2ms max=9.8ms over 60 samples, input bufs avail=10, dropped=0
[1787387476250] VD: Decode stats: input=420, output=419, dropped=0, availBufs=10
[1787387476259] VD: Output #420: decoder latency avg=5.8ms max=9.4ms over 60 samples, input bufs avail=10, dropped=0
[1787387477251] VD: Decode stats: input=480, output=479, dropped=0, availBufs=10
[1787387477257] VD: Output #480: decoder latency avg=6.1ms max=11.0ms over 60 samples, input bufs avail=9, dropped=0
[1787387478250] VD: Decode stats: input=540, output=539, dropped=0, availBufs=10
[1787387478256] VD: Output #540: decoder latency avg=5.5ms max=10.5ms over 60 samples, input bufs avail=10, dropped=0
[1787387479246] VD: Decode stats: input=600, output=599, dropped=0, availBufs=10
[1787387479250] VD: Output #600: decoder latency avg=6.0ms max=12.2ms over 60 samples, input bufs avail=10, dropped=0
[1787387480250] VD: Decode stats: input=660, output=659, dropped=0, availBufs=10
[1787387480256] VD: Output #660: decoder latency avg=6.1ms max=10.4ms over 60 samples, input bufs avail=10, dropped=0
[1787387481249] VD: Decode stats: input=720, output=719, dropped=0, availBufs=10
[1787387481257] VD: Output #720: decoder latency avg=6.3ms max=9.9ms over 60 samples, input bufs avail=10, dropped=0
[1787387482250] VD: Decode stats: input=780, output=779, dropped=0, availBufs=10
[1787387482258] VD: Output #780: decoder latency avg=6.3ms max=10.4ms over 60 samples, input bufs avail=10, dropped=0
[1787387483246] VD: Decode stats: input=840, output=839, dropped=0, availBufs=10
[1787387483252] VD: Output #840: decoder latency avg=6.1ms max=9.7ms over 60 samples, input bufs avail=10, dropped=0
[1787387484248] VD: Decode stats: input=900, output=899, dropped=0, availBufs=10
[1787387484255] VD: Output #900: decoder latency avg=5.8ms max=10.7ms over 60 samples, input bufs avail=10, dropped=0
[1787387485250] VD: Decode stats: input=960, output=959, dropped=0, availBufs=10
[1787387485255] VD: Output #960: decoder latency avg=6.0ms max=9.7ms over 60 samples, input bufs avail=9, dropped=0
[1787387486266] VD: Decode stats: input=1020, output=1019, dropped=0, availBufs=10
[1787387486274] VD: Output #1020: decoder latency avg=6.0ms max=10.8ms over 60 samples, input bufs avail=10, dropped=0
[1787387487267] VD: Decode stats: input=1080, output=1079, dropped=0, availBufs=10
[1787387487272] VD: Output #1080: decoder latency avg=6.4ms max=15.7ms over 60 samples, input bufs avail=10, dropped=0
[1787387488270] VD: Decode stats: input=1140, output=1139, dropped=0, availBufs=10
[1787387488275] VD: Output #1140: decoder latency avg=6.2ms max=12.2ms over 60 samples, input bufs avail=10, dropped=0
[1787387489265] VD: Decode stats: input=1200, output=1199, dropped=0, availBufs=10
[1787387489269] VD: Output #1200: decoder latency avg=5.2ms max=11.2ms over 60 samples, input bufs avail=10, dropped=0
[1787387490267] VD: Decode stats: input=1260, output=1259, dropped=0, availBufs=10
[1787387490274] VD: Output #1260: decoder latency avg=4.7ms max=8.8ms over 60 samples, input bufs avail=9, dropped=0
[1787387491268] VD: Decode stats: input=1320, output=1319, dropped=0, availBufs=10
[1787387491272] VD: Output #1320: decoder latency avg=5.7ms max=10.4ms over 60 samples, input bufs avail=10, dropped=0
[1787387492265] VD: Decode stats: input=1380, output=1379, dropped=0, availBufs=10
[1787387492270] VD: Output #1380: decoder latency avg=5.9ms max=13.2ms over 60 samples, input bufs avail=9, dropped=0
[1787387493265] VD: Decode stats: input=1440, output=1439, dropped=0, availBufs=10
[1787387493271] VD: Output #1440: decoder latency avg=5.3ms max=9.9ms over 60 samples, input bufs avail=10, dropped=0
[1787387494265] VD: Decode stats: input=1500, output=1499, dropped=0, availBufs=10
[1787387494272] VD: Output #1500: decoder latency avg=5.1ms max=7.1ms over 60 samples, input bufs avail=10, dropped=0
[1787387495266] VD: Decode stats: input=1560, output=1559, dropped=0, availBufs=10
[1787387495272] VD: Output #1560: decoder latency avg=6.1ms max=10.0ms over 60 samples, input bufs avail=10, dropped=0
[1787387496266] VD: Decode stats: input=1620, output=1619, dropped=0, availBufs=10
[1787387496273] VD: Output #1620: decoder latency avg=6.2ms max=13.0ms over 60 samples, input bufs avail=10, dropped=0
[1787387497264] VD: Decode stats: input=1680, output=1679, dropped=0, availBufs=10
[1787387497267] VD: Output #1680: decoder latency avg=6.2ms max=19.8ms over 60 samples, input bufs avail=10, dropped=0
[1787387498264] VD: Decode stats: input=1740, output=1739, dropped=0, availBufs=10
[1787387498270] VD: Output #1740: decoder latency avg=5.4ms max=8.1ms over 60 samples, input bufs avail=10, dropped=0
[1787387499265] VD: Decode stats: input=1800, output=1799, dropped=0, availBufs=10
[1787387499270] VD: Output #1800: decoder latency avg=5.6ms max=8.4ms over 60 samples, input bufs avail=10, dropped=0
[1787387500267] VD: Decode stats: input=1860, output=1859, dropped=0, availBufs=10
[1787387500275] VD: Output #1860: decoder latency avg=5.5ms max=13.5ms over 60 samples, input bufs avail=10, dropped=0
[1787387501265] VD: Decode stats: input=1920, output=1919, dropped=0, availBufs=10
[1787387501271] VD: Output #1920: decoder latency avg=6.0ms max=9.8ms over 60 samples, input bufs avail=10, dropped=0
[1787387502270] VD: Decode stats: input=1980, output=1979, dropped=0, availBufs=10
[1787387502277] VD: Output #1980: decoder latency avg=6.3ms max=11.4ms over 60 samples, input bufs avail=10, dropped=0
[1787387503264] VD: Decode stats: input=2040, output=2039, dropped=0, availBufs=10
[1787387503272] VD: Output #2040: decoder latency avg=6.2ms max=11.3ms over 60 samples, input bufs avail=10, dropped=0
[1787387504264] VD: Decode stats: input=2100, output=2099, dropped=0, availBufs=10
[1787387504269] VD: Output #2100: decoder latency avg=5.9ms max=11.9ms over 60 samples, input bufs avail=10, dropped=0
[1787387505265] VD: Decode stats: input=2160, output=2159, dropped=0, availBufs=10
[1787387505272] VD: Output #2160: decoder latency avg=5.6ms max=8.7ms over 60 samples, input bufs avail=10, dropped=0
[1787387506266] VD: Decode stats: input=2220, output=2219, dropped=0, availBufs=10
[1787387506273] VD: Output #2220: decoder latency avg=6.4ms max=10.0ms over 60 samples, input bufs avail=10, dropped=0
[1787387507266] VD: Decode stats: input=2280, output=2279, dropped=0, availBufs=10
[1787387507273] VD: Output #2280: decoder latency avg=6.6ms max=13.8ms over 60 samples, input bufs avail=10, dropped=0
[1787387508268] VD: Decode stats: input=2340, output=2339, dropped=0, availBufs=10
[1787387508276] VD: Output #2340: decoder latency avg=6.3ms max=12.5ms over 60 samples, input bufs avail=10, dropped=0
[1787387509274] VD: Decode stats: input=2400, output=2398, dropped=0, availBufs=9
[1787387509281] VD: Output #2400: decoder latency avg=6.2ms max=14.2ms over 60 samples, input bufs avail=9, dropped=0
[1787387510267] VD: Decode stats: input=2460, output=2459, dropped=0, availBufs=10
[1787387510276] VD: Output #2460: decoder latency avg=6.3ms max=10.4ms over 60 samples, input bufs avail=10, dropped=0
[1787387511265] VD: Decode stats: input=2520, output=2519, dropped=0, availBufs=10
[1787387511271] VD: Output #2520: decoder latency avg=6.6ms max=10.3ms over 60 samples, input bufs avail=10, dropped=0
[1787387512270] VD: Decode stats: input=2580, output=2579, dropped=0, availBufs=10
[1787387512276] VD: Output #2580: decoder latency avg=6.2ms max=12.8ms over 60 samples, input bufs avail=10, dropped=0
[1787387513265] VD: Decode stats: input=2640, output=2639, dropped=0, availBufs=10
[1787387513270] VD: Output #2640: decoder latency avg=6.6ms max=17.4ms over 60 samples, input bufs avail=10, dropped=0
[1787387514266] VD: Decode stats: input=2700, output=2699, dropped=0, availBufs=10
[1787387514271] VD: Output #2700: decoder latency avg=6.0ms max=10.1ms over 60 samples, input bufs avail=10, dropped=0
[1787387515264] VD: Decode stats: input=2760, output=2759, dropped=0, availBufs=10
[1787387515270] VD: Output #2760: decoder latency avg=6.3ms max=12.1ms over 60 samples, input bufs avail=9, dropped=0
[1787387516264] VD: Decode stats: input=2820, output=2819, dropped=0, availBufs=10
[1787387516271] VD: Output #2820: decoder latency avg=6.2ms max=10.1ms over 60 samples, input bufs avail=10, dropped=0
[1787387517266] VD: Decode stats: input=2880, output=2879, dropped=0, availBufs=10
[1787387517275] VD: Output #2880: decoder latency avg=6.1ms max=10.4ms over 60 samples, input bufs avail=10, dropped=0
[1787387518266] VD: Decode stats: input=2940, output=2939, dropped=0, availBufs=10
[1787387518275] VD: Output #2940: decoder latency avg=5.9ms max=9.6ms over 60 samples, input bufs avail=10, dropped=0
[1787387519266] VD: Decode stats: input=3000, output=2999, dropped=0, availBufs=10
[1787387519274] VD: Output #3000: decoder latency avg=5.4ms max=8.2ms over 60 samples, input bufs avail=10, dropped=0
[1787387520265] VD: Decode stats: input=3060, output=3059, dropped=0, availBufs=10
[1787387520269] VD: Output #3060: decoder latency avg=4.7ms max=7.1ms over 60 samples, input bufs avail=10, dropped=0
[1787387521266] VD: Decode stats: input=3120, output=3119, dropped=0, availBufs=10
[1787387521273] VD: Output #3120: decoder latency avg=5.6ms max=10.0ms over 60 samples, input bufs avail=10, dropped=0
[1787387522268] VD: Decode stats: input=3180, output=3179, dropped=0, availBufs=10
[1787387522274] VD: Output #3180: decoder latency avg=6.5ms max=10.7ms over 60 samples, input bufs avail=10, dropped=0
[1787387523266] VD: Decode stats: input=3240, output=3239, dropped=0, availBufs=10
[1787387523270] VD: Output #3240: decoder latency avg=6.4ms max=10.6ms over 60 samples, input bufs avail=10, dropped=0
[1787387524297] VD: Decode stats: input=3300, output=3299, dropped=0, availBufs=10
[1787387524302] VD: Output #3300: decoder latency avg=5.7ms max=9.3ms over 60 samples, input bufs avail=10, dropped=0
[1787387525332] VD: Decode stats: input=3360, output=3359, dropped=0, availBufs=10
[1787387525335] VD: Output #3360: decoder latency avg=6.1ms max=11.4ms over 60 samples, input bufs avail=10, dropped=0
[1787387526334] VD: Decode stats: input=3420, output=3419, dropped=0, availBufs=10
[1787387526340] VD: Output #3420: decoder latency avg=5.6ms max=9.6ms over 60 samples, input bufs avail=10, dropped=0
[1787387527334] VD: Decode stats: input=3480, output=3479, dropped=0, availBufs=10
[1787387527342] VD: Output #3480: decoder latency avg=6.1ms max=11.9ms over 60 samples, input bufs avail=10, dropped=0
[1787387528332] VD: Decode stats: input=3540, output=3539, dropped=0, availBufs=10
[1787387528340] VD: Output #3540: decoder latency avg=5.9ms max=11.8ms over 60 samples, input bufs avail=10, dropped=0
[1787387529331] VD: Decode stats: input=3600, output=3599, dropped=0, availBufs=10
[1787387529336] VD: Output #3600: decoder latency avg=5.5ms max=8.4ms over 60 samples, input bufs avail=10, dropped=0
[1787387530332] VD: Decode stats: input=3660, output=3659, dropped=0, availBufs=10
[1787387530338] VD: Output #3660: decoder latency avg=5.9ms max=8.9ms over 60 samples, input bufs avail=10, dropped=0
[1787387531331] VD: Decode stats: input=3720, output=3719, dropped=0, availBufs=10
[1787387531337] VD: Output #3720: decoder latency avg=5.7ms max=8.7ms over 60 samples, input bufs avail=10, dropped=0
[1787387532334] VD: Decode stats: input=3780, output=3779, dropped=0, availBufs=10
[1787387532348] VD: Output #3780: decoder latency avg=5.9ms max=13.7ms over 60 samples, input bufs avail=10, dropped=0
[1787387533333] VD: Decode stats: input=3840, output=3839, dropped=0, availBufs=10
[1787387533337] VD: Output #3840: decoder latency avg=5.9ms max=13.2ms over 60 samples, input bufs avail=10, dropped=0
[1787387534332] VD: Decode stats: input=3900, output=3899, dropped=0, availBufs=10
[1787387534335] VD: Output #3900: decoder latency avg=6.1ms max=11.3ms over 60 samples, input bufs avail=10, dropped=0
[1787387535331] VD: Decode stats: input=3960, output=3959, dropped=0, availBufs=10
[1787387535336] VD: Output #3960: decoder latency avg=5.9ms max=12.4ms over 60 samples, input bufs avail=10, dropped=0
[1787387536332] VD: Decode stats: input=4020, output=4019, dropped=0, availBufs=10
[1787387536339] VD: Output #4020: decoder latency avg=6.4ms max=11.8ms over 60 samples, input bufs avail=9, dropped=0
[1787387537333] VD: Decode stats: input=4080, output=4079, dropped=0, availBufs=10
[1787387537339] VD: Output #4080: decoder latency avg=6.9ms max=12.4ms over 60 samples, input bufs avail=10, dropped=0
[1787387538332] VD: Decode stats: input=4140, output=4139, dropped=0, availBufs=10
[1787387538337] VD: Output #4140: decoder latency avg=6.5ms max=10.7ms over 60 samples, input bufs avail=10, dropped=0
[1787387539332] VD: Decode stats: input=4200, output=4199, dropped=0, availBufs=10
[1787387539340] VD: Output #4200: decoder latency avg=6.5ms max=12.0ms over 60 samples, input bufs avail=10, dropped=0
[1787387540331] VD: Decode stats: input=4260, output=4259, dropped=0, availBufs=10
[1787387540337] VD: Output #4260: decoder latency avg=6.8ms max=9.5ms over 60 samples, input bufs avail=9, dropped=0
[1787387541333] VD: Decode stats: input=4320, output=4319, dropped=0, availBufs=10
[1787387541340] VD: Output #4320: decoder latency avg=6.7ms max=11.8ms over 60 samples, input bufs avail=10, dropped=0
[1787387542334] VD: Decode stats: input=4380, output=4379, dropped=0, availBufs=10
[1787387542341] VD: Output #4380: decoder latency avg=6.4ms max=9.1ms over 60 samples, input bufs avail=10, dropped=0
[1787387543337] VD: Decode stats: input=4440, output=4439, dropped=0, availBufs=10
[1787387543344] VD: Output #4440: decoder latency avg=6.3ms max=11.0ms over 60 samples, input bufs avail=10, dropped=0
[1787387544335] VD: Decode stats: input=4500, output=4499, dropped=0, availBufs=10
[1787387544341] VD: Output #4500: decoder latency avg=6.1ms max=9.2ms over 60 samples, input bufs avail=10, dropped=0
[1787387545331] VD: Decode stats: input=4560, output=4559, dropped=0, availBufs=10
[1787387545337] VD: Output #4560: decoder latency avg=6.0ms max=14.4ms over 60 samples, input bufs avail=9, dropped=0
[1787387546331] VD: Decode stats: input=4620, output=4619, dropped=0, availBufs=10
[1787387546335] VD: Output #4620: decoder latency avg=6.0ms max=14.8ms over 60 samples, input bufs avail=10, dropped=0
[1787387547332] VD: Decode stats: input=4680, output=4679, dropped=0, availBufs=10
[1787387547336] VD: Output #4680: decoder latency avg=5.9ms max=11.5ms over 60 samples, input bufs avail=10, dropped=0
[1787387548333] VD: Decode stats: input=4740, output=4739, dropped=0, availBufs=10
[1787387548345] VD: Output #4740: decoder latency avg=6.3ms max=13.4ms over 60 samples, input bufs avail=10, dropped=0
[1787387549334] VD: Decode stats: input=4800, output=4799, dropped=0, availBufs=10
[1787387549341] VD: Output #4800: decoder latency avg=6.1ms max=17.5ms over 60 samples, input bufs avail=10, dropped=0
[1787387550333] VD: Decode stats: input=4860, output=4859, dropped=0, availBufs=10
[1787387550340] VD: Output #4860: decoder latency avg=6.0ms max=12.9ms over 60 samples, input bufs avail=10, dropped=0
[1787387551332] VD: Decode stats: input=4920, output=4919, dropped=0, availBufs=10
[1787387551338] VD: Output #4920: decoder latency avg=5.7ms max=8.1ms over 60 samples, input bufs avail=10, dropped=0
[1787387552332] VD: Decode stats: input=4980, output=4979, dropped=0, availBufs=10
[1787387552338] VD: Output #4980: decoder latency avg=5.6ms max=8.3ms over 60 samples, input bufs avail=10, dropped=0
[1787387553331] VD: Decode stats: input=5040, output=5039, dropped=0, availBufs=10
[1787387553337] VD: Output #5040: decoder latency avg=6.2ms max=14.5ms over 60 samples, input bufs avail=10, dropped=0
[1787387554332] VD: Decode stats: input=5100, output=5099, dropped=0, availBufs=10
[1787387554335] VD: Output #5100: decoder latency avg=5.1ms max=10.8ms over 60 samples, input bufs avail=10, dropped=0
[1787387555332] VD: Decode stats: input=5160, output=5159, dropped=0, availBufs=10
[1787387555336] VD: Output #5160: decoder latency avg=6.4ms max=13.9ms over 60 samples, input bufs avail=10, dropped=0
[1787387556331] VD: Decode stats: input=5220, output=5219, dropped=0, availBufs=10
[1787387556335] VD: Output #5220: decoder latency avg=6.4ms max=11.8ms over 60 samples, input bufs avail=10, dropped=0
[1787387557382] VD: Decode stats: input=5280, output=5279, dropped=0, availBufs=10
[1787387557390] VD: Output #5280: decoder latency avg=6.9ms max=12.9ms over 60 samples, input bufs avail=10, dropped=0
[1787387558386] VD: Decode stats: input=5340, output=5339, dropped=0, availBufs=10
[1787387558392] VD: Output #5340: decoder latency avg=7.0ms max=11.5ms over 60 samples, input bufs avail=10, dropped=0
[1787387559383] VD: Decode stats: input=5400, output=5399, dropped=0, availBufs=10
[1787387559390] VD: Output #5400: decoder latency avg=6.6ms max=11.2ms over 60 samples, input bufs avail=10, dropped=0
[1787387560383] VD: Decode stats: input=5460, output=5459, dropped=0, availBufs=10
[1787387560390] VD: Output #5460: decoder latency avg=6.7ms max=15.7ms over 60 samples, input bufs avail=9, dropped=0
[1787387561382] VD: Decode stats: input=5520, output=5519, dropped=0, availBufs=10
[1787387561391] VD: Output #5520: decoder latency avg=6.7ms max=12.8ms over 60 samples, input bufs avail=10, dropped=0
[1787387562384] VD: Decode stats: input=5580, output=5579, dropped=0, availBufs=10
[1787387562394] VD: Output #5580: decoder latency avg=6.5ms max=10.5ms over 60 samples, input bufs avail=10, dropped=0
[1787387563388] VD: Decode stats: input=5640, output=5639, dropped=0, availBufs=10
[1787387563392] VD: Output #5640: decoder latency avg=6.3ms max=9.9ms over 60 samples, input bufs avail=10, dropped=0
[1787387564631] VD: Decode stats: input=5700, output=5699, dropped=0, availBufs=10
[1787387564635] VD: Output #5700: decoder latency avg=6.0ms max=15.1ms over 60 samples, input bufs avail=9, dropped=0
[1787387565632] VD: Decode stats: input=5760, output=5759, dropped=0, availBufs=10
[1787387565637] VD: Output #5760: decoder latency avg=5.7ms max=8.6ms over 60 samples, input bufs avail=10, dropped=0
[1787387566632] VD: Decode stats: input=5820, output=5819, dropped=0, availBufs=10
[1787387566639] VD: Output #5820: decoder latency avg=6.2ms max=9.9ms over 60 samples, input bufs avail=10, dropped=0
[1787387567651] VD: Decode stats: input=5880, output=5879, dropped=0, availBufs=10
[1787387567658] VD: Output #5880: decoder latency avg=6.4ms max=12.1ms over 60 samples, input bufs avail=9, dropped=0
[1787387568648] VD: Decode stats: input=5940, output=5939, dropped=0, availBufs=10
[1787387568652] VD: Output #5940: decoder latency avg=6.3ms max=10.3ms over 60 samples, input bufs avail=10, dropped=0
[1787387569668] VD: Decode stats: input=6000, output=5999, dropped=0, availBufs=10
[1787387569678] VD: Output #6000: decoder latency avg=6.3ms max=10.2ms over 60 samples, input bufs avail=10, dropped=0
[1787387570667] VD: Decode stats: input=6060, output=6059, dropped=0, availBufs=10
[1787387570673] VD: Output #6060: decoder latency avg=5.7ms max=10.6ms over 60 samples, input bufs avail=9, dropped=0
[1787387571698] VD: Decode stats: input=6120, output=6119, dropped=0, availBufs=10
[1787387571701] VD: Output #6120: decoder latency avg=6.1ms max=13.6ms over 60 samples, input bufs avail=10, dropped=0
[1787387572728] VD: Decode stats: input=6180, output=6179, dropped=0, availBufs=10
[1787387572738] VD: Output #6180: decoder latency avg=5.8ms max=9.9ms over 60 samples, input bufs avail=9, dropped=0
[1787387573735] VD: Decode stats: input=6240, output=6239, dropped=0, availBufs=10
[1787387573742] VD: Output #6240: decoder latency avg=5.7ms max=8.9ms over 60 samples, input bufs avail=10, dropped=0
[1787387574752] VD: Decode stats: input=6300, output=6299, dropped=0, availBufs=10
[1787387574759] VD: Output #6300: decoder latency avg=6.4ms max=12.5ms over 60 samples, input bufs avail=10, dropped=0
[1787387575849] VD: Decode stats: input=6360, output=6359, dropped=0, availBufs=10
[1787387575856] VD: Output #6360: decoder latency avg=5.9ms max=9.2ms over 60 samples, input bufs avail=10, dropped=0
[1787387576933] VD: Decode stats: input=6420, output=6419, dropped=0, availBufs=10
[1787387576939] VD: Output #6420: decoder latency avg=6.4ms max=10.3ms over 60 samples, input bufs avail=10, dropped=0
[1787387577931] VD: Decode stats: input=6480, output=6479, dropped=0, availBufs=10
[1787387577938] VD: Output #6480: decoder latency avg=6.9ms max=13.1ms over 60 samples, input bufs avail=9, dropped=0
[1787387579034] VD: Decode stats: input=6540, output=6539, dropped=0, availBufs=10
[1787387579040] VD: Output #6540: decoder latency avg=6.3ms max=13.7ms over 60 samples, input bufs avail=9, dropped=0
[1787387580032] VD: Decode stats: input=6600, output=6599, dropped=0, availBufs=10
[1787387580037] VD: Output #6600: decoder latency avg=5.5ms max=9.5ms over 60 samples, input bufs avail=10, dropped=0
[1787387581065] VD: Decode stats: input=6660, output=6659, dropped=0, availBufs=10
[1787387581070] VD: Output #6660: decoder latency avg=5.3ms max=14.5ms over 60 samples, input bufs avail=10, dropped=0
[1787387582123] VD: Decode stats: input=6720, output=6718, dropped=0, availBufs=10
[1787387582129] VD: Output #6720: decoder latency avg=4.8ms max=9.7ms over 60 samples, input bufs avail=10, dropped=0
[1787387583182] VD: Decode stats: input=6780, output=6779, dropped=0, availBufs=10
[1787387583190] VD: Output #6780: decoder latency avg=6.3ms max=10.7ms over 60 samples, input bufs avail=10, dropped=0
[1787387584181] VD: Decode stats: input=6840, output=6839, dropped=0, availBufs=10
[1787387584187] VD: Output #6840: decoder latency avg=6.5ms max=12.2ms over 60 samples, input bufs avail=10, dropped=0
[1787387585182] VD: Decode stats: input=6900, output=6899, dropped=0, availBufs=10
[1787387585188] VD: Output #6900: decoder latency avg=6.6ms max=9.9ms over 60 samples, input bufs avail=10, dropped=0
[1787387586183] VD: Decode stats: input=6960, output=6959, dropped=0, availBufs=10
[1787387586191] VD: Output #6960: decoder latency avg=6.4ms max=14.3ms over 60 samples, input bufs avail=10, dropped=0
[1787387587182] VD: Decode stats: input=7020, output=7019, dropped=0, availBufs=10
[1787387587190] VD: Output #7020: decoder latency avg=6.9ms max=10.9ms over 60 samples, input bufs avail=10, dropped=0
[1787387588184] VD: Decode stats: input=7080, output=7079, dropped=0, availBufs=10
[1787387588189] VD: Output #7080: decoder latency avg=6.9ms max=11.0ms over 60 samples, input bufs avail=10, dropped=0
[1787387589183] VD: Decode stats: input=7140, output=7139, dropped=0, availBufs=10
[1787387589191] VD: Output #7140: decoder latency avg=6.6ms max=10.8ms over 60 samples, input bufs avail=10, dropped=0
[1787387590215] VD: Decode stats: input=7200, output=7199, dropped=0, availBufs=10
[1787387590221] VD: Output #7200: decoder latency avg=6.3ms max=12.7ms over 60 samples, input bufs avail=10, dropped=0
[1787387591297] VD: Decode stats: input=7260, output=7259, dropped=0, availBufs=10
[1787387591301] VD: Output #7260: decoder latency avg=6.5ms max=13.5ms over 60 samples, input bufs avail=10, dropped=0
[1787387592405] VD: Decode stats: input=7320, output=7319, dropped=0, availBufs=10
[1787387592414] VD: Output #7320: decoder latency avg=6.2ms max=12.1ms over 60 samples, input bufs avail=10, dropped=0
[1787387593482] VD: Decode stats: input=7380, output=7379, dropped=0, availBufs=10
[1787387593486] VD: Output #7380: decoder latency avg=5.7ms max=11.9ms over 60 samples, input bufs avail=10, dropped=0
[1787387594481] VD: Decode stats: input=7440, output=7439, dropped=0, availBufs=10
[1787387594487] VD: Output #7440: decoder latency avg=6.5ms max=12.6ms over 60 samples, input bufs avail=9, dropped=0
[1787387595482] VD: Decode stats: input=7500, output=7499, dropped=0, availBufs=10
[1787387595489] VD: Output #7500: decoder latency avg=6.5ms max=11.0ms over 60 samples, input bufs avail=10, dropped=0
[1787387596483] VD: Decode stats: input=7560, output=7559, dropped=0, availBufs=10
[1787387596492] VD: Output #7560: decoder latency avg=7.1ms max=14.9ms over 60 samples, input bufs avail=10, dropped=0
[1787387597482] VD: Decode stats: input=7620, output=7619, dropped=0, availBufs=10
[1787387597489] VD: Output #7620: decoder latency avg=7.0ms max=14.2ms over 60 samples, input bufs avail=10, dropped=0
[1787387598499] VD: Decode stats: input=7680, output=7679, dropped=0, availBufs=10
[1787387598507] VD: Output #7680: decoder latency avg=5.7ms max=9.9ms over 60 samples, input bufs avail=10, dropped=0
[1787387599501] VD: Decode stats: input=7740, output=7739, dropped=0, availBufs=10
[1787387599509] VD: Output #7740: decoder latency avg=6.4ms max=9.5ms over 60 samples, input bufs avail=9, dropped=0
[1787387600500] VD: Decode stats: input=7800, output=7799, dropped=0, availBufs=10
[1787387600512] VD: Output #7800: decoder latency avg=6.6ms max=12.4ms over 60 samples, input bufs avail=10, dropped=0
[1787387601503] VD: Decode stats: input=7860, output=7859, dropped=0, availBufs=10
[1787387601508] VD: Output #7860: decoder latency avg=6.4ms max=9.5ms over 60 samples, input bufs avail=10, dropped=0
[1787387602498] VD: Decode stats: input=7920, output=7919, dropped=0, availBufs=10
[1787387602503] VD: Output #7920: decoder latency avg=6.4ms max=10.1ms over 60 samples, input bufs avail=10, dropped=0
[1787387603550] VD: Decode stats: input=7980, output=7978, dropped=0, availBufs=9
[1787387603563] VD: Output #7980: decoder latency avg=6.5ms max=12.8ms over 60 samples, input bufs avail=8, dropped=0
[1787387604600] VD: Decode stats: input=8040, output=8039, dropped=0, availBufs=10
[1787387604604] VD: Output #8040: decoder latency avg=6.1ms max=15.5ms over 60 samples, input bufs avail=9, dropped=0
[1787387605635] VD: Decode stats: input=8100, output=8099, dropped=0, availBufs=10
[1787387605641] VD: Output #8100: decoder latency avg=6.3ms max=11.7ms over 60 samples, input bufs avail=10, dropped=0
[1787387606716] VD: Decode stats: input=8160, output=8159, dropped=0, availBufs=10
[1787387606722] VD: Output #8160: decoder latency avg=5.7ms max=14.2ms over 60 samples, input bufs avail=10, dropped=0
[1787387607716] VD: Decode stats: input=8220, output=8219, dropped=0, availBufs=10
[1787387607725] VD: Output #8220: decoder latency avg=6.3ms max=12.2ms over 60 samples, input bufs avail=10, dropped=0
[1787387608742] VD: Decode stats: input=8280, output=8278, dropped=0, availBufs=9
[1787387608750] VD: Output #8280: decoder latency avg=5.6ms max=11.5ms over 60 samples, input bufs avail=9, dropped=0
[1787387609750] VD: Decode stats: input=8340, output=8339, dropped=0, availBufs=10
[1787387609756] VD: Output #8340: decoder latency avg=6.0ms max=9.5ms over 60 samples, input bufs avail=10, dropped=0
[1787387610747] VD: Decode stats: input=8400, output=8399, dropped=0, availBufs=10
[1787387610753] VD: Output #8400: decoder latency avg=6.1ms max=12.8ms over 60 samples, input bufs avail=9, dropped=0
[1787387611748] VD: Decode stats: input=8460, output=8459, dropped=0, availBufs=10
[1787387611752] VD: Output #8460: decoder latency avg=6.0ms max=11.4ms over 60 samples, input bufs avail=10, dropped=0
[1787387612748] VD: Decode stats: input=8520, output=8519, dropped=0, availBufs=10
[1787387612752] VD: Output #8520: decoder latency avg=6.1ms max=11.8ms over 60 samples, input bufs avail=10, dropped=0
[1787387613918] VD: Decode stats: input=8580, output=8579, dropped=0, availBufs=10
[1787387613922] VD: Output #8580: decoder latency avg=5.6ms max=12.5ms over 60 samples, input bufs avail=9, dropped=0
[1787387614918] VD: Decode stats: input=8640, output=8639, dropped=0, availBufs=10
[1787387614925] VD: Output #8640: decoder latency avg=5.0ms max=11.4ms over 60 samples, input bufs avail=10, dropped=0
[1787387615982] VD: Decode stats: input=8700, output=8699, dropped=0, availBufs=10
[1787387615991] VD: Output #8700: decoder latency avg=6.6ms max=11.3ms over 60 samples, input bufs avail=10, dropped=0
[1787387616982] VD: Decode stats: input=8760, output=8759, dropped=0, availBufs=10
[1787387616989] VD: Output #8760: decoder latency avg=6.4ms max=10.2ms over 60 samples, input bufs avail=10, dropped=0
[1787387617983] VD: Decode stats: input=8820, output=8819, dropped=0, availBufs=10
[1787387617988] VD: Output #8820: decoder latency avg=6.5ms max=10.9ms over 60 samples, input bufs avail=9, dropped=0
[1787387618980] VD: Decode stats: input=8880, output=8879, dropped=0, availBufs=10
[1787387618988] VD: Output #8880: decoder latency avg=6.7ms max=12.2ms over 60 samples, input bufs avail=10, dropped=0
[1787387620015] VD: Decode stats: input=8940, output=8939, dropped=0, availBufs=10
[1787387620023] VD: Output #8940: decoder latency avg=6.2ms max=10.9ms over 60 samples, input bufs avail=10, dropped=0
[1787387621045] VD: Decode stats: input=9000, output=8999, dropped=0, availBufs=10
[1787387621055] VD: Output #9000: decoder latency avg=6.8ms max=10.7ms over 60 samples, input bufs avail=8, dropped=0
[1787387622031] VD: Decode stats: input=9060, output=9059, dropped=0, availBufs=10
[1787387622040] VD: Output #9060: decoder latency avg=7.1ms max=15.3ms over 60 samples, input bufs avail=10, dropped=0
[1787387623119] VD: Decode stats: input=9120, output=9119, dropped=0, availBufs=9
[1787387623124] VD: Output #9120: decoder latency avg=6.8ms max=11.5ms over 60 samples, input bufs avail=10, dropped=0
[1787387624156] VD: Decode stats: input=9180, output=9179, dropped=0, availBufs=10
[1787387624166] VD: Output #9180: decoder latency avg=6.2ms max=11.1ms over 60 samples, input bufs avail=9, dropped=0
[1787387625133] VD: Decode stats: input=9240, output=9239, dropped=0, availBufs=10
[1787387625139] VD: Output #9240: decoder latency avg=5.6ms max=9.1ms over 60 samples, input bufs avail=9, dropped=0
[1787387626220] VD: Decode stats: input=9300, output=9299, dropped=0, availBufs=10
[1787387626226] VD: Output #9300: decoder latency avg=6.6ms max=11.7ms over 60 samples, input bufs avail=10, dropped=0
[1787387627251] VD: Decode stats: input=9360, output=9359, dropped=0, availBufs=10
[1787387627255] VD: Output #9360: decoder latency avg=6.2ms max=8.7ms over 60 samples, input bufs avail=10, dropped=0
[1787387628332] VD: Decode stats: input=9420, output=9419, dropped=0, availBufs=10
[1787387628337] VD: Output #9420: decoder latency avg=6.2ms max=11.8ms over 60 samples, input bufs avail=10, dropped=0
[1787387629334] VD: Decode stats: input=9480, output=9479, dropped=0, availBufs=10
[1787387629340] VD: Output #9480: decoder latency avg=6.0ms max=11.1ms over 60 samples, input bufs avail=10, dropped=0
[1787387630333] VD: Decode stats: input=9540, output=9539, dropped=0, availBufs=10
[1787387630340] VD: Output #9540: decoder latency avg=6.2ms max=15.0ms over 60 samples, input bufs avail=9, dropped=0
[1787387631363] VD: Decode stats: input=9600, output=9599, dropped=0, availBufs=10
[1787387631366] VD: Output #9600: decoder latency avg=5.9ms max=12.4ms over 60 samples, input bufs avail=10, dropped=0
[1787387632367] VD: Decode stats: input=9660, output=9659, dropped=0, availBufs=10
[1787387632373] VD: Output #9660: decoder latency avg=5.6ms max=8.9ms over 60 samples, input bufs avail=10, dropped=0
[1787387633381] VD: Decode stats: input=9720, output=9719, dropped=0, availBufs=10
[1787387633384] VD: Output #9720: decoder latency avg=5.0ms max=10.3ms over 60 samples, input bufs avail=10, dropped=0
[1787387634418] VD: Decode stats: input=9780, output=9779, dropped=0, availBufs=10
[1787387634424] VD: Output #9780: decoder latency avg=5.9ms max=10.7ms over 60 samples, input bufs avail=10, dropped=0
[1787387635442] VD: Decode stats: input=9840, output=9839, dropped=0, availBufs=10
[1787387635449] VD: Output #9840: decoder latency avg=6.1ms max=11.1ms over 60 samples, input bufs avail=10, dropped=0
[1787387636603] VD: Decode stats: input=9900, output=9899, dropped=0, availBufs=10
[1787387636613] VD: Output #9900: decoder latency avg=5.9ms max=9.5ms over 60 samples, input bufs avail=8, dropped=0
[1787387637603] VD: Decode stats: input=9960, output=9959, dropped=0, availBufs=10
[1787387637615] VD: Output #9960: decoder latency avg=6.5ms max=15.2ms over 60 samples, input bufs avail=7, dropped=0
[1787387638603] VD: Decode stats: input=10020, output=10019, dropped=0, availBufs=10
[1787387638620] VD: Output #10020: decoder latency avg=6.8ms max=16.8ms over 60 samples, input bufs avail=8, dropped=0
[1787387639611] VD: Decode stats: input=10080, output=10079, dropped=0, availBufs=10
[1787387639621] VD: Output #10080: decoder latency avg=6.4ms max=15.7ms over 60 samples, input bufs avail=6, dropped=0
[1787387641269] VD: Decode stats: input=10140, output=10139, dropped=0, availBufs=10
[1787387641274] VD: Output #10140: decoder latency avg=5.7ms max=12.2ms over 60 samples, input bufs avail=10, dropped=0
[1787387642336] VD: Decode stats: input=10200, output=10199, dropped=0, availBufs=10
[1787387642340] VD: Output #10200: decoder latency avg=4.4ms max=6.4ms over 60 samples, input bufs avail=10, dropped=0
[1787387643679] MA: device health battery=100 charging=true saver=false thermal=nominal
[1787387643680] MA: lifecycle foreground connected=false
[1787387643732] MA: surfaceCreated
[1787387643733] MA: surfaceChanged: 1264x2800
[1787387643990] SC: Protocol v1 upgrade accepted
[1787387643990] SC: Connected to 127.0.0.1:54321
[1787387644004] MA: onHostActionsAvailable: move-window, return-windows
[1787387644021] MA: onDisplaysAvailable: count=3 selected=1 negotiated=[CAPABILITY_TOUCH, CAPABILITY_KEYBOARD, CAPABILITY_POINTER, CAPABILITY_STYLUS, CAPABILITY_MULTI_DISPLAY, CAPABILITY_HOST_ACTIONS, CAPABILITY_CLIENT_VIDEO_CONTROL, CAPABILITY_STYLUS_EXTENDED] displays=1:Built-in Retina Display:1512x982:primary=true, 2:DELL U2723QE:1920x1080:primary=false, telemachus-virtual-extended:Vibe Screen Virtual (扩展屏):2000x1200:primary=false
[1787387644021] MA: session binding promoted: displaySelection=true keyboard=true nativePointer=true controller=false hostActions=true clipboard=false
[1787387644067] MA: onVideoConfiguration: 1512x982 @ 0° epoch=1
[1787387644067] MA: Video config arrived, initializing decoder 1512x982
[1787387644067] MA: initializeDecoder called, surface=Surface(name=null mNativeObject=-5476376613998220752)/@0x9f8a74a, valid=true, encoded=1512x982
[1787387644070] VD: setupDecoder: 1512x982, decoder=c2.qti.hevc.decoder
[1787387644101] VD: Configured with full low-latency
[1787387644102] VD: Surface frame rate requested: 120.00001Hz fixed-source
[1787387644117] VD: Decoder started: 1512x982 @ 120.00001Hz, surface=Surface(name=null mNativeObject=-5476376613998220752)/@0x9f8a74a, valid=true
[1787387644119] MA: Decoder configuration committed 1512x982 epoch=1
[1787387644123] MA: onDisplayGeometry: 1512x982 @ 0°
[1787387644142] VD: First frame: size=32033, header=[00 00 00 01 40 01 0c 01 ff ff 01 60 00 00 03 00], keyframe=true, surface=Surface(name=null mNativeObject=-5476376613998220752)/@0x9f8a74a, valid=true
[1787387644166] MA: surfaceChanged: 1264x820
[1787387644167] MA: surfaceChanged: 1264x820
[1787387644167] MA: surfaceChanged: 1946x1264
[1787387644181] VD: Output format changed: {crop-right=1511, max-height=4320, sar-width=1, color-format=2130708361, mime=video/raw, hdr-static-info=java.nio.HeapByteBuffer[pos=0 lim=25 cap=25], priority=0, color-standard=1, feature-secure-playback=0, color-transfer=3, sar-height=1, hdr10-plus-info=java.nio.HeapByteBuffer[pos=0 lim=0 cap=0], crop-bottom=981, max-width=8192, crop-left=0, width=1520, color-range=1, crop-top=0, rotation-degrees=0, frame-rate=1, height=992}
[1787387644181] VD: First output frame! size=1, flags=1
[1787387645116] VD: Decode stats: input=60, output=59, dropped=0, availBufs=10
[1787387645119] VD: Output #60: decoder latency avg=6.3ms max=51.5ms over 60 samples, input bufs avail=10, dropped=0
[1787387646114] VD: Decode stats: input=120, output=119, dropped=0, availBufs=10
[1787387646117] VD: Output #120: decoder latency avg=5.0ms max=8.0ms over 60 samples, input bufs avail=10, dropped=0
[1787387647113] VD: Decode stats: input=180, output=179, dropped=0, availBufs=10
[1787387647117] VD: Output #180: decoder latency avg=4.4ms max=7.6ms over 60 samples, input bufs avail=10, dropped=0
[1787387648114] VD: Decode stats: input=240, output=239, dropped=0, availBufs=10
[1787387648119] VD: Output #240: decoder latency avg=4.9ms max=7.6ms over 60 samples, input bufs avail=10, dropped=0
[1787387649132] VD: Decode stats: input=300, output=299, dropped=0, availBufs=10
[1787387649136] VD: Output #300: decoder latency avg=4.7ms max=8.8ms over 60 samples, input bufs avail=10, dropped=0
[1787387650131] VD: Decode stats: input=360, output=359, dropped=0, availBufs=10
[1787387650135] VD: Output #360: decoder latency avg=5.1ms max=9.1ms over 60 samples, input bufs avail=10, dropped=0
[1787387651131] VD: Decode stats: input=420, output=419, dropped=0, availBufs=10
[1787387651136] VD: Output #420: decoder latency avg=5.6ms max=8.9ms over 60 samples, input bufs avail=10, dropped=0
[1787387652130] VD: Decode stats: input=480, output=479, dropped=0, availBufs=10
[1787387652133] VD: Output #480: decoder latency avg=5.4ms max=8.7ms over 60 samples, input bufs avail=10, dropped=0
[1787387653131] VD: Decode stats: input=540, output=539, dropped=0, availBufs=10
[1787387653136] VD: Output #540: decoder latency avg=5.3ms max=8.2ms over 60 samples, input bufs avail=10, dropped=0
[1787387654131] VD: Decode stats: input=600, output=599, dropped=0, availBufs=10
[1787387654137] VD: Output #600: decoder latency avg=5.3ms max=8.6ms over 60 samples, input bufs avail=10, dropped=0
[1787387655131] VD: Decode stats: input=660, output=659, dropped=0, availBufs=10
[1787387655137] VD: Output #660: decoder latency avg=5.1ms max=10.1ms over 60 samples, input bufs avail=10, dropped=0
[1787387656132] VD: Decode stats: input=720, output=719, dropped=0, availBufs=10
[1787387656135] VD: Output #720: decoder latency avg=5.2ms max=7.7ms over 60 samples, input bufs avail=10, dropped=0
[1787387657130] VD: Decode stats: input=780, output=779, dropped=0, availBufs=10
[1787387657134] VD: Output #780: decoder latency avg=5.5ms max=10.2ms over 60 samples, input bufs avail=10, dropped=0
[1787387658139] VD: Decode stats: input=840, output=839, dropped=0, availBufs=10
[1787387658144] VD: Output #840: decoder latency avg=5.6ms max=10.5ms over 60 samples, input bufs avail=10, dropped=0
[1787387659132] VD: Decode stats: input=900, output=899, dropped=0, availBufs=10
[1787387659139] VD: Output #900: decoder latency avg=5.8ms max=9.5ms over 60 samples, input bufs avail=9, dropped=0
[1787387660132] VD: Decode stats: input=960, output=959, dropped=0, availBufs=10
[1787387660139] VD: Output #960: decoder latency avg=5.6ms max=9.7ms over 60 samples, input bufs avail=10, dropped=0
[1787387661131] VD: Decode stats: input=1020, output=1019, dropped=0, availBufs=10
[1787387661137] VD: Output #1020: decoder latency avg=5.4ms max=12.1ms over 60 samples, input bufs avail=10, dropped=0
[1787387662136] VD: Decode stats: input=1080, output=1079, dropped=0, availBufs=10
[1787387662143] VD: Output #1080: decoder latency avg=5.4ms max=10.1ms over 60 samples, input bufs avail=10, dropped=0
[1787387663131] VD: Decode stats: input=1140, output=1139, dropped=0, availBufs=10
[1787387663135] VD: Output #1140: decoder latency avg=5.2ms max=7.5ms over 60 samples, input bufs avail=10, dropped=0
[1787387664134] VD: Decode stats: input=1200, output=1199, dropped=0, availBufs=10
[1787387664138] VD: Output #1200: decoder latency avg=5.4ms max=8.4ms over 60 samples, input bufs avail=10, dropped=0
[1787387665151] VD: Decode stats: input=1260, output=1259, dropped=0, availBufs=10
[1787387665157] VD: Output #1260: decoder latency avg=5.4ms max=9.1ms over 60 samples, input bufs avail=9, dropped=0
[1787387666149] VD: Decode stats: input=1320, output=1319, dropped=0, availBufs=10
[1787387666157] VD: Output #1320: decoder latency avg=5.3ms max=10.6ms over 60 samples, input bufs avail=10, dropped=0
[1787387667148] VD: Decode stats: input=1380, output=1379, dropped=0, availBufs=10
[1787387667153] VD: Output #1380: decoder latency avg=5.4ms max=9.6ms over 60 samples, input bufs avail=10, dropped=0
[1787387668150] VD: Decode stats: input=1440, output=1439, dropped=0, availBufs=10
[1787387668154] VD: Output #1440: decoder latency avg=5.1ms max=10.6ms over 60 samples, input bufs avail=10, dropped=0
[1787387669153] VD: Decode stats: input=1500, output=1499, dropped=0, availBufs=10
[1787387669160] VD: Output #1500: decoder latency avg=5.6ms max=9.1ms over 60 samples, input bufs avail=10, dropped=0
[1787387670148] VD: Decode stats: input=1560, output=1559, dropped=0, availBufs=10
[1787387670151] VD: Output #1560: decoder latency avg=5.4ms max=8.4ms over 60 samples, input bufs avail=10, dropped=0
[1787387671148] VD: Decode stats: input=1620, output=1619, dropped=0, availBufs=10
[1787387671156] VD: Output #1620: decoder latency avg=5.3ms max=8.1ms over 60 samples, input bufs avail=10, dropped=0
[1787387672148] VD: Decode stats: input=1680, output=1679, dropped=0, availBufs=10
[1787387672153] VD: Output #1680: decoder latency avg=5.5ms max=10.4ms over 60 samples, input bufs avail=10, dropped=0
[1787387673148] VD: Decode stats: input=1740, output=1739, dropped=0, availBufs=10
[1787387673152] VD: Output #1740: decoder latency avg=5.3ms max=8.7ms over 60 samples, input bufs avail=10, dropped=0
[1787387674148] VD: Decode stats: input=1800, output=1799, dropped=0, availBufs=10
[1787387674151] VD: Output #1800: decoder latency avg=5.1ms max=10.5ms over 60 samples, input bufs avail=10, dropped=0
[1787387675148] VD: Decode stats: input=1860, output=1859, dropped=0, availBufs=10
[1787387675151] VD: Output #1860: decoder latency avg=4.2ms max=7.0ms over 60 samples, input bufs avail=10, dropped=0
[1787387676149] VD: Decode stats: input=1920, output=1919, dropped=0, availBufs=10
[1787387676154] VD: Output #1920: decoder latency avg=5.7ms max=9.5ms over 60 samples, input bufs avail=10, dropped=0
[1787387677150] VD: Decode stats: input=1980, output=1979, dropped=0, availBufs=10
[1787387677154] VD: Output #1980: decoder latency avg=5.6ms max=10.1ms over 60 samples, input bufs avail=10, dropped=0
[1787387678148] VD: Decode stats: input=2040, output=2039, dropped=0, availBufs=10
[1787387678150] VD: Output #2040: decoder latency avg=5.5ms max=8.8ms over 60 samples, input bufs avail=10, dropped=0
[1787387679151] VD: Decode stats: input=2100, output=2099, dropped=0, availBufs=10
[1787387679159] VD: Output #2100: decoder latency avg=5.4ms max=8.6ms over 60 samples, input bufs avail=10, dropped=0
[1787387680149] VD: Decode stats: input=2160, output=2159, dropped=0, availBufs=10
[1787387680154] VD: Output #2160: decoder latency avg=5.2ms max=9.7ms over 60 samples, input bufs avail=10, dropped=0
[1787387681147] VD: Decode stats: input=2220, output=2219, dropped=0, availBufs=10
[1787387681152] VD: Output #2220: decoder latency avg=5.2ms max=8.8ms over 60 samples, input bufs avail=10, dropped=0
[1787387682151] VD: Decode stats: input=2280, output=2279, dropped=0, availBufs=10
[1787387682158] VD: Output #2280: decoder latency avg=5.0ms max=7.9ms over 60 samples, input bufs avail=10, dropped=0
[1787387683148] VD: Decode stats: input=2340, output=2339, dropped=0, availBufs=10
[1787387683153] VD: Output #2340: decoder latency avg=5.6ms max=12.8ms over 60 samples, input bufs avail=10, dropped=0
[1787387684150] VD: Decode stats: input=2400, output=2399, dropped=0, availBufs=10
[1787387684157] VD: Output #2400: decoder latency avg=5.3ms max=9.5ms over 60 samples, input bufs avail=10, dropped=0
[1787387685147] VD: Decode stats: input=2460, output=2459, dropped=0, availBufs=10
[1787387685150] VD: Output #2460: decoder latency avg=4.8ms max=9.4ms over 60 samples, input bufs avail=10, dropped=0
[1787387686147] VD: Decode stats: input=2520, output=2519, dropped=0, availBufs=10
[1787387686150] VD: Output #2520: decoder latency avg=5.0ms max=9.9ms over 60 samples, input bufs avail=10, dropped=0
[1787387687148] VD: Decode stats: input=2580, output=2579, dropped=0, availBufs=10
[1787387687152] VD: Output #2580: decoder latency avg=4.6ms max=6.9ms over 60 samples, input bufs avail=10, dropped=0
[1787387688153] VD: Decode stats: input=2640, output=2639, dropped=0, availBufs=10
[1787387688158] VD: Output #2640: decoder latency avg=5.3ms max=8.0ms over 60 samples, input bufs avail=10, dropped=0
[1787387689147] VD: Decode stats: input=2700, output=2699, dropped=0, availBufs=10
[1787387689151] VD: Output #2700: decoder latency avg=4.3ms max=10.3ms over 60 samples, input bufs avail=10, dropped=0
[1787387690149] VD: Decode stats: input=2760, output=2759, dropped=0, availBufs=10
[1787387690153] VD: Output #2760: decoder latency avg=4.7ms max=8.9ms over 60 samples, input bufs avail=10, dropped=0
[1787387691149] VD: Decode stats: input=2820, output=2819, dropped=0, availBufs=10
[1787387691155] VD: Output #2820: decoder latency avg=4.4ms max=9.6ms over 60 samples, input bufs avail=10, dropped=0
[1787387692148] VD: Decode stats: input=2880, output=2879, dropped=0, availBufs=10
[1787387692151] VD: Output #2880: decoder latency avg=5.2ms max=8.5ms over 60 samples, input bufs avail=10, dropped=0
[1787387693149] VD: Decode stats: input=2940, output=2939, dropped=0, availBufs=10
[1787387693156] VD: Output #2940: decoder latency avg=4.6ms max=10.3ms over 60 samples, input bufs avail=10, dropped=0
[1787387694149] VD: Decode stats: input=3000, output=2999, dropped=0, availBufs=10
[1787387694155] VD: Output #3000: decoder latency avg=5.2ms max=9.2ms over 60 samples, input bufs avail=10, dropped=0
[1787387695148] VD: Decode stats: input=3060, output=3059, dropped=0, availBufs=10
[1787387695152] VD: Output #3060: decoder latency avg=5.4ms max=9.0ms over 60 samples, input bufs avail=10, dropped=0
[1787387696149] VD: Decode stats: input=3120, output=3119, dropped=0, availBufs=10
[1787387696151] VD: Output #3120: decoder latency avg=5.5ms max=9.5ms over 60 samples, input bufs avail=10, dropped=0
[1787387697151] VD: Decode stats: input=3180, output=3179, dropped=0, availBufs=10
[1787387697158] VD: Output #3180: decoder latency avg=4.6ms max=7.6ms over 60 samples, input bufs avail=10, dropped=0
[1787387698149] VD: Decode stats: input=3240, output=3239, dropped=0, availBufs=10
[1787387698156] VD: Output #3240: decoder latency avg=5.2ms max=8.5ms over 60 samples, input bufs avail=10, dropped=0
[1787387699150] VD: Decode stats: input=3300, output=3299, dropped=0, availBufs=10
[1787387699155] VD: Output #3300: decoder latency avg=4.9ms max=8.4ms over 60 samples, input bufs avail=10, dropped=0
[1787387700168] VD: Decode stats: input=3360, output=3359, dropped=0, availBufs=10
[1787387700172] VD: Output #3360: decoder latency avg=5.4ms max=8.5ms over 60 samples, input bufs avail=9, dropped=0
[1787387701148] VD: Decode stats: input=3420, output=3419, dropped=0, availBufs=10
[1787387701155] VD: Output #3420: decoder latency avg=4.5ms max=8.0ms over 60 samples, input bufs avail=10, dropped=0
[1787387702148] VD: Decode stats: input=3480, output=3479, dropped=0, availBufs=10
[1787387702151] VD: Output #3480: decoder latency avg=4.9ms max=8.5ms over 60 samples, input bufs avail=10, dropped=0
[1787387703148] VD: Decode stats: input=3540, output=3539, dropped=0, availBufs=10
[1787387703151] VD: Output #3540: decoder latency avg=4.6ms max=9.2ms over 60 samples, input bufs avail=10, dropped=0
[1787387704149] VD: Decode stats: input=3600, output=3599, dropped=0, availBufs=10
[1787387704155] VD: Output #3600: decoder latency avg=3.7ms max=8.1ms over 60 samples, input bufs avail=10, dropped=0
[1787387705152] VD: Decode stats: input=3660, output=3659, dropped=0, availBufs=10
[1787387705159] VD: Output #3660: decoder latency avg=5.5ms max=9.6ms over 60 samples, input bufs avail=10, dropped=0
[1787387706147] VD: Decode stats: input=3720, output=3719, dropped=0, availBufs=10
[1787387706151] VD: Output #3720: decoder latency avg=5.1ms max=8.9ms over 60 samples, input bufs avail=10, dropped=0
[1787387707151] VD: Decode stats: input=3780, output=3779, dropped=0, availBufs=10
[1787387707158] VD: Output #3780: decoder latency avg=5.6ms max=9.2ms over 60 samples, input bufs avail=10, dropped=0
[1787387708150] VD: Decode stats: input=3840, output=3839, dropped=0, availBufs=10
[1787387708155] VD: Output #3840: decoder latency avg=5.4ms max=11.2ms over 60 samples, input bufs avail=10, dropped=0
[1787387709148] VD: Decode stats: input=3900, output=3899, dropped=0, availBufs=10
[1787387709152] VD: Output #3900: decoder latency avg=4.8ms max=7.4ms over 60 samples, input bufs avail=9, dropped=0
[1787387710150] VD: Decode stats: input=3960, output=3959, dropped=0, availBufs=10
[1787387710154] VD: Output #3960: decoder latency avg=5.2ms max=8.4ms over 60 samples, input bufs avail=10, dropped=0
[1787387711148] VD: Decode stats: input=4020, output=4019, dropped=0, availBufs=10
[1787387711152] VD: Output #4020: decoder latency avg=5.0ms max=7.5ms over 60 samples, input bufs avail=9, dropped=0
[1787387712149] VD: Decode stats: input=4080, output=4079, dropped=0, availBufs=10
[1787387712154] VD: Output #4080: decoder latency avg=5.4ms max=8.5ms over 60 samples, input bufs avail=9, dropped=0
[1787387713148] VD: Decode stats: input=4140, output=4139, dropped=0, availBufs=10
[1787387713151] VD: Output #4140: decoder latency avg=5.6ms max=8.5ms over 60 samples, input bufs avail=10, dropped=0
[1787387714151] VD: Decode stats: input=4200, output=4199, dropped=0, availBufs=10
[1787387714158] VD: Output #4200: decoder latency avg=5.6ms max=9.8ms over 60 samples, input bufs avail=10, dropped=0
[1787387715148] VD: Decode stats: input=4260, output=4259, dropped=0, availBufs=10
[1787387715154] VD: Output #4260: decoder latency avg=5.2ms max=8.6ms over 60 samples, input bufs avail=10, dropped=0
[1787387716151] VD: Decode stats: input=4320, output=4319, dropped=0, availBufs=10
[1787387716159] VD: Output #4320: decoder latency avg=5.5ms max=10.4ms over 60 samples, input bufs avail=10, dropped=0
[1787387717148] VD: Decode stats: input=4380, output=4379, dropped=0, availBufs=10
[1787387717150] VD: Output #4380: decoder latency avg=5.1ms max=9.4ms over 60 samples, input bufs avail=10, dropped=0
[1787387718150] VD: Decode stats: input=4440, output=4439, dropped=0, availBufs=10
[1787387718155] VD: Output #4440: decoder latency avg=5.2ms max=9.5ms over 60 samples, input bufs avail=10, dropped=0
[1787387719150] VD: Decode stats: input=4500, output=4499, dropped=0, availBufs=10
[1787387719155] VD: Output #4500: decoder latency avg=5.1ms max=10.3ms over 60 samples, input bufs avail=10, dropped=0
[1787387720148] VD: Decode stats: input=4560, output=4559, dropped=0, availBufs=10
[1787387720153] VD: Output #4560: decoder latency avg=5.4ms max=9.0ms over 60 samples, input bufs avail=10, dropped=0
[1787387721147] VD: Decode stats: input=4620, output=4619, dropped=0, availBufs=10
[1787387721150] VD: Output #4620: decoder latency avg=5.4ms max=9.1ms over 60 samples, input bufs avail=10, dropped=0
[1787387722149] VD: Decode stats: input=4680, output=4679, dropped=0, availBufs=10
[1787387722154] VD: Output #4680: decoder latency avg=5.3ms max=9.6ms over 60 samples, input bufs avail=9, dropped=0
[1787387723148] VD: Decode stats: input=4740, output=4739, dropped=0, availBufs=10
[1787387723154] VD: Output #4740: decoder latency avg=5.7ms max=8.5ms over 60 samples, input bufs avail=9, dropped=0
[1787387724150] VD: Decode stats: input=4800, output=4799, dropped=0, availBufs=10
[1787387724157] VD: Output #4800: decoder latency avg=5.5ms max=8.9ms over 60 samples, input bufs avail=10, dropped=0
[1787387725148] VD: Decode stats: input=4860, output=4859, dropped=0, availBufs=10
[1787387725151] VD: Output #4860: decoder latency avg=5.2ms max=10.3ms over 60 samples, input bufs avail=10, dropped=0
[1787387726151] VD: Decode stats: input=4920, output=4919, dropped=0, availBufs=10
[1787387726156] VD: Output #4920: decoder latency avg=5.3ms max=10.1ms over 60 samples, input bufs avail=10, dropped=0
[1787387727152] VD: Decode stats: input=4980, output=4979, dropped=0, availBufs=10
[1787387727156] VD: Output #4980: decoder latency avg=5.4ms max=9.1ms over 60 samples, input bufs avail=9, dropped=0
[1787387728149] VD: Decode stats: input=5040, output=5039, dropped=0, availBufs=10
[1787387728154] VD: Output #5040: decoder latency avg=5.0ms max=10.4ms over 60 samples, input bufs avail=10, dropped=0
[1787387729150] VD: Decode stats: input=5100, output=5099, dropped=0, availBufs=10
[1787387729157] VD: Output #5100: decoder latency avg=4.9ms max=8.2ms over 60 samples, input bufs avail=10, dropped=0
[1787387730149] VD: Decode stats: input=5160, output=5159, dropped=0, availBufs=10
[1787387730155] VD: Output #5160: decoder latency avg=5.3ms max=9.5ms over 60 samples, input bufs avail=10, dropped=0
[1787387731148] VD: Decode stats: input=5220, output=5219, dropped=0, availBufs=10
[1787387731152] VD: Output #5220: decoder latency avg=5.7ms max=10.7ms over 60 samples, input bufs avail=10, dropped=0
[1787387732150] VD: Decode stats: input=5280, output=5279, dropped=0, availBufs=10
[1787387732153] VD: Output #5280: decoder latency avg=5.6ms max=9.4ms over 60 samples, input bufs avail=10, dropped=0
[1787387733148] VD: Decode stats: input=5340, output=5339, dropped=0, availBufs=10
[1787387733151] VD: Output #5340: decoder latency avg=5.6ms max=8.5ms over 60 samples, input bufs avail=10, dropped=0
[1787387734150] VD: Decode stats: input=5400, output=5399, dropped=0, availBufs=10
[1787387734154] VD: Output #5400: decoder latency avg=5.4ms max=12.9ms over 60 samples, input bufs avail=10, dropped=0
[1787387735149] VD: Decode stats: input=5460, output=5459, dropped=0, availBufs=10
[1787387735155] VD: Output #5460: decoder latency avg=5.1ms max=8.1ms over 60 samples, input bufs avail=10, dropped=0
[1787387736147] VD: Decode stats: input=5520, output=5519, dropped=0, availBufs=10
[1787387736151] VD: Output #5520: decoder latency avg=4.3ms max=8.4ms over 60 samples, input bufs avail=10, dropped=0
[1787387737150] VD: Decode stats: input=5580, output=5579, dropped=0, availBufs=10
[1787387737158] VD: Output #5580: decoder latency avg=5.4ms max=12.0ms over 60 samples, input bufs avail=10, dropped=0
[1787387738150] VD: Decode stats: input=5640, output=5639, dropped=0, availBufs=10
[1787387738155] VD: Output #5640: decoder latency avg=5.2ms max=7.9ms over 60 samples, input bufs avail=10, dropped=0
[1787387739148] VD: Decode stats: input=5700, output=5699, dropped=0, availBufs=10
[1787387739152] VD: Output #5700: decoder latency avg=5.2ms max=8.9ms over 60 samples, input bufs avail=10, dropped=0
[1787387740150] VD: Decode stats: input=5760, output=5759, dropped=0, availBufs=10
[1787387740155] VD: Output #5760: decoder latency avg=5.5ms max=11.1ms over 60 samples, input bufs avail=10, dropped=0
[1787387741148] VD: Decode stats: input=5820, output=5819, dropped=0, availBufs=10
[1787387741152] VD: Output #5820: decoder latency avg=5.4ms max=8.2ms over 60 samples, input bufs avail=10, dropped=0
[1787387742148] VD: Decode stats: input=5880, output=5879, dropped=0, availBufs=10
[1787387742153] VD: Output #5880: decoder latency avg=5.3ms max=8.0ms over 60 samples, input bufs avail=10, dropped=0
[1787387743148] VD: Decode stats: input=5940, output=5939, dropped=0, availBufs=10
[1787387743154] VD: Output #5940: decoder latency avg=5.3ms max=9.0ms over 60 samples, input bufs avail=10, dropped=0
[1787387744151] VD: Decode stats: input=6000, output=5999, dropped=0, availBufs=10
[1787387744157] VD: Output #6000: decoder latency avg=5.3ms max=10.8ms over 60 samples, input bufs avail=10, dropped=0
[1787387745147] VD: Decode stats: input=6060, output=6059, dropped=0, availBufs=10
[1787387745150] VD: Output #6060: decoder latency avg=5.1ms max=8.6ms over 60 samples, input bufs avail=10, dropped=0
[1787387746150] VD: Decode stats: input=6120, output=6119, dropped=0, availBufs=10
[1787387746154] VD: Output #6120: decoder latency avg=4.4ms max=7.8ms over 60 samples, input bufs avail=9, dropped=0
[1787387747148] VD: Decode stats: input=6180, output=6179, dropped=0, availBufs=10
[1787387747151] VD: Output #6180: decoder latency avg=5.4ms max=10.7ms over 60 samples, input bufs avail=10, dropped=0
[1787387748165] VD: Decode stats: input=6240, output=6239, dropped=0, availBufs=10
[1787387748172] VD: Output #6240: decoder latency avg=5.5ms max=10.6ms over 60 samples, input bufs avail=9, dropped=0
[1787387749169] VD: Decode stats: input=6300, output=6299, dropped=0, availBufs=10
[1787387749175] VD: Output #6300: decoder latency avg=5.8ms max=10.3ms over 60 samples, input bufs avail=10, dropped=0
[1787387750165] VD: Decode stats: input=6360, output=6359, dropped=0, availBufs=10
[1787387750171] VD: Output #6360: decoder latency avg=5.5ms max=10.3ms over 60 samples, input bufs avail=10, dropped=0
[1787387751165] VD: Decode stats: input=6420, output=6419, dropped=0, availBufs=10
[1787387751171] VD: Output #6420: decoder latency avg=5.5ms max=8.7ms over 60 samples, input bufs avail=10, dropped=0
[1787387752166] VD: Decode stats: input=6480, output=6479, dropped=0, availBufs=10
[1787387752171] VD: Output #6480: decoder latency avg=5.3ms max=8.3ms over 60 samples, input bufs avail=9, dropped=0
[1787387753181] VD: Decode stats: input=6540, output=6539, dropped=0, availBufs=10
[1787387753184] VD: Output #6540: decoder latency avg=4.9ms max=8.2ms over 60 samples, input bufs avail=10, dropped=0
[1787387754183] VD: Decode stats: input=6600, output=6599, dropped=0, availBufs=10
[1787387754185] VD: Output #6600: decoder latency avg=5.1ms max=9.4ms over 60 samples, input bufs avail=10, dropped=0
[1787387755183] VD: Decode stats: input=6660, output=6659, dropped=0, availBufs=10
[1787387755191] VD: Output #6660: decoder latency avg=4.9ms max=8.8ms over 60 samples, input bufs avail=10, dropped=0
[1787387756182] VD: Decode stats: input=6720, output=6719, dropped=0, availBufs=10
[1787387756186] VD: Output #6720: decoder latency avg=5.5ms max=9.3ms over 60 samples, input bufs avail=10, dropped=0
[1787387757182] VD: Decode stats: input=6780, output=6779, dropped=0, availBufs=10
[1787387757188] VD: Output #6780: decoder latency avg=5.4ms max=8.2ms over 60 samples, input bufs avail=10, dropped=0
[1787387758183] VD: Decode stats: input=6840, output=6839, dropped=0, availBufs=10
[1787387758190] VD: Output #6840: decoder latency avg=5.8ms max=9.0ms over 60 samples, input bufs avail=10, dropped=0
[1787387759320] VD: Decode stats: input=6900, output=6897, dropped=0, availBufs=8
[1787387759328] VD: Output #6900: decoder latency avg=5.4ms max=9.9ms over 60 samples, input bufs avail=10, dropped=0
[1787387760323] VD: Decode stats: input=6960, output=6958, dropped=0, availBufs=9
[1787387760329] VD: Output #6960: decoder latency avg=5.4ms max=8.9ms over 60 samples, input bufs avail=10, dropped=0
[1787387761326] VD: Decode stats: input=7020, output=7018, dropped=0, availBufs=9
[1787387761336] VD: Output #7020: decoder latency avg=5.0ms max=10.4ms over 60 samples, input bufs avail=10, dropped=0
[1787387762323] VD: Decode stats: input=7080, output=7078, dropped=0, availBufs=9
[1787387762329] VD: Output #7080: decoder latency avg=5.3ms max=8.1ms over 60 samples, input bufs avail=10, dropped=0
[1787387763328] VD: Decode stats: input=7140, output=7138, dropped=0, availBufs=9
[1787387763335] VD: Output #7140: decoder latency avg=5.0ms max=7.6ms over 60 samples, input bufs avail=9, dropped=0
[1787387764323] VD: Decode stats: input=7200, output=7198, dropped=0, availBufs=9
[1787387764326] VD: Output #7200: decoder latency avg=3.7ms max=7.3ms over 60 samples, input bufs avail=9, dropped=0
[1787387765338] VD: Decode stats: input=7260, output=7259, dropped=0, availBufs=10
[1787387765343] VD: Output #7260: decoder latency avg=3.0ms max=7.0ms over 60 samples, input bufs avail=8, dropped=0
[1787387766324] VD: Decode stats: input=7320, output=7318, dropped=0, availBufs=9
[1787387766331] VD: Output #7320: decoder latency avg=3.6ms max=7.5ms over 60 samples, input bufs avail=10, dropped=0
[1787387767338] VD: Decode stats: input=7380, output=7378, dropped=0, availBufs=9
[1787387767345] VD: Output #7380: decoder latency avg=5.7ms max=8.8ms over 60 samples, input bufs avail=9, dropped=0
[1787387768335] VD: Decode stats: input=7440, output=7437, dropped=0, availBufs=8
[1787387768339] VD: Output #7440: decoder latency avg=5.0ms max=9.3ms over 60 samples, input bufs avail=10, dropped=0
[1787387769332] VD: Decode stats: input=7500, output=7497, dropped=0, availBufs=8
[1787387769336] VD: Output #7500: decoder latency avg=5.2ms max=8.6ms over 60 samples, input bufs avail=9, dropped=0
[1787387770337] VD: Decode stats: input=7560, output=7557, dropped=0, availBufs=8
[1787387770343] VD: Output #7560: decoder latency avg=5.4ms max=9.9ms over 60 samples, input bufs avail=10, dropped=0
[1787387771332] VD: Decode stats: input=7620, output=7617, dropped=0, availBufs=8
[1787387771338] VD: Output #7620: decoder latency avg=5.1ms max=7.4ms over 60 samples, input bufs avail=10, dropped=0
[1787387772348] VD: Decode stats: input=7680, output=7677, dropped=0, availBufs=8
[1787387772353] VD: Output #7680: decoder latency avg=5.3ms max=7.9ms over 60 samples, input bufs avail=8, dropped=0
[1787387773340] VD: Decode stats: input=7740, output=7737, dropped=0, availBufs=8
[1787387773344] VD: Output #7740: decoder latency avg=5.3ms max=10.5ms over 60 samples, input bufs avail=10, dropped=0
[1787387774342] VD: Decode stats: input=7800, output=7797, dropped=0, availBufs=8
[1787387774345] VD: Output #7800: decoder latency avg=5.6ms max=10.0ms over 60 samples, input bufs avail=9, dropped=0
[1787387775344] VD: Decode stats: input=7860, output=7857, dropped=0, availBufs=8
[1787387775352] VD: Output #7860: decoder latency avg=5.7ms max=9.2ms over 60 samples, input bufs avail=9, dropped=0
[1787387776339] VD: Decode stats: input=7920, output=7918, dropped=0, availBufs=9
[1787387776343] VD: Output #7920: decoder latency avg=5.6ms max=9.1ms over 60 samples, input bufs avail=9, dropped=0
[1787387777344] VD: Decode stats: input=7980, output=7978, dropped=0, availBufs=9
[1787387777351] VD: Output #7980: decoder latency avg=5.5ms max=8.0ms over 60 samples, input bufs avail=9, dropped=0
[1787387778346] VD: Decode stats: input=8040, output=8038, dropped=0, availBufs=9
[1787387778352] VD: Output #8040: decoder latency avg=5.0ms max=9.1ms over 60 samples, input bufs avail=9, dropped=0
[1787387779346] VD: Decode stats: input=8100, output=8098, dropped=0, availBufs=9
[1787387779352] VD: Output #8100: decoder latency avg=5.3ms max=7.8ms over 60 samples, input bufs avail=9, dropped=0
[1787387780347] VD: Decode stats: input=8160, output=8158, dropped=0, availBufs=9
[1787387780351] VD: Output #8160: decoder latency avg=5.0ms max=7.5ms over 60 samples, input bufs avail=9, dropped=0
[1787387781348] VD: Decode stats: input=8220, output=8218, dropped=0, availBufs=9
[1787387781353] VD: Output #8220: decoder latency avg=5.1ms max=7.4ms over 60 samples, input bufs avail=9, dropped=0
[1787387782351] VD: Decode stats: input=8280, output=8278, dropped=0, availBufs=9
[1787387782358] VD: Output #8280: decoder latency avg=5.5ms max=9.4ms over 60 samples, input bufs avail=9, dropped=0
[1787387783353] VD: Decode stats: input=8340, output=8338, dropped=0, availBufs=9
[1787387783360] VD: Output #8340: decoder latency avg=5.6ms max=12.2ms over 60 samples, input bufs avail=10, dropped=0
[1787387784354] VD: Decode stats: input=8400, output=8398, dropped=0, availBufs=9
[1787387784361] VD: Output #8400: decoder latency avg=5.3ms max=9.4ms over 60 samples, input bufs avail=9, dropped=0
[1787387785356] VD: Decode stats: input=8460, output=8459, dropped=0, availBufs=10
[1787387785364] VD: Output #8460: decoder latency avg=5.7ms max=9.1ms over 60 samples, input bufs avail=9, dropped=0
[1787387786357] VD: Decode stats: input=8520, output=8518, dropped=0, availBufs=9
[1787387786368] VD: Output #8520: decoder latency avg=5.6ms max=11.2ms over 60 samples, input bufs avail=9, dropped=0
[1787387787356] VD: Decode stats: input=8580, output=8579, dropped=0, availBufs=10
[1787387787362] VD: Output #8580: decoder latency avg=5.3ms max=8.4ms over 60 samples, input bufs avail=9, dropped=0
[1787387788357] VD: Decode stats: input=8640, output=8639, dropped=0, availBufs=10
[1787387788365] VD: Output #8640: decoder latency avg=5.5ms max=8.4ms over 60 samples, input bufs avail=9, dropped=0
[1787387789359] VD: Decode stats: input=8700, output=8699, dropped=0, availBufs=10
[1787387789369] VD: Output #8700: decoder latency avg=5.1ms max=10.6ms over 60 samples, input bufs avail=8, dropped=0
[1787387790359] VD: Decode stats: input=8760, output=8759, dropped=0, availBufs=10
[1787387790368] VD: Output #8760: decoder latency avg=5.3ms max=10.0ms over 60 samples, input bufs avail=8, dropped=0
[1787387791357] VD: Decode stats: input=8820, output=8819, dropped=0, availBufs=10
[1787387791360] VD: Output #8820: decoder latency avg=4.9ms max=8.8ms over 60 samples, input bufs avail=9, dropped=0
[1787387792330] VD: Decode stats: input=8880, output=8879, dropped=0, availBufs=10
[1787387792334] VD: Output #8880: decoder latency avg=2.9ms max=5.1ms over 60 samples, input bufs avail=10, dropped=0
[1787387793368] VD: Decode stats: input=8940, output=8939, dropped=0, availBufs=10
[1787387793374] VD: Output #8940: decoder latency avg=3.5ms max=6.9ms over 60 samples, input bufs avail=9, dropped=0
[1787387794368] VD: Decode stats: input=9000, output=8999, dropped=0, availBufs=10
[1787387794376] VD: Output #9000: decoder latency avg=5.5ms max=10.5ms over 60 samples, input bufs avail=8, dropped=0
[1787387795374] VD: Decode stats: input=9060, output=9059, dropped=0, availBufs=10
[1787387795383] VD: Output #9060: decoder latency avg=5.6ms max=8.5ms over 60 samples, input bufs avail=8, dropped=0
[1787387796367] VD: Decode stats: input=9120, output=9119, dropped=0, availBufs=10
[1787387796372] VD: Output #9120: decoder latency avg=4.6ms max=7.6ms over 60 samples, input bufs avail=8, dropped=0
[1787387797366] VD: Decode stats: input=9180, output=9179, dropped=0, availBufs=10
[1787387797374] VD: Output #9180: decoder latency avg=4.9ms max=8.2ms over 60 samples, input bufs avail=8, dropped=0
[1787387798372] VD: Decode stats: input=9240, output=9239, dropped=0, availBufs=10
[1787387798384] VD: Output #9240: decoder latency avg=5.2ms max=12.3ms over 60 samples, input bufs avail=8, dropped=0
[1787387799332] VD: Decode stats: input=9300, output=9299, dropped=0, availBufs=10
[1787387799337] VD: Output #9300: decoder latency avg=5.3ms max=10.1ms over 60 samples, input bufs avail=10, dropped=0
[1787387800334] VD: Decode stats: input=9360, output=9359, dropped=0, availBufs=10
[1787387800339] VD: Output #9360: decoder latency avg=5.3ms max=9.5ms over 60 samples, input bufs avail=9, dropped=0
[1787387801376] VD: Decode stats: input=9420, output=9419, dropped=0, availBufs=10
[1787387801382] VD: Output #9420: decoder latency avg=5.5ms max=9.9ms over 60 samples, input bufs avail=8, dropped=0
[1787387802379] VD: Decode stats: input=9480, output=9479, dropped=0, availBufs=10
[1787387802386] VD: Output #9480: decoder latency avg=5.4ms max=9.0ms over 60 samples, input bufs avail=8, dropped=0
[1787387803380] VD: Decode stats: input=9540, output=9539, dropped=0, availBufs=10
[1787387803390] VD: Output #9540: decoder latency avg=4.8ms max=11.3ms over 60 samples, input bufs avail=8, dropped=0
[1787387804379] VD: Decode stats: input=9600, output=9599, dropped=0, availBufs=10
[1787387804387] VD: Output #9600: decoder latency avg=5.0ms max=8.9ms over 60 samples, input bufs avail=7, dropped=0
[1787387805382] VD: Decode stats: input=9660, output=9659, dropped=0, availBufs=10
[1787387805385] VD: Output #9660: decoder latency avg=5.5ms max=8.7ms over 60 samples, input bufs avail=8, dropped=0
[1787387806380] VD: Decode stats: input=9720, output=9719, dropped=0, availBufs=10
[1787387806390] VD: Output #9720: decoder latency avg=4.6ms max=10.9ms over 60 samples, input bufs avail=9, dropped=0
[1787387807383] VD: Decode stats: input=9780, output=9779, dropped=0, availBufs=10
[1787387807389] VD: Output #9780: decoder latency avg=5.1ms max=10.1ms over 60 samples, input bufs avail=8, dropped=0
[1787387808382] VD: Decode stats: input=9840, output=9839, dropped=0, availBufs=10
[1787387808392] VD: Output #9840: decoder latency avg=5.2ms max=9.3ms over 60 samples, input bufs avail=9, dropped=0
[1787387809399] VD: Decode stats: input=9900, output=9899, dropped=0, availBufs=10
[1787387809403] VD: Output #9900: decoder latency avg=5.5ms max=9.0ms over 60 samples, input bufs avail=10, dropped=0
[1787387810397] VD: Decode stats: input=9960, output=9959, dropped=0, availBufs=10
[1787387810400] VD: Output #9960: decoder latency avg=5.2ms max=8.5ms over 60 samples, input bufs avail=10, dropped=0
[1787387811400] VD: Decode stats: input=10020, output=10018, dropped=0, availBufs=9
[1787387811404] VD: Output #10020: decoder latency avg=5.5ms max=10.6ms over 60 samples, input bufs avail=10, dropped=0
[1787387812400] VD: Decode stats: input=10080, output=10079, dropped=0, availBufs=10
[1787387812403] VD: Output #10080: decoder latency avg=5.4ms max=8.9ms over 60 samples, input bufs avail=10, dropped=0
[1787387813450] VD: Decode stats: input=10140, output=10139, dropped=0, availBufs=10
[1787387813454] VD: Output #10140: decoder latency avg=5.1ms max=8.4ms over 60 samples, input bufs avail=10, dropped=0
[1787387814451] VD: Decode stats: input=10200, output=10199, dropped=0, availBufs=10
[1787387814458] VD: Output #10200: decoder latency avg=5.3ms max=8.0ms over 60 samples, input bufs avail=9, dropped=0
[1787387815451] VD: Decode stats: input=10260, output=10259, dropped=0, availBufs=10
[1787387815457] VD: Output #10260: decoder latency avg=5.3ms max=8.0ms over 60 samples, input bufs avail=10, dropped=0
[1787387816449] VD: Decode stats: input=10320, output=10319, dropped=0, availBufs=10
[1787387816454] VD: Output #10320: decoder latency avg=4.6ms max=9.3ms over 60 samples, input bufs avail=10, dropped=0
[1787387817448] VD: Decode stats: input=10380, output=10379, dropped=0, availBufs=10
[1787387817452] VD: Output #10380: decoder latency avg=5.1ms max=9.6ms over 60 samples, input bufs avail=10, dropped=0
[1787387818452] VD: Decode stats: input=10440, output=10439, dropped=0, availBufs=10
[1787387818455] VD: Output #10440: decoder latency avg=5.4ms max=10.0ms over 60 samples, input bufs avail=9, dropped=0
[1787387819450] VD: Decode stats: input=10500, output=10499, dropped=0, availBufs=10
[1787387819455] VD: Output #10500: decoder latency avg=4.8ms max=10.0ms over 60 samples, input bufs avail=10, dropped=0
[1787387820448] VD: Decode stats: input=10560, output=10559, dropped=0, availBufs=10
[1787387820453] VD: Output #10560: decoder latency avg=5.3ms max=8.9ms over 60 samples, input bufs avail=10, dropped=0
[1787387821450] VD: Decode stats: input=10620, output=10619, dropped=0, availBufs=10
[1787387821455] VD: Output #10620: decoder latency avg=5.0ms max=8.6ms over 60 samples, input bufs avail=10, dropped=0
[1787387822450] VD: Decode stats: input=10680, output=10679, dropped=0, availBufs=10
[1787387822457] VD: Output #10680: decoder latency avg=5.5ms max=11.8ms over 60 samples, input bufs avail=10, dropped=0
[1787387823447] VD: Decode stats: input=10740, output=10739, dropped=0, availBufs=10
[1787387823450] VD: Output #10740: decoder latency avg=5.1ms max=8.3ms over 60 samples, input bufs avail=10, dropped=0
[1787387824451] VD: Decode stats: input=10800, output=10799, dropped=0, availBufs=10
[1787387824457] VD: Output #10800: decoder latency avg=4.8ms max=7.5ms over 60 samples, input bufs avail=10, dropped=0
[1787387825449] VD: Decode stats: input=10860, output=10859, dropped=0, availBufs=10
[1787387825452] VD: Output #10860: decoder latency avg=4.4ms max=7.3ms over 60 samples, input bufs avail=10, dropped=0
[1787387826450] VD: Decode stats: input=10920, output=10919, dropped=0, availBufs=10
[1787387826455] VD: Output #10920: decoder latency avg=4.2ms max=6.7ms over 60 samples, input bufs avail=10, dropped=0
[1787387827450] VD: Decode stats: input=10980, output=10979, dropped=0, availBufs=10
[1787387827455] VD: Output #10980: decoder latency avg=5.1ms max=8.9ms over 60 samples, input bufs avail=10, dropped=0
[1787387828451] VD: Decode stats: input=11040, output=11039, dropped=0, availBufs=10
[1787387828457] VD: Output #11040: decoder latency avg=5.5ms max=9.2ms over 60 samples, input bufs avail=10, dropped=0
[1787387829450] VD: Decode stats: input=11100, output=11099, dropped=0, availBufs=10
[1787387829454] VD: Output #11100: decoder latency avg=5.6ms max=12.9ms over 60 samples, input bufs avail=10, dropped=0
[1787387830449] VD: Decode stats: input=11160, output=11159, dropped=0, availBufs=10
[1787387830452] VD: Output #11160: decoder latency avg=5.6ms max=9.7ms over 60 samples, input bufs avail=10, dropped=0
[1787387831452] VD: Decode stats: input=11220, output=11219, dropped=0, availBufs=10
[1787387831459] VD: Output #11220: decoder latency avg=5.6ms max=7.6ms over 60 samples, input bufs avail=10, dropped=0
[1787387832454] VD: Decode stats: input=11280, output=11279, dropped=0, availBufs=10
[1787387832459] VD: Output #11280: decoder latency avg=5.2ms max=8.7ms over 60 samples, input bufs avail=10, dropped=0
[1787387833451] VD: Decode stats: input=11340, output=11339, dropped=0, availBufs=10
[1787387833459] VD: Output #11340: decoder latency avg=5.3ms max=8.6ms over 60 samples, input bufs avail=10, dropped=0
[1787387834456] VD: Decode stats: input=11400, output=11399, dropped=0, availBufs=10
[1787387834463] VD: Output #11400: decoder latency avg=5.1ms max=10.2ms over 60 samples, input bufs avail=10, dropped=0
[1787387835452] VD: Decode stats: input=11460, output=11459, dropped=0, availBufs=10
[1787387835457] VD: Output #11460: decoder latency avg=5.2ms max=9.9ms over 60 samples, input bufs avail=10, dropped=0
[1787387836466] VD: Decode stats: input=11520, output=11519, dropped=0, availBufs=10
[1787387836473] VD: Output #11520: decoder latency avg=5.5ms max=9.2ms over 60 samples, input bufs avail=10, dropped=0
[1787387837470] VD: Decode stats: input=11580, output=11579, dropped=0, availBufs=10
[1787387837474] VD: Output #11580: decoder latency avg=5.4ms max=9.0ms over 60 samples, input bufs avail=10, dropped=0
[1787387838468] VD: Decode stats: input=11640, output=11639, dropped=0, availBufs=10
[1787387838474] VD: Output #11640: decoder latency avg=5.6ms max=8.1ms over 60 samples, input bufs avail=10, dropped=0
[1787387839466] VD: Decode stats: input=11700, output=11699, dropped=0, availBufs=10
[1787387839471] VD: Output #11700: decoder latency avg=5.0ms max=8.2ms over 60 samples, input bufs avail=10, dropped=0
[1787387840499] VD: Decode stats: input=11760, output=11759, dropped=0, availBufs=10
[1787387840503] VD: Output #11760: decoder latency avg=5.4ms max=9.6ms over 60 samples, input bufs avail=10, dropped=0
[1787387841502] VD: Decode stats: input=11820, output=11819, dropped=0, availBufs=10
[1787387841507] VD: Output #11820: decoder latency avg=5.3ms max=7.9ms over 60 samples, input bufs avail=10, dropped=0
[1787387842499] VD: Decode stats: input=11880, output=11879, dropped=0, availBufs=10
[1787387842505] VD: Output #11880: decoder latency avg=5.1ms max=7.9ms over 60 samples, input bufs avail=10, dropped=0
[1787387843498] VD: Decode stats: input=11940, output=11939, dropped=0, availBufs=10
[1787387843502] VD: Output #11940: decoder latency avg=4.9ms max=7.1ms over 60 samples, input bufs avail=10, dropped=0
[1787387844497] VD: Decode stats: input=12000, output=11999, dropped=0, availBufs=10
[1787387844500] VD: Output #12000: decoder latency avg=5.2ms max=9.0ms over 60 samples, input bufs avail=10, dropped=0
[1787387845498] VD: Decode stats: input=12060, output=12059, dropped=0, availBufs=10
[1787387845502] VD: Output #12060: decoder latency avg=5.6ms max=10.5ms over 60 samples, input bufs avail=10, dropped=0
[1787387846500] VD: Decode stats: input=12120, output=12119, dropped=0, availBufs=10
[1787387846506] VD: Output #12120: decoder latency avg=5.5ms max=8.3ms over 60 samples, input bufs avail=10, dropped=0
[1787387847501] VD: Decode stats: input=12180, output=12179, dropped=0, availBufs=10
[1787387847508] VD: Output #12180: decoder latency avg=5.7ms max=12.6ms over 60 samples, input bufs avail=10, dropped=0
[1787387848499] VD: Decode stats: input=12240, output=12239, dropped=0, availBufs=10
[1787387848503] VD: Output #12240: decoder latency avg=5.4ms max=9.6ms over 60 samples, input bufs avail=10, dropped=0
[1787387849499] VD: Decode stats: input=12300, output=12299, dropped=0, availBufs=10
[1787387849504] VD: Output #12300: decoder latency avg=5.3ms max=8.5ms over 60 samples, input bufs avail=10, dropped=0
[1787387850512] VD: Decode stats: input=12360, output=12359, dropped=0, availBufs=10
[1787387850518] VD: Output #12360: decoder latency avg=5.3ms max=8.7ms over 60 samples, input bufs avail=9, dropped=0
[1787387851499] VD: Decode stats: input=12420, output=12419, dropped=0, availBufs=10
[1787387851505] VD: Output #12420: decoder latency avg=5.3ms max=9.9ms over 60 samples, input bufs avail=10, dropped=0
[1787387852497] VD: Decode stats: input=12480, output=12479, dropped=0, availBufs=10
[1787387852502] VD: Output #12480: decoder latency avg=4.7ms max=9.0ms over 60 samples, input bufs avail=10, dropped=0
[1787387853499] VD: Decode stats: input=12540, output=12539, dropped=0, availBufs=10
[1787387853505] VD: Output #12540: decoder latency avg=5.1ms max=9.3ms over 60 samples, input bufs avail=9, dropped=0
[1787387854500] VD: Decode stats: input=12600, output=12599, dropped=0, availBufs=10
[1787387854507] VD: Output #12600: decoder latency avg=5.3ms max=7.5ms over 60 samples, input bufs avail=10, dropped=0
[1787387855499] VD: Decode stats: input=12660, output=12659, dropped=0, availBufs=10
[1787387855504] VD: Output #12660: decoder latency avg=5.8ms max=10.1ms over 60 samples, input bufs avail=10, dropped=0
[1787387856498] VD: Decode stats: input=12720, output=12719, dropped=0, availBufs=10
[1787387856502] VD: Output #12720: decoder latency avg=5.2ms max=8.5ms over 60 samples, input bufs avail=10, dropped=0
[1787387857500] VD: Decode stats: input=12780, output=12779, dropped=0, availBufs=10
[1787387857506] VD: Output #12780: decoder latency avg=5.0ms max=9.0ms over 60 samples, input bufs avail=10, dropped=0
[1787387858499] VD: Decode stats: input=12840, output=12839, dropped=0, availBufs=10
[1787387858504] VD: Output #12840: decoder latency avg=5.2ms max=7.6ms over 60 samples, input bufs avail=10, dropped=0
[1787387859498] VD: Decode stats: input=12900, output=12899, dropped=0, availBufs=10
[1787387859501] VD: Output #12900: decoder latency avg=4.8ms max=7.2ms over 60 samples, input bufs avail=10, dropped=0
[1787387860501] VD: Decode stats: input=12960, output=12959, dropped=0, availBufs=10
[1787387860507] VD: Output #12960: decoder latency avg=5.0ms max=7.3ms over 60 samples, input bufs avail=10, dropped=0
[1787387861500] VD: Decode stats: input=13020, output=13019, dropped=0, availBufs=10
[1787387861506] VD: Output #13020: decoder latency avg=5.2ms max=9.6ms over 60 samples, input bufs avail=10, dropped=0
[1787387862500] VD: Decode stats: input=13080, output=13079, dropped=0, availBufs=10
[1787387862506] VD: Output #13080: decoder latency avg=5.4ms max=8.7ms over 60 samples, input bufs avail=10, dropped=0
[1787387863500] VD: Decode stats: input=13140, output=13139, dropped=0, availBufs=10
[1787387863507] VD: Output #13140: decoder latency avg=5.1ms max=8.7ms over 60 samples, input bufs avail=10, dropped=0
[1787387864498] VD: Decode stats: input=13200, output=13199, dropped=0, availBufs=10
[1787387864502] VD: Output #13200: decoder latency avg=5.5ms max=9.4ms over 60 samples, input bufs avail=10, dropped=0
[1787387865498] VD: Decode stats: input=13260, output=13259, dropped=0, availBufs=10
[1787387865502] VD: Output #13260: decoder latency avg=5.6ms max=8.9ms over 60 samples, input bufs avail=10, dropped=0
[1787387866498] VD: Decode stats: input=13320, output=13319, dropped=0, availBufs=10
[1787387866501] VD: Output #13320: decoder latency avg=4.5ms max=7.5ms over 60 samples, input bufs avail=10, dropped=0
[1787387867500] VD: Decode stats: input=13380, output=13379, dropped=0, availBufs=10
[1787387867506] VD: Output #13380: decoder latency avg=5.2ms max=7.7ms over 60 samples, input bufs avail=10, dropped=0
[1787387868500] VD: Decode stats: input=13440, output=13439, dropped=0, availBufs=10
[1787387868506] VD: Output #13440: decoder latency avg=5.1ms max=8.2ms over 60 samples, input bufs avail=9, dropped=0
[1787387869500] VD: Decode stats: input=13500, output=13499, dropped=0, availBufs=10
[1787387869507] VD: Output #13500: decoder latency avg=5.2ms max=9.2ms over 60 samples, input bufs avail=10, dropped=0
[1787387870499] VD: Decode stats: input=13560, output=13559, dropped=0, availBufs=10
[1787387870504] VD: Output #13560: decoder latency avg=5.5ms max=11.3ms over 60 samples, input bufs avail=10, dropped=0
[1787387871499] VD: Decode stats: input=13620, output=13619, dropped=0, availBufs=10
[1787387871505] VD: Output #13620: decoder latency avg=5.7ms max=9.6ms over 60 samples, input bufs avail=10, dropped=0
[1787387872500] VD: Decode stats: input=13680, output=13679, dropped=0, availBufs=10
[1787387872505] VD: Output #13680: decoder latency avg=5.4ms max=9.2ms over 60 samples, input bufs avail=10, dropped=0
[1787387873499] VD: Decode stats: input=13740, output=13739, dropped=0, availBufs=10
[1787387873503] VD: Output #13740: decoder latency avg=5.3ms max=9.0ms over 60 samples, input bufs avail=10, dropped=0
[1787387874501] VD: Decode stats: input=13800, output=13799, dropped=0, availBufs=10
[1787387874504] VD: Output #13800: decoder latency avg=5.3ms max=8.8ms over 60 samples, input bufs avail=10, dropped=0
[1787387875499] VD: Decode stats: input=13860, output=13859, dropped=0, availBufs=10
[1787387875505] VD: Output #13860: decoder latency avg=5.5ms max=7.9ms over 60 samples, input bufs avail=10, dropped=0
[1787387876499] VD: Decode stats: input=13920, output=13919, dropped=0, availBufs=10
[1787387876503] VD: Output #13920: decoder latency avg=5.0ms max=8.0ms over 60 samples, input bufs avail=10, dropped=0
[1787387877513] VD: Decode stats: input=13980, output=13979, dropped=0, availBufs=10
[1787387877516] VD: Output #13980: decoder latency avg=4.8ms max=10.4ms over 60 samples, input bufs avail=10, dropped=0
[1787387878531] VD: Decode stats: input=14040, output=14039, dropped=0, availBufs=10
[1787387878536] VD: Output #14040: decoder latency avg=5.5ms max=12.1ms over 60 samples, input bufs avail=10, dropped=0
[1787387879531] VD: Decode stats: input=14100, output=14099, dropped=0, availBufs=10
[1787387879536] VD: Output #14100: decoder latency avg=5.4ms max=9.8ms over 60 samples, input bufs avail=10, dropped=0
[1787387880542] VD: Decode stats: input=14160, output=14159, dropped=0, availBufs=10
[1787387880548] VD: Output #14160: decoder latency avg=5.3ms max=8.4ms over 60 samples, input bufs avail=10, dropped=0
[1787387881532] VD: Decode stats: input=14220, output=14219, dropped=0, availBufs=10
[1787387881536] VD: Output #14220: decoder latency avg=5.7ms max=10.4ms over 60 samples, input bufs avail=10, dropped=0
[1787387882533] VD: Decode stats: input=14280, output=14279, dropped=0, availBufs=10
[1787387882538] VD: Output #14280: decoder latency avg=5.2ms max=7.7ms over 60 samples, input bufs avail=10, dropped=0
[1787387883530] VD: Decode stats: input=14340, output=14339, dropped=0, availBufs=10
[1787387883534] VD: Output #14340: decoder latency avg=5.2ms max=9.4ms over 60 samples, input bufs avail=10, dropped=0
[1787387884535] VD: Decode stats: input=14400, output=14399, dropped=0, availBufs=10
[1787387884539] VD: Output #14400: decoder latency avg=4.8ms max=8.0ms over 60 samples, input bufs avail=10, dropped=0
[1787387885534] VD: Decode stats: input=14460, output=14459, dropped=0, availBufs=10
[1787387885539] VD: Output #14460: decoder latency avg=5.2ms max=7.9ms over 60 samples, input bufs avail=10, dropped=0
[1787387886549] VD: Decode stats: input=14520, output=14519, dropped=0, availBufs=10
[1787387886553] VD: Output #14520: decoder latency avg=4.4ms max=8.3ms over 60 samples, input bufs avail=10, dropped=0
[1787387887574] VD: Decode stats: input=14580, output=14579, dropped=0, availBufs=10
[1787387887578] VD: Output #14580: decoder latency avg=4.5ms max=8.2ms over 60 samples, input bufs avail=10, dropped=0
[1787387888566] VD: Decode stats: input=14640, output=14639, dropped=0, availBufs=10
[1787387888571] VD: Output #14640: decoder latency avg=5.2ms max=8.5ms over 60 samples, input bufs avail=10, dropped=0
[1787387889567] VD: Decode stats: input=14700, output=14699, dropped=0, availBufs=10
[1787387889573] VD: Output #14700: decoder latency avg=5.5ms max=9.5ms over 60 samples, input bufs avail=10, dropped=0
[1787387890566] VD: Decode stats: input=14760, output=14759, dropped=0, availBufs=10
[1787387890572] VD: Output #14760: decoder latency avg=5.4ms max=9.1ms over 60 samples, input bufs avail=10, dropped=0
[1787387891566] VD: Decode stats: input=14820, output=14819, dropped=0, availBufs=10
[1787387891573] VD: Output #14820: decoder latency avg=5.6ms max=9.7ms over 60 samples, input bufs avail=10, dropped=0
[1787387892565] VD: Decode stats: input=14880, output=14879, dropped=0, availBufs=10
[1787387892569] VD: Output #14880: decoder latency avg=5.2ms max=8.7ms over 60 samples, input bufs avail=9, dropped=0
[1787387893567] VD: Decode stats: input=14940, output=14939, dropped=0, availBufs=10
[1787387893571] VD: Output #14940: decoder latency avg=5.2ms max=7.9ms over 60 samples, input bufs avail=10, dropped=0
[1787387894882] VD: Decode stats: input=15000, output=14999, dropped=0, availBufs=10
[1787387894890] VD: Output #15000: decoder latency avg=5.3ms max=12.6ms over 60 samples, input bufs avail=10, dropped=0
[1787387895883] VD: Decode stats: input=15060, output=15059, dropped=0, availBufs=10
[1787387895888] VD: Output #15060: decoder latency avg=5.1ms max=10.4ms over 60 samples, input bufs avail=10, dropped=0
[1787387896884] VD: Decode stats: input=15120, output=15119, dropped=0, availBufs=10
[1787387896890] VD: Output #15120: decoder latency avg=5.1ms max=7.4ms over 60 samples, input bufs avail=10, dropped=0
[1787387897881] VD: Decode stats: input=15180, output=15179, dropped=0, availBufs=10
[1787387897887] VD: Output #15180: decoder latency avg=5.3ms max=9.0ms over 60 samples, input bufs avail=10, dropped=0
[1787387898881] VD: Decode stats: input=15240, output=15239, dropped=0, availBufs=10
[1787387898884] VD: Output #15240: decoder latency avg=4.7ms max=7.9ms over 60 samples, input bufs avail=10, dropped=0
[1787387899884] VD: Decode stats: input=15300, output=15299, dropped=0, availBufs=10
[1787387899890] VD: Output #15300: decoder latency avg=5.2ms max=9.4ms over 60 samples, input bufs avail=10, dropped=0
[1787387900897] VD: Decode stats: input=15360, output=15359, dropped=0, availBufs=10
[1787387900901] VD: Output #15360: decoder latency avg=5.1ms max=8.7ms over 60 samples, input bufs avail=10, dropped=0
[1787387901900] VD: Decode stats: input=15420, output=15419, dropped=0, availBufs=10
[1787387901905] VD: Output #15420: decoder latency avg=5.2ms max=9.0ms over 60 samples, input bufs avail=10, dropped=0
[1787387902898] VD: Decode stats: input=15480, output=15479, dropped=0, availBufs=10
[1787387902903] VD: Output #15480: decoder latency avg=4.9ms max=8.5ms over 60 samples, input bufs avail=10, dropped=0
[1787387903899] VD: Decode stats: input=15540, output=15539, dropped=0, availBufs=10
[1787387903903] VD: Output #15540: decoder latency avg=5.1ms max=9.4ms over 60 samples, input bufs avail=10, dropped=0
[1787387904900] VD: Decode stats: input=15600, output=15599, dropped=0, availBufs=10
[1787387904907] VD: Output #15600: decoder latency avg=5.2ms max=8.0ms over 60 samples, input bufs avail=10, dropped=0
[1787387905900] VD: Decode stats: input=15660, output=15659, dropped=0, availBufs=10
[1787387905905] VD: Output #15660: decoder latency avg=5.0ms max=11.0ms over 60 samples, input bufs avail=10, dropped=0
[1787387906899] VD: Decode stats: input=15720, output=15719, dropped=0, availBufs=10
[1787387906904] VD: Output #15720: decoder latency avg=5.0ms max=7.9ms over 60 samples, input bufs avail=9, dropped=0
[1787387907922] VD: Decode stats: input=15780, output=15779, dropped=0, availBufs=10
[1787387907927] VD: Output #15780: decoder latency avg=5.6ms max=15.1ms over 60 samples, input bufs avail=9, dropped=0
[1787387908949] VD: Decode stats: input=15840, output=15839, dropped=0, availBufs=10
[1787387908956] VD: Output #15840: decoder latency avg=4.7ms max=8.4ms over 60 samples, input bufs avail=10, dropped=0
[1787387909949] VD: Decode stats: input=15900, output=15899, dropped=0, availBufs=10
[1787387909956] VD: Output #15900: decoder latency avg=5.4ms max=8.8ms over 60 samples, input bufs avail=9, dropped=0
[1787387910950] VD: Decode stats: input=15960, output=15959, dropped=0, availBufs=10
[1787387910956] VD: Output #15960: decoder latency avg=5.4ms max=11.4ms over 60 samples, input bufs avail=10, dropped=0
[1787387911949] VD: Decode stats: input=16020, output=16019, dropped=0, availBufs=10
[1787387911955] VD: Output #16020: decoder latency avg=5.5ms max=11.9ms over 60 samples, input bufs avail=10, dropped=0
[1787387912948] VD: Decode stats: input=16080, output=16079, dropped=0, availBufs=10
[1787387912956] VD: Output #16080: decoder latency avg=5.2ms max=8.3ms over 60 samples, input bufs avail=10, dropped=0
[1787387913950] VD: Decode stats: input=16140, output=16139, dropped=0, availBufs=10
[1787387913957] VD: Output #16140: decoder latency avg=5.1ms max=7.9ms over 60 samples, input bufs avail=10, dropped=0
[1787387914949] VD: Decode stats: input=16200, output=16199, dropped=0, availBufs=10
[1787387914954] VD: Output #16200: decoder latency avg=5.5ms max=12.5ms over 60 samples, input bufs avail=10, dropped=0
[1787387915951] VD: Decode stats: input=16260, output=16259, dropped=0, availBufs=10
[1787387915956] VD: Output #16260: decoder latency avg=5.4ms max=9.3ms over 60 samples, input bufs avail=10, dropped=0
[1787387916950] VD: Decode stats: input=16320, output=16319, dropped=0, availBufs=10
[1787387916954] VD: Output #16320: decoder latency avg=5.1ms max=8.0ms over 60 samples, input bufs avail=10, dropped=0
[1787387917951] VD: Decode stats: input=16380, output=16379, dropped=0, availBufs=10
[1787387917956] VD: Output #16380: decoder latency avg=4.9ms max=9.7ms over 60 samples, input bufs avail=10, dropped=0
[1787387918969] VD: Decode stats: input=16440, output=16439, dropped=0, availBufs=10
[1787387918976] VD: Output #16440: decoder latency avg=5.1ms max=8.6ms over 60 samples, input bufs avail=10, dropped=0
[1787387919965] VD: Decode stats: input=16500, output=16499, dropped=0, availBufs=10
[1787387919969] VD: Output #16500: decoder latency avg=5.3ms max=8.8ms over 60 samples, input bufs avail=10, dropped=0
[1787387920964] VD: Decode stats: input=16560, output=16559, dropped=0, availBufs=10
[1787387920968] VD: Output #16560: decoder latency avg=5.2ms max=10.3ms over 60 samples, input bufs avail=9, dropped=0
[1787387921966] VD: Decode stats: input=16620, output=16619, dropped=0, availBufs=10
[1787387921971] VD: Output #16620: decoder latency avg=5.6ms max=10.1ms over 60 samples, input bufs avail=10, dropped=0
[1787387922974] VD: Decode stats: input=16680, output=16679, dropped=0, availBufs=10
[1787387922980] VD: Output #16680: decoder latency avg=5.6ms max=11.2ms over 60 samples, input bufs avail=10, dropped=0
[1787387923971] VD: Decode stats: input=16740, output=16739, dropped=0, availBufs=10
[1787387923975] VD: Output #16740: decoder latency avg=5.3ms max=10.6ms over 60 samples, input bufs avail=10, dropped=0
[1787387924990] VD: Decode stats: input=16800, output=16799, dropped=0, availBufs=10
[1787387924996] VD: Output #16800: decoder latency avg=5.4ms max=8.9ms over 60 samples, input bufs avail=10, dropped=0
[1787387925984] VD: Decode stats: input=16860, output=16859, dropped=0, availBufs=10
[1787387925991] VD: Output #16860: decoder latency avg=4.6ms max=7.7ms over 60 samples, input bufs avail=10, dropped=0
[1787387927003] VD: Decode stats: input=16920, output=16919, dropped=0, availBufs=10
[1787387927006] VD: Output #16920: decoder latency avg=5.0ms max=9.7ms over 60 samples, input bufs avail=10, dropped=0
[1787387928090] VD: Decode stats: input=16980, output=16979, dropped=0, availBufs=10
[1787387928098] VD: Output #16980: decoder latency avg=5.6ms max=9.0ms over 60 samples, input bufs avail=10, dropped=0
[1787387929123] VD: Decode stats: input=17040, output=17039, dropped=0, availBufs=10
[1787387929129] VD: Output #17040: decoder latency avg=5.6ms max=9.7ms over 60 samples, input bufs avail=10, dropped=0
[1787387930118] VD: Decode stats: input=17100, output=17099, dropped=0, availBufs=10
[1787387930122] VD: Output #17100: decoder latency avg=5.3ms max=8.6ms over 60 samples, input bufs avail=10, dropped=0
[1787387931122] VD: Decode stats: input=17160, output=17159, dropped=0, availBufs=10
[1787387931127] VD: Output #17160: decoder latency avg=5.4ms max=8.8ms over 60 samples, input bufs avail=10, dropped=0
[1787387932124] VD: Decode stats: input=17220, output=17219, dropped=0, availBufs=10
[1787387932128] VD: Output #17220: decoder latency avg=5.3ms max=10.6ms over 60 samples, input bufs avail=10, dropped=0
[1787387933155] VD: Decode stats: input=17280, output=17279, dropped=0, availBufs=10
[1787387933161] VD: Output #17280: decoder latency avg=5.5ms max=8.5ms over 60 samples, input bufs avail=10, dropped=0
[1787387934154] VD: Decode stats: input=17340, output=17339, dropped=0, availBufs=10
[1787387934158] VD: Output #17340: decoder latency avg=5.2ms max=9.0ms over 60 samples, input bufs avail=10, dropped=0
[1787387935151] VD: Decode stats: input=17400, output=17399, dropped=0, availBufs=10
[1787387935155] VD: Output #17400: decoder latency avg=5.3ms max=8.4ms over 60 samples, input bufs avail=10, dropped=0
[1787387936151] VD: Decode stats: input=17460, output=17459, dropped=0, availBufs=10
[1787387936156] VD: Output #17460: decoder latency avg=5.5ms max=8.7ms over 60 samples, input bufs avail=10, dropped=0
[1787387937150] VD: Decode stats: input=17520, output=17519, dropped=0, availBufs=10
[1787387937157] VD: Output #17520: decoder latency avg=5.4ms max=8.8ms over 60 samples, input bufs avail=10, dropped=0
[1787387938170] VD: Decode stats: input=17580, output=17579, dropped=0, availBufs=10
[1787387938174] VD: Output #17580: decoder latency avg=5.3ms max=9.9ms over 60 samples, input bufs avail=10, dropped=0
[1787387939173] VD: Decode stats: input=17640, output=17639, dropped=0, availBufs=10
[1787387939178] VD: Output #17640: decoder latency avg=4.8ms max=9.0ms over 60 samples, input bufs avail=10, dropped=0
[1787387940172] VD: Decode stats: input=17700, output=17699, dropped=0, availBufs=10
[1787387940177] VD: Output #17700: decoder latency avg=5.6ms max=11.9ms over 60 samples, input bufs avail=10, dropped=0
[1787387941173] VD: Decode stats: input=17760, output=17759, dropped=0, availBufs=10
[1787387941178] VD: Output #17760: decoder latency avg=5.5ms max=8.5ms over 60 samples, input bufs avail=10, dropped=0
[1787387942171] VD: Decode stats: input=17820, output=17819, dropped=0, availBufs=10
[1787387942174] VD: Output #17820: decoder latency avg=5.5ms max=11.4ms over 60 samples, input bufs avail=10, dropped=0
[1787387943168] VD: Decode stats: input=17880, output=17879, dropped=0, availBufs=10
[1787387943174] VD: Output #17880: decoder latency avg=5.2ms max=9.5ms over 60 samples, input bufs avail=10, dropped=0
[1787387944168] VD: Decode stats: input=17940, output=17939, dropped=0, availBufs=10
[1787387944174] VD: Output #17940: decoder latency avg=4.5ms max=9.3ms over 60 samples, input bufs avail=9, dropped=0
[1787387945168] VD: Decode stats: input=18000, output=17999, dropped=0, availBufs=10
[1787387945174] VD: Output #18000: decoder latency avg=5.1ms max=7.5ms over 60 samples, input bufs avail=10, dropped=0
[1787387946172] VD: Decode stats: input=18060, output=18059, dropped=0, availBufs=10
[1787387946176] VD: Output #18060: decoder latency avg=5.3ms max=8.1ms over 60 samples, input bufs avail=10, dropped=0
[1787387947171] VD: Decode stats: input=18120, output=18119, dropped=0, availBufs=10
[1787387947174] VD: Output #18120: decoder latency avg=5.0ms max=9.0ms over 60 samples, input bufs avail=10, dropped=0
[1787387948171] VD: Decode stats: input=18180, output=18179, dropped=0, availBufs=10
[1787387948178] VD: Output #18180: decoder latency avg=3.9ms max=7.1ms over 60 samples, input bufs avail=10, dropped=0
[1787387949172] VD: Decode stats: input=18240, output=18239, dropped=0, availBufs=10
[1787387949179] VD: Output #18240: decoder latency avg=5.3ms max=8.6ms over 60 samples, input bufs avail=10, dropped=0
[1787387950180] VD: Decode stats: input=18300, output=18299, dropped=0, availBufs=10
[1787387950184] VD: Output #18300: decoder latency avg=5.3ms max=8.0ms over 60 samples, input bufs avail=10, dropped=0
[1787387951183] VD: Decode stats: input=18360, output=18359, dropped=0, availBufs=10
[1787387951189] VD: Output #18360: decoder latency avg=5.4ms max=9.1ms over 60 samples, input bufs avail=10, dropped=0
[1787387952203] VD: Decode stats: input=18420, output=18419, dropped=0, availBufs=10
[1787387952209] VD: Output #18420: decoder latency avg=5.7ms max=8.2ms over 60 samples, input bufs avail=9, dropped=0
[1787387953206] VD: Decode stats: input=18480, output=18479, dropped=0, availBufs=10
[1787387953209] VD: Output #18480: decoder latency avg=5.3ms max=8.3ms over 60 samples, input bufs avail=10, dropped=0
[1787387954202] VD: Decode stats: input=18540, output=18539, dropped=0, availBufs=10
[1787387954208] VD: Output #18540: decoder latency avg=4.9ms max=9.2ms over 60 samples, input bufs avail=10, dropped=0
[1787387955217] VD: Decode stats: input=18600, output=18599, dropped=0, availBufs=10
[1787387955223] VD: Output #18600: decoder latency avg=5.6ms max=9.2ms over 60 samples, input bufs avail=10, dropped=0
[1787387956217] VD: Decode stats: input=18660, output=18659, dropped=0, availBufs=10
[1787387956223] VD: Output #18660: decoder latency avg=5.2ms max=8.3ms over 60 samples, input bufs avail=10, dropped=0
[1787387957234] VD: Decode stats: input=18720, output=18719, dropped=0, availBufs=10
[1787387957240] VD: Output #18720: decoder latency avg=5.1ms max=10.7ms over 60 samples, input bufs avail=10, dropped=0
[1787387958231] VD: Decode stats: input=18780, output=18779, dropped=0, availBufs=10
[1787387958234] VD: Output #18780: decoder latency avg=5.5ms max=9.2ms over 60 samples, input bufs avail=10, dropped=0
[1787387959283] VD: Decode stats: input=18840, output=18839, dropped=0, availBufs=10
[1787387959286] VD: Output #18840: decoder latency avg=5.4ms max=8.2ms over 60 samples, input bufs avail=10, dropped=0
[1787387960284] VD: Decode stats: input=18900, output=18899, dropped=0, availBufs=10
[1787387960289] VD: Output #18900: decoder latency avg=5.1ms max=7.7ms over 60 samples, input bufs avail=10, dropped=0
[1787387961283] VD: Decode stats: input=18960, output=18959, dropped=0, availBufs=10
[1787387961289] VD: Output #18960: decoder latency avg=5.4ms max=8.5ms over 60 samples, input bufs avail=9, dropped=0
[1787387962317] VD: Decode stats: input=19020, output=19019, dropped=0, availBufs=10
[1787387962322] VD: Output #19020: decoder latency avg=5.4ms max=9.3ms over 60 samples, input bufs avail=9, dropped=0
